pair,interval,strategy,trades_full,net_full,win_full,pf_full,dd_full,mfe_full,trades_recent,net_recent,win_recent,pf_recent,score,verdict,cost_model,side_cost_pct
COQUSD,3,freqai_mtf_momentum_accel,8,0.059061982092637466,0.5,1.8178744023684807,-0.0357810711377499,0.030135037388832553,5,0.00356348209263746,0.4,1.065794852201096,0.07195067321422251,KEEP,taker_like,0.0031
COQUSD,3,freqai_mtf_momentum_breakout_trail,4,0.09611560149933152,0.5,3.661965865326156,-0.018053500000000024,0.04101768127464006,3,-0.01283498219967616,0.3333333333333333,0.6445292547241211,0.08488982835992634,KILL,taker_like,0.0031
GIGAUSD,3,freqai_mtf_volume_spike_trend,8,0.012752004577385567,0.625,1.2821964171642632,-0.025380181662339147,0.01417650794525352,3,0.02826743280695898,0.6666666666666666,2.8766386599409874,0.05801802814616098,KILL,taker_like,0.0031
COQUSD,3,freqai_mtf_higher_low_structure,6,0.0352502596804819,0.5,2.130791832030139,-0.015062800000000017,0.03233516542469328,4,0.009490735645486303,0.5,1.3150388920216143,0.056969663176169055,KILL,taker_like,0.0031
COQUSD,3,adaptive_higher_low,4,0.023488400000000076,0.5,1.898630346621776,-0.013068999999999945,0.04195733081142228,2,0.011744200000000093,0.5,1.898630346621784,0.04647438578758657,KILL,taker_like,0.0031
COQUSD,5,adaptive_higher_low,4,0.023488400000000076,0.5,1.8986303466217835,-0.013069000000000002,0.01944583417066964,3,-0.0013248000000000149,0.3333333333333333,0.9493151733108876,0.026870885787586445,KILL,taker_like,0.0031
COQUSD,3,freqai_mtf_rsi_thrust,2,0.005885182092637331,0.5,1.3907097015586316,0.0,0.012061381328436815,2,0.005885182092637331,0.5,1.3907097015586316,0.0163472385630405,KILL,taker_like,0.0031
GIGAUSD,3,adaptive_pullback_resume,0,0.0,0.0,0.0,0.0,0.0,0,0.0,0.0,0.0,0.0,KILL,taker_like,0.0031
DOGUSD,3,freqai_mtf_triple_confluence,0,0.0,0.0,0.0,0.0,0.0,0,0.0,0.0,0.0,0.0,KILL,taker_like,0.0031
DOGUSD,3,adaptive_breakout_trail,0,0.0,0.0,0.0,0.0,0.0,0,0.0,0.0,0.0,0.0,KILL,taker_like,0.0031
DOGUSD,3,adaptive_pullback_resume,0,0.0,0.0,0.0,0.0,0.0,0,0.0,0.0,0.0,0.0,KILL,taker_like,0.0031
COQUSD,3,freqai_mtf_triple_confluence,0,0.0,0.0,0.0,0.0,0.0,0,0.0,0.0,0.0,0.0,KILL,taker_like,0.0031
COQUSD,3,adaptive_breakout_trail,0,0.0,0.0,0.0,0.0,0.0,0,0.0,0.0,0.0,0.0,KILL,taker_like,0.0031
COQUSD,3,adaptive_pullback_resume,0,0.0,0.0,0.0,0.0,0.0,0,0.0,0.0,0.0,0.0,KILL,taker_like,0.0031
COQUSD,3,adaptive_regime_switch,0,0.0,0.0,0.0,0.0,0.0,0,0.0,0.0,0.0,0.0,KILL,taker_like,0.0031
HYPEUSD,3,adaptive_breakout_trail,0,0.0,0.0,0.0,0.0,0.0,0,0.0,0.0,0.0,0.0,KILL,taker_like,0.0031
HYPEUSD,3,adaptive_pullback_resume,0,0.0,0.0,0.0,0.0,0.0,0,0.0,0.0,0.0,0.0,KILL,taker_like,0.0031
GIGAUSD,5,adaptive_pullback_resume,0,0.0,0.0,0.0,0.0,0.0,0,0.0,0.0,0.0,0.0,KILL,taker_like,0.0031
DOGUSD,5,adaptive_breakout_trail,0,0.0,0.0,0.0,0.0,0.0,0,0.0,0.0,0.0,0.0,KILL,taker_like,0.0031
DOGUSD,5,adaptive_volume_spike_leader,0,0.0,0.0,0.0,0.0,0.0,0,0.0,0.0,0.0,0.0,KILL,taker_like,0.0031
DOGUSD,5,adaptive_pullback_resume,0,0.0,0.0,0.0,0.0,0.0,0,0.0,0.0,0.0,0.0,KILL,taker_like,0.0031
DOGUSD,5,adaptive_consensus2,0,0.0,0.0,0.0,0.0,0.0,0,0.0,0.0,0.0,0.0,KILL,taker_like,0.0031
COQUSD,5,freqai_mtf_triple_confluence,0,0.0,0.0,0.0,0.0,0.0,0,0.0,0.0,0.0,0.0,KILL,taker_like,0.0031
COQUSD,5,freqai_mtf_quiet_then_burst,0,0.0,0.0,0.0,0.0,0.0,0,0.0,0.0,0.0,0.0,KILL,taker_like,0.0031
COQUSD,5,adaptive_breakout_trail,0,0.0,0.0,0.0,0.0,0.0,0,0.0,0.0,0.0,0.0,KILL,taker_like,0.0031
COQUSD,5,adaptive_quiet_burst,0,0.0,0.0,0.0,0.0,0.0,0,0.0,0.0,0.0,0.0,KILL,taker_like,0.0031
COQUSD,5,adaptive_pullback_resume,0,0.0,0.0,0.0,0.0,0.0,0,0.0,0.0,0.0,0.0,KILL,taker_like,0.0031
HYPEUSD,5,adaptive_breakout_trail,0,0.0,0.0,0.0,0.0,0.0,0,0.0,0.0,0.0,0.0,KILL,taker_like,0.0031
HYPEUSD,5,adaptive_pullback_resume,0,0.0,0.0,0.0,0.0,0.0,0,0.0,0.0,0.0,0.0,KILL,taker_like,0.0031
COQUSD,5,freqai_mtf_rsi_thrust,2,0.01672869999999982,0.5,2.110596967363282,-0.015062800000000235,0.019385997158807622,1,-0.015062800000000154,0.0,0.0,-0.0022951339930384527,KILL,taker_like,0.0031
COQUSD,3,adaptive_volume_spike_leader,2,0.013737999999999917,0.5,2.0511898385492238,-0.0130690000000001,0.06181768720356717,1,-0.013069000000000108,0.0,0.0,-0.0024203199418199187,KILL,taker_like,0.0031
GIGAUSD,3,adaptive_breakout_trail,2,-0.0028765137585351486,0.5,0.8090319357267466,0.0,0.011760998531670341,0,0.0,0.0,0.0,-0.003932150535873385,KILL,taker_like,0.0031
GIGAUSD,3,freqai_mtf_rsi_thrust,7,-0.015388149027609987,0.42857142857142855,0.7034551768261177,-0.021664910411272373,0.009102283787872003,4,0.01007965858516624,0.5,1.4630945190449123,-0.004345375362796393,KILL,taker_like,0.0031
HYPEUSD,5,adaptive_quiet_burst,3,-0.008283958732712593,0.6666666666666666,0.36613675623899344,0.0,0.004288586869233946,1,0.0036404323069074707,1.0,inf,-0.008129502912913856,KILL,taker_like,0.0031
DOGUSD,5,freqai_mtf_triple_confluence,1,-0.00901762101709258,0.0,0.0,0.0,0.006394923596033886,0,0.0,0.0,0.0,-0.00901762101709258,KILL,taker_like,0.0031
COQUSD,5,freqai_mtf_momentum_accel,9,0.003739124663627247,0.4444444444444444,1.0414227120904782,-0.053188597569964635,0.0197710865741128,5,-0.00932509501518175,0.4,0.8278247982352132,-0.009725989357593987,KILL,taker_like,0.0031
GIGAUSD,5,freqai_mtf_volume_spike_trend,6,-0.016040907102761626,0.3333333333333333,0.6820667773048807,-0.035006585344993915,0.0130891441345052,3,0.006478901054092767,0.3333333333333333,1.318716524911307,-0.010178767327861956,KILL,taker_like,0.0031
COQUSD,5,freqai_mtf_higher_low_structure,6,-0.006637200000000343,0.3333333333333333,0.8898411981835993,-0.015062800000000192,0.01415119241447164,3,-0.0033186000000002824,0.3333333333333333,0.8898411981835955,-0.012868310505309526,KILL,taker_like,0.0031
DOGUSD,3,adaptive_volume_spike_leader,1,-0.013068999999999997,0.0,0.0,0.0,0.0,0,0.0,0.0,0.0,-0.013068999999999997,KILL,taker_like,0.0031
HYPEUSD,5,adaptive_volume_spike_leader,1,-0.013068999999999997,0.0,0.0,0.0,0.0,0,0.0,0.0,0.0,-0.013068999999999997,KILL,taker_like,0.0031
DOGUSD,5,adaptive_higher_low,1,-0.013069000000000108,0.0,0.0,0.0,0.006183157792239324,0,0.0,0.0,0.0,-0.013069000000000108,KILL,taker_like,0.0031
COQUSD,5,adaptive_regime_switch,3,-0.018488354061455325,0.3333333333333333,0.2926637821770859,-0.013068999999999983,0.0046288982354395864,1,0.007649645938544669,1.0,inf,-0.015937419112515366,KILL,taker_like,0.0031
GIGAUSD,5,freqai_mtf_triple_confluence,4,-0.017260373999890555,0.5,0.5219659899772744,-0.019161600641690833,0.008352773442458938,2,-0.0008172997983820762,0.5,0.9547290110847158,-0.023533712491708075,KILL,taker_like,0.0031
GIGAUSD,3,adaptive_volume_spike_leader,2,-0.008119806801296092,0.5,0.3786971611220426,-0.01306900000000008,0.006201565743434556,2,-0.008119806801296092,0.5,0.3786971611220426,-0.024805965963883007,KILL,taker_like,0.0031
COQUSD,3,adaptive_quiet_burst,3,-0.010095691799429152,0.3333333333333333,0.613754235234941,-0.013068999999999985,0.00699507139079351,3,-0.010095691799429152,0.3333333333333333,0.613754235234941,-0.028707191752234545,KILL,taker_like,0.0031
HYPEUSD,3,adaptive_volume_spike_leader,3,-0.022226102762110345,0.3333333333333333,0.1496632197524507,-0.013068999999999872,0.005921349341852548,1,0.003911897237889539,1.0,inf,-0.02944714287563409,KILL,taker_like,0.0031
GIGAUSD,3,adaptive_consensus2,6,-0.01964651689331942,0.5,0.49890282619635856,-0.013069000000000114,0.0074253139175706195,2,-0.006728552726724568,0.5,0.4851516775021415,-0.0371425816582229,KILL,taker_like,0.0031
GIGAUSD,5,freqai_mtf_momentum_breakout_trail,9,-0.02382976536086434,0.5555555555555556,0.6700118348123031,-0.0421859380396606,0.013747108996092057,5,-0.00615268838675076,0.6,0.8295984604993271,-0.0383305759633437,KILL,taker_like,0.0031
COQUSD,5,adaptive_volume_spike_leader,3,0.0006690000000001417,0.3333333333333333,1.0255949192746248,-0.02596720123899998,0.012923998105871748,2,-0.026137999999999884,0.0,0.0,-0.038370229912729106,KILL,taker_like,0.0031
COQUSD,5,adaptive_consensus2,3,0.0006690000000001417,0.3333333333333333,1.0255949192746248,-0.02596720123899998,0.012923998105871748,2,-0.026137999999999884,0.0,0.0,-0.038370229912729106,KILL,taker_like,0.0031
COQUSD,3,adaptive_consensus2,3,0.0006689999999999197,0.3333333333333333,1.025594919274616,-0.025967201239000197,0.04241615911410331,2,-0.026138000000000106,0.0,0.0,-0.038370229912729724,KILL,taker_like,0.0031
COQUSD,3,freqai_mtf_adaptive_union,11,0.020138565931577368,0.45454545454545453,1.2228289332171238,-0.06120579792521562,0.02350513614632602,8,-0.04577596435451414,0.25,0.4934987258398823,-0.04567126557050498,KILL,taker_like,0.0031
HYPEUSD,5,adaptive_regime_switch,4,-0.010392359959425446,0.25,0.7048091275525042,-0.03479930204421244,0.010891231795917056,2,-0.02213655995942554,0.0,0.0,-0.046425624182112574,KILL,taker_like,0.0031
HYPEUSD,5,adaptive_consensus2,4,-0.05227599999999999,0.0,0.0,-0.038696835886007475,0.0008634828358632385,0,0.0,0.0,0.0,-0.05227599999999999,KILL,taker_like,0.0031
GIGAUSD,5,adaptive_breakout_trail,2,-0.030125599999999864,0.0,0.0,-0.01506279999999997,0.0034919997891698085,1,-0.015062799999999932,0.0,0.0,-0.05271979999999976,KILL,taker_like,0.0031
GIGAUSD,5,adaptive_volume_spike_leader,5,-0.024961392012545214,0.2,0.4176804706553122,-0.025967201239000155,0.01023241431523254,1,-0.013069000000000108,0.0,0.0,-0.05287542473986737,KILL,taker_like,0.0031
DOGUSD,5,adaptive_regime_switch,4,-0.024159339120601198,0.25,0.31278872562498433,-0.013068999999999942,0.005133759963230344,1,-0.013068999999999886,0.0,0.0,-0.054251514155895554,KILL,taker_like,0.0031
HYPEUSD,3,adaptive_consensus2,5,-0.03119930878854371,0.2,0.11932544401467471,-0.022234334995577733,0.006970507654744917,2,-0.00485191499086135,0.5,0.465601648381283,-0.05622354801460287,KILL,taker_like,0.0031
GIGAUSD,3,freqai_mtf_momentum_breakout_trail,7,-0.02036919552654526,0.5714285714285714,0.6239104970126709,-0.039043911944152236,0.012675738535848373,3,-0.022086375151982307,0.3333333333333333,0.3883076646638517,-0.05867310251571092,KILL,taker_like,0.0031
GIGAUSD,5,freqai_mtf_rsi_thrust,3,-0.02743305403534768,0.3333333333333333,0.08937733902900839,-0.015062800000000043,0.009571530755859259,2,-0.01237025403534775,0.5,0.17875467805801615,-0.061439023373138286,KILL,taker_like,0.0031
GIGAUSD,5,freqai_mtf_quiet_then_burst,10,-0.04357645929003817,0.2,0.48894001079528715,-0.03923400575340992,0.008606465606487678,4,-0.008063555854670001,0.25,0.7468259491859084,-0.06523644131357789,KILL,taker_like,0.0031
GIGAUSD,3,adaptive_higher_low,7,-0.042397182072567596,0.2857142857142857,0.35117940052693125,-0.032601743860309576,0.008026914081443546,2,-0.006728552726724457,0.5,0.48515167750214566,-0.06547907953415487,KILL,taker_like,0.0031
DOGUSD,5,freqai_mtf_rsi_thrust,5,-0.03450087487507225,0.2,0.12472697036154262,-0.019414978966263773,0.009988251364297129,3,-0.010390449437007399,0.3333333333333333,0.3211894065425243,-0.06728857024235166,KILL,taker_like,0.0031
GIGAUSD,3,freqai_mtf_triple_confluence,6,-0.054018761299760576,0.3333333333333333,0.1572797443930177,-0.04232393131814749,0.004075641769807718,3,0.0001417387002395909,0.6666666666666666,1.014259475004735,-0.07317849646763674,KILL,taker_like,0.0031
COQUSD,3,freqai_mtf_volume_spike_trend,6,-0.01249621790736255,0.3333333333333333,0.7925980244814612,-0.04451115373620039,0.025228539999863926,5,-0.039303217907362575,0.2,0.3476774253896573,-0.0739773377355249,KILL,taker_like,0.0031
GIGAUSD,5,adaptive_higher_low,5,-0.03986498435258856,0.2,0.23741326129411863,-0.026766087274282573,0.007444006556509297,1,-0.013068999999999997,0.0,0.0,-0.07511407299909269,KILL,taker_like,0.0031
GIGAUSD,3,adaptive_quiet_burst,6,-0.04578399249975407,0.16666666666666666,0.2993497207169014,-0.05126010693781322,0.00408301761739549,1,-0.013068999999999997,0.0,0.0,-0.07941874655306956,KILL,taker_like,0.0031
HYPEUSD,3,adaptive_quiet_burst,7,-0.05450265354126815,0.14285714285714285,0.06696785622265375,-0.044591084427158666,0.0061148493795201,2,0.0023881298203514145,0.5,2.567253501331455,-0.0801630558912349,KILL,taker_like,0.0031
GIGAUSD,3,freqai_mtf_quiet_then_burst,9,-0.04353923284651451,0.3333333333333333,0.40400175917775516,-0.06164865607124128,0.005796764717422211,2,-0.020366482151086496,0.0,0.0,-0.08582277671299081,KILL,taker_like,0.0031
DOGUSD,3,freqai_mtf_momentum_breakout_trail,8,-0.03347040634717369,0.5,0.4621873927976626,-0.04516153691858349,0.01133186056888219,6,-0.031290177073941994,0.5,0.4222694200765879,-0.08973104995693638,KILL,taker_like,0.0031
COQUSD,5,freqai_mtf_momentum_breakout_trail,4,-0.028964216876121718,0.25,0.4652151129306102,-0.03578107113775008,0.01147395303044163,2,-0.03610700000000011,0.0,0.0,-0.08982167921536896,KILL,taker_like,0.0031
COQUSD,5,freqai_mtf_volume_spike_trend,4,-0.018381399999999992,0.25,0.5932274654557368,-0.044511153736200494,0.009692998579403811,3,-0.04518840000000002,0.0,0.0,-0.09055413322251361,KILL,taker_like,0.0031
HYPEUSD,3,freqai_mtf_triple_confluence,4,-0.026230807117911148,0.0,0.0,-0.015818697744155463,0.0008795591419952231,3,-0.01589840952986843,0.0,0.0,-0.09313487596507866,KILL,taker_like,0.0031
GIGAUSD,5,adaptive_consensus2,6,-0.05293398435258856,0.16666666666666666,0.18993060903529482,-0.039485281279695104,0.006203338797091081,1,-0.013068999999999997,0.0,0.0,-0.09331219072839352,KILL,taker_like,0.0031
DOGUSD,5,freqai_mtf_volume_spike_trend,9,-0.0539403411509054,0.2222222222222222,0.3050259433265682,-0.03871188138929312,0.010990980008082716,6,-0.02175788856882299,0.3333333333333333,0.5210936163603704,-0.10185946248854402,KILL,taker_like,0.0031
GIGAUSD,3,freqai_mtf_higher_low_structure,23,-0.091776177658774,0.43478260869565216,0.4553075881837591,-0.08044108863393379,0.009627919282126,11,0.00031046080871088844,0.5454545454545454,1.005297993890877,-0.10726592507450002,KILL,taker_like,0.0031
GIGAUSD,5,adaptive_quiet_burst,4,-0.04286545574151601,0.0,0.0,-0.03869683588600742,0.0023422390385270386,1,-0.013068999999999997,0.0,0.0,-0.10801940910968522,KILL,taker_like,0.0031
COQUSD,3,freqai_mtf_quiet_then_burst,6,-0.04850699999999997,0.16666666666666666,0.35593647927344224,-0.05890349112970285,0.006097928924480023,5,-0.033444200000000035,0.2,0.4449205990918023,-0.11025849983377041,KILL,taker_like,0.0031
HYPEUSD,5,freqai_mtf_rsi_thrust,18,-0.05295430857175676,0.3333333333333333,0.6159542508848194,-0.09732813345994433,0.0069568972422521125,8,-0.040121404890258616,0.375,0.22625115448096306,-0.12168873848763709,KILL,taker_like,0.0031
DOGUSD,3,freqai_mtf_rsi_thrust,6,-0.05102707247674232,0.0,0.0,-0.04653356109855381,0.003888193571521814,3,-0.028237239102719913,0.0,0.0,-0.13283864907804152,KILL,taker_like,0.0031
DOGUSD,3,adaptive_regime_switch,8,-0.0709505216662829,0.125,0.09424447068073606,-0.056625262345708,0.0027130021008743566,2,-0.019876131662886154,0.0,0.0,-0.13594342652641989,KILL,taker_like,0.0031
HYPEUSD,3,adaptive_regime_switch,7,-0.0600533257819974,0.0,0.0,-0.0461111797393974,0.0027382302227501993,3,-0.016415773557326818,0.0,0.0,-0.14024743468531398,KILL,taker_like,0.0031
DOGUSD,5,freqai_mtf_momentum_accel,11,-0.08605025364634022,0.18181818181818182,0.2157630298253308,-0.06657560155898662,0.010458345066756419,7,-0.030088070185631532,0.2857142857142857,0.4403534325204297,-0.15281301593281346,KILL,taker_like,0.0031
GIGAUSD,3,adaptive_regime_switch,7,-0.06943488610054604,0.14285714285714285,0.11450906597615146,-0.06365918860024306,0.005989911601220818,3,-0.03920699999999999,0.0,0.0,-0.15973782414635354,KILL,taker_like,0.0031
HYPEUSD,3,adaptive_higher_low,8,-0.07187853205405836,0.125,0.055544961628721606,-0.06143025891198962,0.004529346690755054,4,-0.030989914990861123,0.25,0.12003492689835583,-0.16008706886465757,KILL,taker_like,0.0031
COQUSD,5,freqai_mtf_adaptive_union,13,-0.06793782004412341,0.23076923076923078,0.5489695140072017,-0.08531975916338015,0.014826175901409906,4,-0.06025120000000017,0.0,0.0,-0.16826821896312102,KILL,taker_like,0.0031
DOGUSD,5,freqai_mtf_momentum_breakout_trail,8,-0.08646347238634655,0.25,0.15382800012760214,-0.07910791468405905,0.010758503032461425,5,-0.03844206090808311,0.4,0.2902196082369426,-0.16946134191677684,KILL,taker_like,0.0031
HYPEUSD,3,freqai_mtf_momentum_breakout_trail,8,-0.07403779526631016,0.25,0.19534322112129623,-0.05517902255365098,0.0043080482296849465,3,-0.054160499999999834,0.0,0.0,-0.17545655467160368,KILL,taker_like,0.0031
HYPEUSD,5,adaptive_higher_low,7,-0.08060760104038567,0.0,0.0,-0.065713146778285,0.0018331445539108784,2,-0.015262601040385793,0.0,0.0,-0.17762071545901503,KILL,taker_like,0.0031
GIGAUSD,3,freqai_mtf_momentum_accel,18,-0.10825384784660819,0.3888888888888889,0.29386402856076727,-0.09802628381498119,0.0077156483837115385,8,-0.03860712654893372,0.375,0.43868955269576726,-0.1881297578424972,KILL,taker_like,0.0031
GIGAUSD,5,freqai_mtf_higher_low_structure,18,-0.1113383017418017,0.2777777777777778,0.31150769291062513,-0.10050933780303527,0.00918343238885212,8,-0.04579791110302256,0.25,0.4184260642113392,-0.2014474541248909,KILL,taker_like,0.0031
HYPEUSD,5,freqai_mtf_triple_confluence,5,-0.06845065437730691,0.0,0.0,-0.0494782904339868,0.0007649120097639628,4,-0.05039715437730685,0.0,0.0,-0.21414339140045346,KILL,taker_like,0.0031
HYPEUSD,3,freqai_mtf_quiet_then_burst,17,-0.12518921665155514,0.11764705882352941,0.09311531863719698,-0.10502171345099877,0.0041694883672147055,5,-0.03367791536249776,0.0,0.0,-0.21510827769244983,KILL,taker_like,0.0031
DOGUSD,5,freqai_mtf_quiet_then_burst,9,-0.09000119947576446,0.2222222222222222,0.14641937682081121,-0.07307903962351431,0.010147815659121904,6,-0.07039760311322751,0.16666666666666666,0.06527865850668506,-0.22517447976596122,KILL,taker_like,0.0031
GIGAUSD,5,freqai_mtf_momentum_accel,19,-0.11284180859484294,0.2631578947368421,0.35863081762625926,-0.11574594315626896,0.008226951800341567,9,-0.06392571952283843,0.2222222222222222,0.3143937320411866,-0.22823742310922968,KILL,taker_like,0.0031
DOGUSD,5,freqai_mtf_higher_low_structure,12,-0.11964890201758249,0.08333333333333333,0.11151506016929241,-0.10016940940051745,0.00945994101904322,7,-0.05038008100048963,0.14285714285714285,0.22963164750663748,-0.23248772703380788,KILL,taker_like,0.0031
GIGAUSD,3,freqai_mtf_adaptive_union,33,-0.1458094002866971,0.30303030303030304,0.4066478910337726,-0.14241062064591822,0.008990910113858478,12,-0.04327700700337156,0.25,0.550593205801049,-0.2328910896116262,KILL,taker_like,0.0031
GIGAUSD,5,freqai_mtf_adaptive_union,38,-0.17334574076789588,0.2631578947368421,0.4388455381686472,-0.1927714300710779,0.010142853797849639,14,-0.027142930099473217,0.2857142857142857,0.7453710874740572,-0.2358856871489467,KILL,taker_like,0.0031
DOGUSD,3,adaptive_quiet_burst,10,-0.11393762936707597,0.1,0.03131558678232455,-0.09657718620511392,0.005041984463206406,3,-0.03920699999999999,0.0,0.0,-0.2407609687816673,KILL,taker_like,0.0031
DOGUSD,3,freqai_mtf_quiet_then_burst,22,-0.15410524907181267,0.22727272727272727,0.19484286270090978,-0.13095613932338318,0.007835806197692096,8,-0.03772218693366258,0.25,0.2714710641391523,-0.24650858163868136,KILL,taker_like,0.0031
HYPEUSD,5,freqai_mtf_quiet_then_burst,15,-0.13848050467627937,0.13333333333333333,0.03339980478748368,-0.11687770405684846,0.0032540001549684985,6,-0.04568990932180195,0.16666666666666666,0.07379702200944827,-0.2583260978536916,KILL,taker_like,0.0031
HYPEUSD,3,freqai_mtf_volume_spike_trend,22,-0.11869648107880737,0.2727272727272727,0.21603044636817018,-0.1092353945020336,0.005586460016830012,11,-0.07784742349925855,0.2727272727272727,0.11416644256707217,-0.265841276012315,KILL,taker_like,0.0031
DOGUSD,3,freqai_mtf_momentum_accel,17,-0.12894374613411874,0.058823529411764705,0.08128725875687147,-0.11861131896431443,0.006923718508883867,10,-0.08135462364924817,0.1,0.12298888871335,-0.291349494688274,KILL,taker_like,0.0031
GIGAUSD,5,adaptive_regime_switch,10,-0.11259275549584724,0.1,0.014101409262331268,-0.09532089745064846,0.0035312546771717026,6,-0.0784140000000002,0.0,0.0,-0.30682026949131347,KILL,taker_like,0.0031
HYPEUSD,5,freqai_mtf_volume_spike_trend,17,-0.16342025774329927,0.058823529411764705,0.05991157531828316,-0.13884332408760403,0.00356799712344284,8,-0.0629802518197986,0.0,0.0,-0.31136172844551,KILL,taker_like,0.0031
DOGUSD,3,freqai_mtf_higher_low_structure,15,-0.1348492744598655,0.06666666666666667,0.05361577680124447,-0.12576703613099258,0.00866836357156943,10,-0.08635223514858814,0.1,0.08127993422683959,-0.3122163780714745,KILL,taker_like,0.0031
DOGUSD,3,freqai_mtf_volume_spike_trend,17,-0.1400101890322748,0.058823529411764705,0.07534639006977586,-0.1282943902046397,0.008182476869457023,13,-0.11369608677561094,0.07692307692307693,0.09119446277196591,-0.3601742281051693,KILL,taker_like,0.0031
HYPEUSD,5,freqai_mtf_momentum_breakout_trail,17,-0.19483520035623358,0.11764705882352941,0.029025135260160522,-0.16324570052142898,0.003601485318270804,7,-0.0900997765202094,0.14285714285714285,0.014664914180670842,-0.39139315753636755,KILL,taker_like,0.0031
HYPEUSD,3,freqai_mtf_rsi_thrust,32,-0.2373557035931383,0.125,0.07458764395176855,-0.20610244261191565,0.0030942906366008827,20,-0.13407223057142792,0.15,0.05332315341662493,-0.5027436767808122,KILL,taker_like,0.0031
HYPEUSD,3,freqai_mtf_momentum_accel,35,-0.2653875255204625,0.17142857142857143,0.07234983694864788,-0.23053509378956688,0.004049116599292539,17,-0.13505231425791497,0.058823529411764705,0.040198932711081076,-0.5264746284741397,KILL,taker_like,0.0031
DOGUSD,5,freqai_mtf_adaptive_union,44,-0.4072380372117823,0.1590909090909091,0.20763617619299465,-0.36845675940613376,0.014448870666737305,13,-0.12993363080331766,0.07692307692307693,0.19657736458202824,-0.6538014384145631,KILL,taker_like,0.0031
DOGUSD,3,freqai_mtf_adaptive_union,57,-0.39102503304115066,0.17543859649122806,0.2970743236131383,-0.37699057647551687,0.010788196336224304,22,-0.180000261123764,0.09090909090909091,0.1225528266979608,-0.7018269168868871,KILL,taker_like,0.0031
HYPEUSD,5,freqai_mtf_momentum_accel,49,-0.341847303594325,0.20408163265306123,0.19116876101032573,-0.27916859325461274,0.005107611048671842,25,-0.22902607303004674,0.08,0.021722268541800052,-0.7332199805316147,KILL,taker_like,0.0031
HYPEUSD,5,freqai_mtf_higher_low_structure,56,-0.3582400420384233,0.17857142857142858,0.189695075706203,-0.2927771618484711,0.004671628815046609,34,-0.2589583617434382,0.11764705882352941,0.07144909254656376,-0.8003788082673248,KILL,taker_like,0.0031
HYPEUSD,3,freqai_mtf_higher_low_structure,67,-0.3901391354629239,0.208955223880597,0.12671815944983025,-0.3145388849337886,0.004103358457112951,35,-0.23346053142859569,0.14285714285714285,0.08070344353880128,-0.8099631135861778,KILL,taker_like,0.0031
HYPEUSD,3,freqai_mtf_adaptive_union,120,-0.8291713767094859,0.11666666666666667,0.08883835558704574,-0.5666371684569146,0.003457361602883737,58,-0.4668118255452556,0.06896551724137931,0.036440123940377045,-1.6371159466357177,KILL,taker_like,0.0031
HYPEUSD,5,freqai_mtf_adaptive_union,126,-1.0817511124382848,0.12698412698412698,0.1045532899118688,-0.6767469872666213,0.00367690162625118,60,-0.5246778773431903,0.11666666666666667,0.06964218197497524,-1.9856858854798958,KILL,taker_like,0.0031
DOGUSD,3,adaptive_higher_low,3,-0.03920699999999988,0.0,0.0,-0.025967201238999857,0.008895284038040371,1,-0.013068999999999997,0.0,0.0,-3531237088775.9194,KILL,taker_like,0.0031
DOGUSD,3,adaptive_consensus2,3,-0.03920699999999988,0.0,0.0,-0.025967201238999857,0.008895284038040371,1,-0.013068999999999997,0.0,0.0,-3531237088775.9194,KILL,taker_like,0.0031
DOGUSD,5,adaptive_quiet_burst,3,-0.0392070000000001,0.0,0.0,-0.02596720123900008,0.006679714736838482,1,-0.013069000000000108,0.0,0.0,-3531237088775.9395,KILL,taker_like,0.0031
COQUSD,3,freqai_mtf_momentum_accel,8,0.07818500067721168,0.5,2.2227869983924213,-0.03171447977500011,0.03275027127102234,5,0.016250000677211496,0.4,1.3388593614265756,0.11246768455766308,KEEP,maker_mid,0.001
COQUSD,5,freqai_mtf_momentum_accel,9,0.05361124095530634,0.4444444444444444,1.6707693582146543,-0.04719252381579673,0.021309994573281088,5,0.02996499999999991,0.4,1.6248566364299835,0.10520176230850471,KEEP,maker_mid,0.001
GIGAUSD,5,freqai_mtf_adaptive_union,39,0.008797847150825766,0.41025641025641024,1.0393394518436052,-0.08715772439494848,0.01166462522985972,15,0.04397763339272498,0.4666666666666667,1.514289382476084,0.07573454690051726,KEEP,maker_mid,0.001
GIGAUSD,5,freqai_mtf_momentum_breakout_trail,9,0.005692134883625188,0.5555555555555556,1.0890230666816578,-0.03171447977500002,0.015609326974611124,5,0.010736939774310672,0.6,1.3358442219052442,0.022969602030326827,KEEP,maker_mid,0.001
GIGAUSD,3,freqai_mtf_adaptive_union,33,0.012189580405507106,0.3939393939393939,1.084911001178169,-0.03184275909631247,0.010921401724453245,12,0.0038103401471365483,0.3333333333333333,1.061563062697762,0.019775431996493155,KEEP,maker_mid,0.001
COQUSD,3,freqai_mtf_momentum_breakout_trail,4,0.10922681008370272,0.5,4.416540822136469,-0.015985000000000006,0.04267715892766394,3,-0.004391182093611445,0.3333333333333333,0.8626467909411494,0.11157902936042413,KILL,maker_mid,0.001
GIGAUSD,3,freqai_mtf_volume_spike_trend,8,0.03810584700167341,0.625,1.9779757468861847,-0.017150394048647218,0.015887342451547853,3,0.03678362827826387,0.6666666666666666,3.8321241359919824,0.101556213309755,KILL,maker_mid,0.001
COQUSD,3,freqai_mtf_higher_low_structure,6,0.05219306687459002,0.6666666666666666,3.009280369363627,-0.012988000000000164,0.03415125318432569,4,0.020066099874647803,0.5,1.7724861362275806,0.09332996781705574,KILL,maker_mid,0.001
COQUSD,3,adaptive_higher_low,4,0.046110966999942216,0.75,5.195720382160326,-0.010990000000000043,0.04465906178919826,2,0.01598199999999994,0.5,2.4542311191992594,0.08238324972235762,KILL,maker_mid,0.001
GIGAUSD,3,freqai_mtf_rsi_thrust,7,0.02469066913080853,0.42857142857142855,2.003977487555322,-0.012988000000000149,0.010404357241692372,4,0.031158146802987896,0.5,4.372412905021422,0.07853558918980759,KILL,maker_mid,0.001
GIGAUSD,3,freqai_mtf_higher_low_structure,23,-0.011009036579136433,0.4782608695652174,0.9149656770887032,-0.05534305076392286,0.011170596214475876,11,0.04545354307498173,0.6363636363636364,2.1871654977013386,0.055329343145390016,KILL,maker_mid,0.001
DOGUSD,3,adaptive_higher_low,3,0.009380667752911687,0.3333333333333333,1.5332551066144726,-0.00660133224708848,0.009613246172385978,1,0.026971999999999996,1.0,inf,0.052446652261362046,KILL,maker_mid,0.001
COQUSD,5,adaptive_higher_low,4,0.0319640000000001,0.5,2.4542311191992843,-0.010989999999999986,0.02100626383891374,3,0.0049920000000001075,0.3333333333333333,1.2271155595996421,0.04674393298734707,KILL,maker_mid,0.001
COQUSD,3,freqai_mtf_rsi_thrust,2,0.012257000677211805,0.5,1.9437173296282573,0.0,0.013739597550559868,2,0.012257000677211805,0.5,1.9437173296282573,0.03384837108860573,KILL,maker_mid,0.001
GIGAUSD,5,freqai_mtf_higher_low_structure,17,-0.0005720647049874961,0.4117647058823529,0.9946131753448173,-0.04371082162577244,0.010488096721853886,7,0.021211035489463237,0.42857142857142855,1.534895029430604,0.031153241386168776,KILL,maker_mid,0.001
GIGAUSD,5,freqai_mtf_volume_spike_trend,6,0.0007740469563488617,0.3333333333333333,1.0193305828886523,-0.02685808405064507,0.014658761285524088,3,0.01490339182788658,0.3333333333333333,2.0594872371174824,0.02331239159324701,KILL,maker_mid,0.001
GIGAUSD,5,freqai_mtf_triple_confluence,4,0.0088960307468271,0.5,1.482231863996562,-0.01598500000000013,0.010159057331030563,2,0.005532596446908289,0.5,1.3461117577046156,0.02002943695181982,KILL,maker_mid,0.001
HYPEUSD,5,adaptive_quiet_burst,3,0.00445041617777997,0.6666666666666666,1.5073163257560476,0.0,0.0063954860025263,1,0.007864605982253137,1.0,inf,0.019111856852177853,KILL,maker_mid,0.001
COQUSD,3,freqai_mtf_adaptive_union,11,0.047589294861673626,0.45454545454545453,1.610682872159859,-0.047283021163710796,0.025080194601051466,8,-0.026890900125352335,0.25,0.6549263406560895,0.013941998547913233,KILL,maker_mid,0.001
COQUSD,5,freqai_mtf_higher_low_structure,6,0.005988000000000104,0.3333333333333333,1.115260240221745,-0.01298800000000005,0.015576760375914267,3,0.002994000000000163,0.3333333333333333,1.1152602402217495,0.011607254363237906,KILL,maker_mid,0.001
COQUSD,3,adaptive_volume_spike_leader,2,0.017979999999999885,0.5,2.6360327570518467,-0.010990000000000031,0.06299632570819014,1,-0.010990000000000055,0.0,0.0,0.005994499499499274,KILL,maker_mid,0.001
COQUSD,5,freqai_mtf_rsi_thrust,2,0.020977000000000023,0.5,2.6151062519248556,-0.01298799999999996,0.020475618131868156,1,-0.012988,0.0,0.0,0.00596265914851024,KILL,maker_mid,0.001
GIGAUSD,3,adaptive_breakout_trail,2,0.0034584281481231383,0.5,1.266278730221985,0.0,0.012834623004114531,0,0.0,0.0,0.0,0.004633388344638341,KILL,maker_mid,0.001
COQUSD,5,adaptive_regime_switch,3,-0.01008930620075732,0.3333333333333333,0.5409778798563548,-0.010990000000000003,0.00603721060936017,1,0.01189069379924268,1.0,inf,0.003337206408931685,KILL,maker_mid,0.001
GIGAUSD,5,freqai_mtf_quiet_then_burst,10,-0.004368153426440147,0.4,0.9331273676665399,-0.025807311856000124,0.010332839656103187,4,0.005471343284518482,0.5,1.210630708520115,0.00301444069292805,KILL,maker_mid,0.001
GIGAUSD,3,adaptive_pullback_resume,0,0.0,0.0,0.0,0.0,0.0,0,0.0,0.0,0.0,0.0,KILL,maker_mid,0.001
DOGUSD,3,freqai_mtf_triple_confluence,0,0.0,0.0,0.0,0.0,0.0,0,0.0,0.0,0.0,0.0,KILL,maker_mid,0.001
DOGUSD,3,adaptive_breakout_trail,0,0.0,0.0,0.0,0.0,0.0,0,0.0,0.0,0.0,0.0,KILL,maker_mid,0.001
DOGUSD,3,adaptive_pullback_resume,0,0.0,0.0,0.0,0.0,0.0,0,0.0,0.0,0.0,0.0,KILL,maker_mid,0.001
COQUSD,3,freqai_mtf_triple_confluence,0,0.0,0.0,0.0,0.0,0.0,0,0.0,0.0,0.0,0.0,KILL,maker_mid,0.001
COQUSD,3,adaptive_breakout_trail,0,0.0,0.0,0.0,0.0,0.0,0,0.0,0.0,0.0,0.0,KILL,maker_mid,0.001
COQUSD,3,adaptive_pullback_resume,0,0.0,0.0,0.0,0.0,0.0,0,0.0,0.0,0.0,0.0,KILL,maker_mid,0.001
COQUSD,3,adaptive_regime_switch,0,0.0,0.0,0.0,0.0,0.0,0,0.0,0.0,0.0,0.0,KILL,maker_mid,0.001
HYPEUSD,3,adaptive_breakout_trail,0,0.0,0.0,0.0,0.0,0.0,0,0.0,0.0,0.0,0.0,KILL,maker_mid,0.001
HYPEUSD,3,adaptive_pullback_resume,0,0.0,0.0,0.0,0.0,0.0,0,0.0,0.0,0.0,0.0,KILL,maker_mid,0.001
GIGAUSD,5,adaptive_pullback_resume,0,0.0,0.0,0.0,0.0,0.0,0,0.0,0.0,0.0,0.0,KILL,maker_mid,0.001
DOGUSD,5,adaptive_breakout_trail,0,0.0,0.0,0.0,0.0,0.0,0,0.0,0.0,0.0,0.0,KILL,maker_mid,0.001
DOGUSD,5,adaptive_volume_spike_leader,0,0.0,0.0,0.0,0.0,0.0,0,0.0,0.0,0.0,0.0,KILL,maker_mid,0.001
DOGUSD,5,adaptive_pullback_resume,0,0.0,0.0,0.0,0.0,0.0,0,0.0,0.0,0.0,0.0,KILL,maker_mid,0.001
DOGUSD,5,adaptive_consensus2,0,0.0,0.0,0.0,0.0,0.0,0,0.0,0.0,0.0,0.0,KILL,maker_mid,0.001
COQUSD,5,freqai_mtf_triple_confluence,0,0.0,0.0,0.0,0.0,0.0,0,0.0,0.0,0.0,0.0,KILL,maker_mid,0.001
COQUSD,5,freqai_mtf_quiet_then_burst,0,0.0,0.0,0.0,0.0,0.0,0,0.0,0.0,0.0,0.0,KILL,maker_mid,0.001
COQUSD,5,adaptive_breakout_trail,0,0.0,0.0,0.0,0.0,0.0,0,0.0,0.0,0.0,0.0,KILL,maker_mid,0.001
COQUSD,5,adaptive_quiet_burst,0,0.0,0.0,0.0,0.0,0.0,0,0.0,0.0,0.0,0.0,KILL,maker_mid,0.001
COQUSD,5,adaptive_pullback_resume,0,0.0,0.0,0.0,0.0,0.0,0,0.0,0.0,0.0,0.0,KILL,maker_mid,0.001
HYPEUSD,5,adaptive_breakout_trail,0,0.0,0.0,0.0,0.0,0.0,0,0.0,0.0,0.0,0.0,KILL,maker_mid,0.001
HYPEUSD,5,adaptive_pullback_resume,0,0.0,0.0,0.0,0.0,0.0,0,0.0,0.0,0.0,0.0,KILL,maker_mid,0.001
GIGAUSD,3,adaptive_consensus2,6,-0.0007006348143708818,0.5,0.9787493231916627,-0.01099000000000005,0.00883949289781738,2,-0.000414015088970654,0.5,0.9623280173821063,-0.001559897303854111,KILL,maker_mid,0.001
COQUSD,3,adaptive_quiet_burst,3,-0.0016613204684403637,0.3333333333333333,0.9244167211810576,-0.010990000000000005,0.00770904706503998,3,-0.0016613204684403637,0.3333333333333333,0.9244167211810576,-0.004683927340360369,KILL,maker_mid,0.001
DOGUSD,5,freqai_mtf_triple_confluence,1,-0.004846723210186532,0.0,0.0,0.0,0.008506241617564303,0,0.0,0.0,0.0,-0.004846723210186532,KILL,maker_mid,0.001
GIGAUSD,3,adaptive_volume_spike_leader,2,-0.0018111247455294688,0.5,0.8352024799336252,-0.010990000000000033,0.008312478119120281,2,-0.0018111247455294688,0.5,0.8352024799336252,-0.00542579190618028,KILL,maker_mid,0.001
HYPEUSD,5,freqai_mtf_rsi_thrust,18,0.007989059430359546,0.3888888888888889,1.0771729268382733,-0.06857286849521503,0.008443342636792202,8,-0.010760765934769045,0.375,0.6940231280844742,-0.006896093247209409,KILL,maker_mid,0.001
GIGAUSD,3,freqai_mtf_triple_confluence,6,-0.02026987347356879,0.3333333333333333,0.4777382564111124,-0.017036679451833077,0.005025254756564383,3,0.012768890165027136,0.6666666666666666,3.211848216472943,-0.008341761391702843,KILL,maker_mid,0.001
HYPEUSD,3,adaptive_volume_spike_leader,3,-0.0138427865311459,0.3333333333333333,0.3702098939424099,-0.010989999999999894,0.008031673850961596,1,0.00813721346885421,1.0,inf,-0.00887418703107196,KILL,maker_mid,0.001
DOGUSD,3,adaptive_volume_spike_leader,1,-0.010989999999999833,0.0,0.0,0.0,0.0,0,0.0,0.0,0.0,-0.010989999999999833,KILL,maker_mid,0.001
DOGUSD,5,adaptive_higher_low,1,-0.010990000000000055,0.0,0.0,0.0,0.008294031549845648,0,0.0,0.0,0.0,-0.010990000000000055,KILL,maker_mid,0.001
HYPEUSD,5,adaptive_volume_spike_leader,1,-0.010990000000000166,0.0,0.0,0.0,0.0,0,0.0,0.0,0.0,-0.010990000000000166,KILL,maker_mid,0.001
GIGAUSD,3,freqai_mtf_momentum_breakout_trail,7,0.0037230125919063273,0.5714285714285714,1.0776355456554334,-0.026758191252470295,0.014200832492816768,3,-0.013681512786279049,0.3333333333333333,0.5720515237322794,-0.01592444378775496,KILL,maker_mid,0.001
HYPEUSD,3,adaptive_consensus2,5,-0.014436056178691259,0.4,0.4631155436463478,-0.01584462645908846,0.009083033195279634,2,0.003545367290543555,0.5,1.7222808456160468,-0.016434649142728165,KILL,maker_mid,0.001
DOGUSD,5,freqai_mtf_rsi_thrust,5,-0.01568665856950846,0.4,0.45525583916913737,-0.010931523719247478,0.011687527416110432,3,0.002178195345806766,0.6666666666666666,1.1992581639805215,-0.01979249454710433,KILL,maker_mid,0.001
GIGAUSD,5,adaptive_volume_spike_leader,5,-0.003465002003073092,0.4,0.8949043978443101,-0.021859219899999806,0.01281001641421553,1,-0.010989999999999944,0.0,0.0,-0.020844853275785488,KILL,maker_mid,0.001
GIGAUSD,3,adaptive_higher_low,7,-0.017402015088970546,0.2857142857142857,0.6833118273162773,-0.0223778743175206,0.009542255259836319,2,-0.00041401508897054295,0.5,0.962328017382116,-0.02232895160622852,KILL,maker_mid,0.001
HYPEUSD,5,adaptive_regime_switch,4,9.51276618809116e-05,0.25,1.0035393873470164,-0.02664905042885755,0.011963031582901629,2,-0.015886872338118807,0.0,0.0,-0.023709037742729692,KILL,maker_mid,0.001
COQUSD,5,adaptive_volume_spike_leader,3,0.006990000000000052,0.3333333333333333,1.3180163785259367,-0.021859219899999983,0.014277989638566599,2,-0.02197999999999989,0.0,0.0,-0.024230750750750513,KILL,maker_mid,0.001
COQUSD,5,adaptive_consensus2,3,0.006990000000000052,0.3333333333333333,1.3180163785259367,-0.021859219899999983,0.014277989638566599,2,-0.02197999999999989,0.0,0.0,-0.024230750750750513,KILL,maker_mid,0.001
COQUSD,3,adaptive_consensus2,3,0.00698999999999983,0.3333333333333333,1.3180163785259233,-0.021859219899999983,0.04390374546189527,2,-0.02198000000000011,0.0,0.0,-0.02423075075075113,KILL,maker_mid,0.001
DOGUSD,3,freqai_mtf_momentum_breakout_trail,8,-0.006133566633278353,0.5,0.8817145913638007,-0.03507040452401336,0.013453535800845101,6,-0.01236186437025466,0.5,0.7422194897246452,-0.02625721244568715,KILL,maker_mid,0.001
GIGAUSD,3,freqai_mtf_quiet_then_burst,9,-0.004816991967687589,0.3333333333333333,0.8976874642545697,-0.03610609074871739,0.006971172177901182,2,-0.01410515292650838,0.0,0.0,-0.02724498179445295,KILL,maker_mid,0.001
DOGUSD,5,freqai_mtf_volume_spike_trend,9,-0.022513845222183804,0.3333333333333333,0.6162599848301544,-0.023777545089181916,0.013987621201463303,6,-0.0007518418340769495,0.5,0.9796290360795769,-0.029672643896949437,KILL,maker_mid,0.001
HYPEUSD,3,freqai_mtf_triple_confluence,4,-0.009505802149857523,0.25,0.12002644466495409,-0.004630069631691855,0.00245483094439114,3,-0.0033387686691993546,0.3333333333333333,0.2797142467882208,-0.030051819912014763,KILL,maker_mid,0.001
DOGUSD,5,adaptive_regime_switch,4,-0.011575307958771264,0.25,0.5685157718265089,-0.010989999999999986,0.006193481137978518,1,-0.010989999999999944,0.0,0.0,-0.03271326980928514,KILL,maker_mid,0.001
HYPEUSD,3,adaptive_quiet_burst,7,-0.03356947028804147,0.2857142857142857,0.2436813777431957,-0.03302047135279601,0.007762178095120349,2,0.010815884376203622,1.0,inf,-0.0329694189872062,KILL,maker_mid,0.001
DOGUSD,3,adaptive_consensus2,3,-0.017204622182958818,0.3333333333333333,0.021982989048114847,-0.00660133224708848,0.009613246172385978,1,0.0003867100641294918,1.0,inf,-0.03393673321776651,KILL,maker_mid,0.001
COQUSD,3,freqai_mtf_volume_spike_trend,6,0.002263000677211635,0.3333333333333333,1.0435594525179326,-0.038460126489614194,0.02653173858113426,5,-0.026706999322788305,0.2,0.48592933240706326,-0.0373520191736497,KILL,maker_mid,0.001
GIGAUSD,5,freqai_mtf_rsi_thrust,3,-0.019063269872984345,0.3333333333333333,0.2661198847788626,-0.012988000000000093,0.011595241062956433,2,-0.006075269872984346,0.5,0.532239769557723,-0.03775535582371226,KILL,maker_mid,0.001
GIGAUSD,5,adaptive_higher_low,5,-0.016988000000000003,0.2,0.613557779799818,-0.02185921989999987,0.009538553813631934,1,-0.010989999999999944,0.0,0.0,-0.0379480013171065,KILL,maker_mid,0.001
GIGAUSD,5,adaptive_breakout_trail,2,-0.025976,0.0,0.0,-0.01298800000000005,0.0045482767118044665,1,-0.012988,0.0,0.0,-0.045458,KILL,maker_mid,0.001
GIGAUSD,3,adaptive_quiet_burst,6,-0.023428254293536566,0.16666666666666666,0.5044831879295496,-0.03582115360476783,0.004992096303268097,1,-0.010989999999999944,0.0,0.0,-0.04677456859974179,KILL,maker_mid,0.001
DOGUSD,5,freqai_mtf_momentum_breakout_trail,7,-0.03795182153827181,0.2857142857142857,0.3893917049237536,-0.039521314391440354,0.015844215293350387,4,0.0012848000438652196,0.5,1.0560619659933141,-0.04710538835535591,KILL,maker_mid,0.001
DOGUSD,3,adaptive_quiet_burst,10,-0.04585905254528455,0.2,0.4320070984117456,-0.051690563952430234,0.006238623915207952,3,0.0068638886226735085,0.3333333333333333,1.3413492442862185,-0.047109226325259566,KILL,maker_mid,0.001
GIGAUSD,5,adaptive_consensus2,6,-0.024587001982788848,0.16666666666666666,0.5409190008303641,-0.021859219900000105,0.008346465707504561,1,-0.010989999999999944,0.0,0.0,-0.0472644425128336,KILL,maker_mid,0.001
GIGAUSD,3,freqai_mtf_momentum_accel,18,-0.030499915598652838,0.3888888888888889,0.7100828486098596,-0.033469593428308714,0.00921102378725617,8,-0.010442474546263902,0.375,0.8043353448501188,-0.052195874658980096,KILL,maker_mid,0.001
DOGUSD,5,freqai_mtf_momentum_accel,11,-0.03944724658882115,0.36363636363636365,0.49078835678095434,-0.03408462826091615,0.012578187748714897,7,-0.004881479223657448,0.5714285714285714,0.8862166468584564,-0.05649063641309767,KILL,maker_mid,0.001
GIGAUSD,3,adaptive_regime_switch,7,-0.030590639467579783,0.2857142857142857,0.4433004646482313,-0.032608987073299026,0.0093138281531669,3,-0.010846396761133636,0.3333333333333333,0.5065333593660791,-0.057072576354177715,KILL,maker_mid,0.001
HYPEUSD,3,adaptive_regime_switch,7,-0.03499381217701758,0.14285714285714285,0.03763397583850415,-0.02381556910710796,0.0047330044707540875,3,-0.0038583102050904206,0.3333333333333333,0.2618170586017105,-0.06773131724851372,KILL,maker_mid,0.001
COQUSD,5,freqai_mtf_momentum_breakout_trail,4,-0.018443817822802466,0.25,0.615393226508134,-0.03171447977500004,0.013017658472517457,2,-0.031970000000000054,0.0,0.0,-0.07045274431513279,KILL,maker_mid,0.001
COQUSD,5,freqai_mtf_volume_spike_trend,4,-0.00999400000000017,0.25,0.7435068268144918,-0.03846012648961441,0.01119186404302086,3,-0.03896400000000011,0.0,0.0,-0.07082190571523943,KILL,maker_mid,0.001
DOGUSD,3,freqai_mtf_rsi_thrust,6,-0.028059382584410764,0.5,0.038929280204115915,-0.028337406643949594,0.00534082451442619,3,-0.01572953054508297,0.3333333333333333,0.029518196605623128,-0.07121861611480436,KILL,maker_mid,0.001
GIGAUSD,5,adaptive_quiet_burst,4,-0.03243500200307303,0.25,0.016226812160355243,-0.032608987073299005,0.005017846671649784,1,-0.010989999999999944,0.0,0.0,-0.07706317566064906,KILL,maker_mid,0.001
COQUSD,3,freqai_mtf_quiet_then_burst,6,-0.03597000000000006,0.16666666666666666,0.44610409608869633,-0.05094860636676707,0.006661692657340364,5,-0.022982000000000058,0.2,0.5576301201108704,-0.07901585857285874,KILL,maker_mid,0.001
DOGUSD,3,freqai_mtf_quiet_then_burst,22,-0.057612886805358254,0.3181818181818182,0.5130668692037035,-0.059821213089861956,0.009502336576556253,8,-0.006280795480296808,0.375,0.7855833000506309,-0.07982015142081712,KILL,maker_mid,0.001
DOGUSD,3,adaptive_regime_switch,8,-0.04587771341384472,0.125,0.2021279176644967,-0.034567089028302404,0.003548149492793723,2,-0.011542084080399029,0.0,0.0,-0.08370681616069797,KILL,maker_mid,0.001
HYPEUSD,3,freqai_mtf_quiet_then_burst,17,-0.055136032709616645,0.29411764705882354,0.33868947041267145,-0.04196718839277992,0.005708639667579892,5,-0.014846057077741448,0.4,0.16109208737591982,-0.09359603695337076,KILL,maker_mid,0.001
HYPEUSD,3,adaptive_higher_low,8,-0.04680962965965907,0.125,0.15297490126941307,-0.043510160792054026,0.00622390618355545,4,-0.018434632709456555,0.25,0.3144063975793491,-0.09825853207553756,KILL,maker_mid,0.001
HYPEUSD,3,freqai_mtf_volume_spike_trend,22,-0.03902524824083409,0.4090909090909091,0.6141673684987855,-0.053281301070456095,0.007189814609734294,11,-0.03808966739673503,0.36363636363636365,0.37873320251210985,-0.10532670321408467,KILL,maker_mid,0.001
HYPEUSD,3,freqai_mtf_momentum_breakout_trail,8,-0.040682558930021595,0.375,0.4155403233998888,-0.037201876781328455,0.005890512666530595,3,-0.03763712699065602,0.0,0.0,-0.10780328599457595,KILL,maker_mid,0.001
GIGAUSD,5,freqai_mtf_momentum_accel,19,-0.0498634990068445,0.42105263157894735,0.6343450613049233,-0.06463204252280136,0.009745603036015191,9,-0.03457257720061524,0.2222222222222222,0.5226604116847534,-0.10979066860930542,KILL,maker_mid,0.001
COQUSD,5,freqai_mtf_adaptive_union,13,-0.03855354912263298,0.23076923076923078,0.7031602315781261,-0.06327488586727552,0.017337360987300945,4,-0.051952,0.0,0.0,-0.12204852915116199,KILL,maker_mid,0.001
HYPEUSD,5,adaptive_higher_low,7,-0.06393398194583755,0.14285714285714285,0.03042186918657201,-0.053755399954147604,0.0030357915105175986,2,-0.008983981945837494,0.5,0.18253121511943143,-0.12660500959550017,KILL,maker_mid,0.001
DOGUSD,5,freqai_mtf_quiet_then_burst,9,-0.052049826481349926,0.3333333333333333,0.3320779888955208,-0.04909122568040175,0.01203390664768437,6,-0.0408489673069109,0.3333333333333333,0.21371713683956703,-0.12871211072555716,KILL,maker_mid,0.001
DOGUSD,5,freqai_mtf_higher_low_structure,12,-0.07124579433340716,0.25,0.24032858710847002,-0.05984487896567429,0.011884799619001,7,-0.027356303736761012,0.42857142857142855,0.45172829749839366,-0.13273479462009685,KILL,maker_mid,0.001
HYPEUSD,5,freqai_mtf_triple_confluence,5,-0.05182322911231618,0.0,0.0,-0.03539819967984231,0.0020657728896742,4,-0.03583822911231627,0.0,0.0,-0.14821039097551006,KILL,maker_mid,0.001
DOGUSD,3,freqai_mtf_momentum_accel,17,-0.06619344195255594,0.47058823529411764,0.2443385288404817,-0.06558469723188826,0.00880552417115408,10,-0.04580161822992623,0.4,0.2835999530258208,-0.1537934554807574,KILL,maker_mid,0.001
HYPEUSD,5,freqai_mtf_quiet_then_burst,15,-0.08629663601043014,0.3333333333333333,0.1847740647576693,-0.07122746859714085,0.004649150070920808,6,-0.02684106519250473,0.5,0.3111316807179753,-0.15550090215293133,KILL,maker_mid,0.001
DOGUSD,3,freqai_mtf_higher_low_structure,15,-0.06925965929366562,0.4,0.25864846454149054,-0.07429990800428968,0.010612460789774906,10,-0.054980435263272565,0.4,0.23464134769309822,-0.17316187443041392,KILL,maker_mid,0.001
HYPEUSD,5,freqai_mtf_volume_spike_trend,17,-0.10175484319040651,0.23529411764705882,0.17421025653238514,-0.0869752218697297,0.004582058424012499,8,-0.030476357478361193,0.375,0.1823991439921821,-0.17827379485742528,KILL,maker_mid,0.001
DOGUSD,3,freqai_mtf_volume_spike_trend,17,-0.06261076492469653,0.35294117647058826,0.23922745048027574,-0.06450901371084078,0.01019557922554198,13,-0.0656715091064104,0.23076923076923078,0.20118320769754972,-0.18210284201567944,KILL,maker_mid,0.001
HYPEUSD,3,freqai_mtf_rsi_thrust,32,-0.11239313761828806,0.28125,0.29049121807608175,-0.1092956285084248,0.004383456082798755,20,-0.05089856123087999,0.3,0.33029981588649193,-0.21727517321768974,KILL,maker_mid,0.001
GIGAUSD,5,adaptive_regime_switch,10,-0.08757689457101836,0.1,0.06237549750398292,-0.07443956874573739,0.004797404162508534,6,-0.06594,0.0,0.0,-0.2376911205972358,KILL,maker_mid,0.001
HYPEUSD,5,freqai_mtf_momentum_breakout_trail,17,-0.1245229484856395,0.23529411764705882,0.12167301810122622,-0.10363075737674599,0.005555106267631234,7,-0.053177756616955785,0.14285714285714285,0.09458813969536083,-0.24142294384213087,KILL,maker_mid,0.001
HYPEUSD,3,freqai_mtf_momentum_accel,35,-0.11789315075486417,0.37142857142857144,0.3230527397836762,-0.11751572233995569,0.005540606806279686,17,-0.0702633530004253,0.29411764705882354,0.19838942899132692,-0.24838005869197508,KILL,maker_mid,0.001
HYPEUSD,3,freqai_mtf_higher_low_structure,67,-0.12551684745029346,0.3880597014925373,0.5249304519507004,-0.11206067403083635,0.005667625314180014,35,-0.08836747694690383,0.34285714285714286,0.36460633082576044,-0.2791264896972903,KILL,maker_mid,0.001
HYPEUSD,5,freqai_mtf_momentum_accel,49,-0.10875481837079748,0.3877551020408163,0.6057977012530087,-0.11475370208789361,0.00667294536769631,25,-0.11209883061794612,0.28,0.17417516107144845,-0.289907399528371,KILL,maker_mid,0.001
DOGUSD,3,freqai_mtf_adaptive_union,57,-0.1432610743211925,0.3684210526315789,0.6132218945271798,-0.2264952158638737,0.012607817323500848,22,-0.09198042229738668,0.3181818181818182,0.3155163419646154,-0.2958644136578555,KILL,maker_mid,0.001
DOGUSD,5,freqai_mtf_adaptive_union,44,-0.21762479822354974,0.22727272727272727,0.4051011490379987,-0.240571126905495,0.016539561713943298,13,-0.07825054650267804,0.23076923076923078,0.32524851833416035,-0.36144660379186466,KILL,maker_mid,0.001
HYPEUSD,5,freqai_mtf_higher_low_structure,56,-0.15577214644526793,0.35714285714285715,0.46792093808459273,-0.15072704049798416,0.006015211821598456,34,-0.13201408013716143,0.3235294117647059,0.25746986227730995,-0.37600489677557736,KILL,maker_mid,0.001
HYPEUSD,3,freqai_mtf_adaptive_union,120,-0.3375128689139927,0.31666666666666665,0.35028597397735645,-0.2970573244170194,0.004932378533251225,58,-0.2245957955180763,0.27586206896551724,0.1811405630426719,-0.7167924612768619,KILL,maker_mid,0.001
HYPEUSD,5,freqai_mtf_adaptive_union,125,-0.5643172945018505,0.248,0.2881226614182673,-0.4627831670444184,0.005061976148254976,59,-0.24638803702147916,0.23728813559322035,0.2779781766099904,-0.9914810400076931,KILL,maker_mid,0.001
HYPEUSD,5,adaptive_consensus2,4,-0.04396000000000022,0.0,0.0,-0.03260898707329914,0.0024231020385471203,0,0.0,0.0,0.0,-2424728336207.645,KILL,maker_mid,0.001
DOGUSD,5,adaptive_quiet_burst,3,-0.03297000000000028,0.0,0.0,-0.021859219900000015,0.008092329522999911,1,-0.010990000000000055,0.0,0.0,-2969492356388.997,KILL,maker_mid,0.001
GIGAUSD,5,freqai_mtf_adaptive_union,38,0.06320486218629628,0.47368421052631576,1.329213807442905,-0.065077747280058,0.012582313998449468,14,0.07103105455446435,0.5,2.071776700911391,0.17673474880758908,KEEP,maker_optimistic,0.0003
GIGAUSD,3,freqai_mtf_higher_low_structure,23,0.023272817447463234,0.5217391304347826,1.1936265691088592,-0.05070071075046036,0.011755534760467954,11,0.06784102297525574,0.6363636363636364,2.9883335287734436,0.12864132935455802,KEEP,maker_optimistic,0.0003
COQUSD,3,freqai_mtf_momentum_accel,8,0.08456334955327816,0.5,2.3821605954901526,-0.030357047679749703,0.033385505890526135,5,0.02048284955327806,0.4,1.4463807340563823,0.12597388581925684,KEEP,maker_optimistic,0.0003
COQUSD,5,freqai_mtf_momentum_accel,9,0.0606670571412693,0.4444444444444444,1.7932667404304445,-0.045188221456964425,0.021946942707264296,5,0.03348950000000006,0.4,1.7298333932638146,0.11840320940033913,KEEP,maker_optimistic,0.0003
GIGAUSD,3,freqai_mtf_adaptive_union,33,0.053567857893567994,0.45454545454545453,1.443313112330469,-0.028649697419766057,0.011538712497526865,12,0.017829830722801865,0.3333333333333333,1.3373941480980192,0.08845670329616322,KEEP,maker_optimistic,0.0003
GIGAUSD,5,freqai_mtf_higher_low_structure,17,0.016273196288259295,0.47058823529411764,1.1650845761656863,-0.03968421114250891,0.011048504241471269,7,0.02825349647583697,0.5714285714285714,1.7659015775846885,0.06122415718589364,KEEP,maker_optimistic,0.0003
GIGAUSD,5,freqai_mtf_momentum_breakout_trail,9,0.015552593724388775,0.5555555555555556,1.2542021137653048,-0.03035704767974991,0.016242285838056498,5,0.01637871471128316,0.6,1.5354095881560983,0.04325027513283245,KEEP,maker_optimistic,0.0003
GIGAUSD,5,freqai_mtf_quiet_then_burst,10,0.00473847706209396,0.5,1.0770709648692947,-0.024441598547039985,0.01103127079276638,4,0.008979995102725069,0.5,1.365147323717719,0.019100999471793643,KEEP,maker_optimistic,0.0003
DOGUSD,3,freqai_mtf_momentum_breakout_trail,8,0.009966788907137647,0.5,1.2406182669103754,-0.03035704767975003,0.01416274051449154,6,0.0009278032285640059,0.5,1.0238398650073892,0.014039917276530136,KEEP,maker_optimistic,0.0003
GIGAUSD,3,freqai_mtf_volume_spike_trend,8,0.05403220633330563,0.625,2.464716131911387,-0.014393660602581028,0.01657639218987375,3,0.04708560000000028,0.6666666666666666,4.829218307797432,0.13545109112507675,KILL,maker_optimistic,0.0003
COQUSD,3,freqai_mtf_momentum_breakout_trail,4,0.11360558636114693,0.5,4.7136931241589615,-0.015295500000000092,0.04323186652663358,3,-0.0015725635837000596,0.3333333333333333,0.9485939137752915,0.12048187972043267,KILL,maker_optimistic,0.0003
COQUSD,3,freqai_mtf_higher_low_structure,6,0.05784856962923368,0.6666666666666666,3.3522563363762465,-0.01229640000000008,0.034758310277759996,4,0.023595198671099604,0.5,1.9594352278349612,0.10545084295153663,KILL,maker_optimistic,0.0003
GIGAUSD,3,freqai_mtf_rsi_thrust,7,0.03401820437353409,0.42857142857142855,2.7411922905147152,-0.012119138503281989,0.010911488152488293,4,0.036805723206267404,0.5,6.706218709239691,0.09892570194473764,KILL,maker_optimistic,0.0003
COQUSD,3,adaptive_higher_low,4,0.049648570958134575,0.75,5.821653972820735,-0.010296999999999806,0.04539010381984149,2,0.01739460000000037,0.5,2.6892881421773875,0.0890461063564347,KILL,maker_optimistic,0.0003
DOGUSD,3,adaptive_higher_low,3,0.012185000518221245,0.3333333333333333,1.7857944955977854,-0.005209599481778792,0.01027214066447398,1,0.02769160000000004,1.0,inf,0.05713387712378081,KILL,maker_optimistic,0.0003
COQUSD,5,adaptive_higher_low,4,0.03478920000000019,0.5,2.689288142177351,-0.01029700000000007,0.021545806360844355,3,0.007097600000000148,0.3333333333333333,1.3446440710886756,0.05336648741815685,KILL,maker_optimistic,0.0003
COQUSD,3,freqai_mtf_rsi_thrust,2,0.014384949553277848,0.5,2.1698504890275094,0.0,0.014449002447376125,2,0.014384949553277848,0.5,2.1698504890275094,0.039652928037332065,KILL,maker_optimistic,0.0003
GIGAUSD,5,freqai_mtf_volume_spike_trend,6,0.006386895000833781,0.5,1.1731372597083642,-0.024441598547039846,0.015252177726824781,3,0.01771546182528483,0.6666666666666666,2.4407031184155272,0.034463288278354966,KILL,maker_optimistic,0.0003
COQUSD,3,freqai_mtf_adaptive_union,11,0.05674745146461868,0.45454545454545453,1.769160776929545,-0.04260107164125975,0.025777353796086366,8,-0.020591901328900653,0.25,0.7208952575699571,0.033811250629660075,KILL,maker_optimistic,0.0003
HYPEUSD,5,freqai_mtf_rsi_thrust,18,0.028346735461857175,0.4444444444444444,1.3029894714769639,-0.06268421938917906,0.009006217535568517,8,-0.0009503630368882243,0.5,0.9690931294198473,0.031334189303399124,KILL,maker_optimistic,0.0003
GIGAUSD,5,freqai_mtf_triple_confluence,4,0.013823331922035775,0.5,1.8449164602198445,-0.015295499999999929,0.010865956601381177,2,0.007653223300069345,0.5,1.5003578372769335,0.02962772558583588,KILL,maker_optimistic,0.0003
HYPEUSD,5,adaptive_quiet_burst,3,0.008659594447971486,0.6666666666666666,2.1727865874157275,0.0,0.007099751563059827,1,0.009276605253718095,1.0,inf,0.028140493946157936,KILL,maker_optimistic,0.0003
DOGUSD,5,freqai_mtf_momentum_accel,11,-0.008887524924804158,0.45454545454545453,0.8370478773462099,-0.02387910343092886,0.013286779902492758,7,0.020811830423185573,0.7142857142857143,1.837789579253096,0.020047864563183523,KILL,maker_optimistic,0.0003
COQUSD,5,freqai_mtf_higher_low_structure,6,0.010196400000000327,0.3333333333333333,1.2073045769493589,-0.012296400000000004,0.016170819223856287,3,0.005098200000000053,0.3333333333333333,1.2073045769493544,0.01976355261853251,KILL,maker_optimistic,0.0003
GIGAUSD,3,adaptive_consensus2,6,0.005626517277799614,0.5,1.182140988566238,-0.010297000000000037,0.009312205395763199,2,0.0016947827731479403,0.5,1.164589955632512,0.010021221715100823,KILL,maker_optimistic,0.0003
COQUSD,5,adaptive_regime_switch,3,-0.007285666456325446,0.3333333333333333,0.6462238294490897,-0.010297000000000037,0.006507962098006785,1,0.013308333543674555,1.0,inf,0.009590384585828095,KILL,maker_optimistic,0.0003
COQUSD,3,adaptive_volume_spike_leader,2,0.019394000000000022,0.5,2.883461202291952,-0.01029699999999982,0.0633903049424156,1,-0.01029699999999989,0.0,0.0,0.008798454986496167,KILL,maker_optimistic,0.0003
COQUSD,5,freqai_mtf_rsi_thrust,2,0.022393099999999944,0.5,2.8211102436485618,-0.012296399999999937,0.02083984179746068,1,-0.012296399999999874,0.0,0.0,0.008714419137443512,KILL,maker_optimistic,0.0003
GIGAUSD,3,freqai_mtf_triple_confluence,6,-0.01283404912504471,0.5,0.6283707318524818,-0.015295500000000052,0.005495298088561047,3,0.01698972246011421,0.6666666666666666,4.878881464835219,0.008163904908207516,KILL,maker_optimistic,0.0003
GIGAUSD,3,adaptive_breakout_trail,2,0.005574050390306673,0.5,1.4533075038471974,0.0,0.013193499577245471,0,0.0,0.0,0.0,0.007421790647638195,KILL,maker_optimistic,0.0003
COQUSD,3,adaptive_quiet_burst,3,0.001154126724773441,0.3333333333333333,1.0560418920449375,-0.010297000000000148,0.007947705133898161,3,0.001154126724773441,0.3333333333333333,1.0560418920449375,0.0032454735167848302,KILL,maker_optimistic,0.0003
GIGAUSD,3,adaptive_volume_spike_leader,2,0.00029571579235554424,0.5,1.028718635753671,-0.010296999999999818,0.009018085171688006,2,0.00029571579235554424,0.5,1.028718635753671,0.000880849947912431,KILL,maker_optimistic,0.0003
GIGAUSD,3,adaptive_pullback_resume,0,0.0,0.0,0.0,0.0,0.0,0,0.0,0.0,0.0,0.0,KILL,maker_optimistic,0.0003
DOGUSD,3,freqai_mtf_triple_confluence,0,0.0,0.0,0.0,0.0,0.0,0,0.0,0.0,0.0,0.0,KILL,maker_optimistic,0.0003
DOGUSD,3,adaptive_breakout_trail,0,0.0,0.0,0.0,0.0,0.0,0,0.0,0.0,0.0,0.0,KILL,maker_optimistic,0.0003
DOGUSD,3,adaptive_pullback_resume,0,0.0,0.0,0.0,0.0,0.0,0,0.0,0.0,0.0,0.0,KILL,maker_optimistic,0.0003
COQUSD,3,freqai_mtf_triple_confluence,0,0.0,0.0,0.0,0.0,0.0,0,0.0,0.0,0.0,0.0,KILL,maker_optimistic,0.0003
COQUSD,3,adaptive_breakout_trail,0,0.0,0.0,0.0,0.0,0.0,0,0.0,0.0,0.0,0.0,KILL,maker_optimistic,0.0003
COQUSD,3,adaptive_pullback_resume,0,0.0,0.0,0.0,0.0,0.0,0,0.0,0.0,0.0,0.0,KILL,maker_optimistic,0.0003
COQUSD,3,adaptive_regime_switch,0,0.0,0.0,0.0,0.0,0.0,0,0.0,0.0,0.0,0.0,KILL,maker_optimistic,0.0003
HYPEUSD,3,adaptive_breakout_trail,0,0.0,0.0,0.0,0.0,0.0,0,0.0,0.0,0.0,0.0,KILL,maker_optimistic,0.0003
HYPEUSD,3,adaptive_pullback_resume,0,0.0,0.0,0.0,0.0,0.0,0,0.0,0.0,0.0,0.0,KILL,maker_optimistic,0.0003
GIGAUSD,5,adaptive_pullback_resume,0,0.0,0.0,0.0,0.0,0.0,0,0.0,0.0,0.0,0.0,KILL,maker_optimistic,0.0003
DOGUSD,5,adaptive_breakout_trail,0,0.0,0.0,0.0,0.0,0.0,0,0.0,0.0,0.0,0.0,KILL,maker_optimistic,0.0003
DOGUSD,5,adaptive_volume_spike_leader,0,0.0,0.0,0.0,0.0,0.0,0,0.0,0.0,0.0,0.0,KILL,maker_optimistic,0.0003
DOGUSD,5,adaptive_pullback_resume,0,0.0,0.0,0.0,0.0,0.0,0,0.0,0.0,0.0,0.0,KILL,maker_optimistic,0.0003
DOGUSD,5,adaptive_consensus2,0,0.0,0.0,0.0,0.0,0.0,0,0.0,0.0,0.0,0.0,KILL,maker_optimistic,0.0003
COQUSD,5,freqai_mtf_triple_confluence,0,0.0,0.0,0.0,0.0,0.0,0,0.0,0.0,0.0,0.0,KILL,maker_optimistic,0.0003
COQUSD,5,freqai_mtf_quiet_then_burst,0,0.0,0.0,0.0,0.0,0.0,0,0.0,0.0,0.0,0.0,KILL,maker_optimistic,0.0003
COQUSD,5,adaptive_breakout_trail,0,0.0,0.0,0.0,0.0,0.0,0,0.0,0.0,0.0,0.0,KILL,maker_optimistic,0.0003
COQUSD,5,adaptive_quiet_burst,0,0.0,0.0,0.0,0.0,0.0,0,0.0,0.0,0.0,0.0,KILL,maker_optimistic,0.0003
COQUSD,5,adaptive_pullback_resume,0,0.0,0.0,0.0,0.0,0.0,0,0.0,0.0,0.0,0.0,KILL,maker_optimistic,0.0003
HYPEUSD,5,adaptive_breakout_trail,0,0.0,0.0,0.0,0.0,0.0,0,0.0,0.0,0.0,0.0,KILL,maker_optimistic,0.0003
HYPEUSD,5,adaptive_pullback_resume,0,0.0,0.0,0.0,0.0,0.0,0,0.0,0.0,0.0,0.0,KILL,maker_optimistic,0.0003
GIGAUSD,3,freqai_mtf_momentum_breakout_trail,7,0.011467836939476062,0.5714285714285714,1.2499174471680359,-0.02402840611643482,0.014805929358541954,3,-0.01087590985414666,0.3333333333333333,0.6444735427365353,-0.0022130312355565884,KILL,maker_optimistic,0.0003
HYPEUSD,3,adaptive_volume_spike_leader,3,-0.011044405341742669,0.3333333333333333,0.4637076166969667,-0.010297000000000148,0.008737084399492648,1,0.009549594658257332,1.0,inf,-0.0022849001935946345,KILL,maker_optimistic,0.0003
HYPEUSD,3,adaptive_quiet_burst,7,-0.015965067238400077,0.5714285714285714,0.48318062741898876,-0.020487971791000134,0.008367430044202198,2,0.013632999440009286,1.0,inf,-0.002994419369715588,KILL,maker_optimistic,0.0003
DOGUSD,5,freqai_mtf_triple_confluence,1,-0.003452532270765807,0.0,0.0,0.0,0.009211984263902684,0,0.0,0.0,0.0,-0.003452532270765807,KILL,maker_optimistic,0.0003
HYPEUSD,3,adaptive_consensus2,5,-0.008836543934717112,0.4,0.6334672047447808,-0.013775278900225037,0.009789179474632448,2,0.006352296497273535,0.5,2.807470614226636,-0.0036240049074672447,KILL,maker_optimistic,0.0003
DOGUSD,5,freqai_mtf_rsi_thrust,5,-0.00939491491090183,0.4,0.6290255177285138,-0.009545857470380238,0.01225553828204191,3,0.006384190277541557,0.6666666666666666,1.6687917033489112,-0.004145571730592781,KILL,maker_optimistic,0.0003
DOGUSD,5,freqai_mtf_volume_spike_trend,9,-0.012010112223716618,0.3333333333333333,0.7708841703940281,-0.02172487778858164,0.01469719966276586,6,0.00627062116323196,0.5,1.1836809537303137,-0.005760909897057971,KILL,maker_optimistic,0.0003
HYPEUSD,3,freqai_mtf_triple_confluence,4,-0.003915195170799968,0.25,0.4080946689353873,-0.0018391270373078032,0.002981391357928076,3,0.0008594971001819607,0.3333333333333333,1.4671507800049626,-0.009016642738875483,KILL,maker_optimistic,0.0003
DOGUSD,5,freqai_mtf_momentum_breakout_trail,7,-0.022607937454834026,0.2857142857142857,0.5446181086449313,-0.027291565473170906,0.016555092980749482,4,0.013169796995709526,0.5,1.9496282496477422,-0.009733472668622362,KILL,maker_optimistic,0.0003
GIGAUSD,3,freqai_mtf_momentum_accel,18,-0.007644822909184779,0.3888888888888889,0.9171370238838409,-0.028840889846028464,0.00979881542665315,8,-0.0006274282474055815,0.375,0.9868786294161581,-0.010075194325455004,KILL,maker_optimistic,0.0003
DOGUSD,5,adaptive_higher_low,1,-0.01029699999999989,0.0,0.0,0.0,0.008999625693687285,0,0.0,0.0,0.0,-0.01029699999999989,KILL,maker_optimistic,0.0003
HYPEUSD,5,adaptive_volume_spike_leader,1,-0.01029699999999989,0.0,0.0,0.0,0.0,0,0.0,0.0,0.0,-0.01029699999999989,KILL,maker_optimistic,0.0003
DOGUSD,3,adaptive_volume_spike_leader,1,-0.010297,0.0,0.0,0.0,0.0006343891225155662,0,0.0,0.0,0.0,-0.010297,KILL,maker_optimistic,0.0003
GIGAUSD,3,freqai_mtf_quiet_then_burst,9,0.005711533987843742,0.4444444444444444,1.1389767627508414,-0.030286777780812787,0.007458381632925621,2,-0.012014136929582975,0.5,0.022954935624826714,-0.010835603896802938,KILL,maker_optimistic,0.0003
GIGAUSD,3,adaptive_higher_low,7,-0.011801617226852135,0.2857142857142857,0.7707756195619664,-0.020487971791000006,0.01000248614183054,2,0.0016947827731477183,0.5,1.164589955632487,-0.012158059121834545,KILL,maker_optimistic,0.0003
GIGAUSD,5,adaptive_volume_spike_leader,5,0.0007367286260822059,0.4,1.0238492967557609,-0.02048797179100006,0.013518770799389835,1,-0.010297,0.0,0.0,-0.014518808494782492,KILL,maker_optimistic,0.0003
HYPEUSD,5,adaptive_regime_switch,4,0.003594848343321355,0.25,1.1491839395840298,-0.023918959170546122,0.012611401157806068,2,-0.013799751656678794,0.0,0.0,-0.016114288469131915,KILL,maker_optimistic,0.0003
COQUSD,3,adaptive_consensus2,3,0.009097000000000133,0.3333333333333333,1.441730601145976,-0.020487971790999697,0.04440099557535119,2,-0.02059399999999978,0.0,0.0,-0.01951906752025557,KILL,maker_optimistic,0.0003
COQUSD,5,adaptive_volume_spike_leader,3,0.009097000000000244,0.3333333333333333,1.441730601145979,-0.02048797179099991,0.014754507942488967,2,-0.02059399999999989,0.0,0.0,-0.01951906752025561,KILL,maker_optimistic,0.0003
COQUSD,5,adaptive_consensus2,3,0.009097000000000244,0.3333333333333333,1.441730601145979,-0.02048797179099991,0.014754507942488967,2,-0.02059399999999989,0.0,0.0,-0.01951906752025561,KILL,maker_optimistic,0.0003
DOGUSD,3,adaptive_consensus2,3,-0.013718366537086246,0.3333333333333333,0.11532076692854747,-0.005209599481778792,0.01027214066447398,1,0.0017882329446925471,1.0,inf,-0.024089170915634853,KILL,maker_optimistic,0.0003
DOGUSD,5,adaptive_quiet_burst,3,-0.0172331852589529,0.3333333333333333,0.16319387885048636,-0.010297000000000035,0.008564519163440476,1,0.0033608147410468803,1.0,inf,-0.024809783483721468,KILL,maker_optimistic,0.0003
COQUSD,3,freqai_mtf_volume_spike_trend,6,0.007186749553277916,0.3333333333333333,1.1461149107315545,-0.03643745487466605,0.02701683193680097,5,-0.022504250446721996,0.2,0.5424626222568786,-0.025167604250928146,KILL,maker_optimistic,0.0003
DOGUSD,5,adaptive_regime_switch,4,-0.007372768967657595,0.25,0.6933957510114259,-0.010296999999999947,0.00654771030602469,1,-0.010297,0.0,0.0,-0.02570743718896027,KILL,maker_optimistic,0.0003
GIGAUSD,5,freqai_mtf_rsi_thrust,3,-0.016269404161608714,0.3333333333333333,0.338448482417269,-0.012296400000000056,0.012303145360411216,2,-0.003973004161608618,0.5,0.676896964834538,-0.030119097236675454,KILL,maker_optimistic,0.0003
DOGUSD,3,adaptive_quiet_burst,10,-0.036788163458499556,0.2,0.501512348359777,-0.04569518189414127,0.006788534845104088,3,0.009664695427971215,0.3333333333333333,1.536126176812812,-0.03151172056436577,KILL,maker_optimistic,0.0003
DOGUSD,3,adaptive_regime_switch,8,-0.013005101924319695,0.375,0.5657745168370216,-0.010296999999999923,0.004463868203945814,2,-0.008756292107993446,0.0,0.0,-0.032075584086236474,KILL,maker_optimistic,0.0003
DOGUSD,3,freqai_mtf_quiet_then_burst,22,-0.03171031316692652,0.4090909090909091,0.6957307004790566,-0.05105922576651244,0.010078020471768161,8,0.0042270689360015545,0.375,1.1836275964954621,-0.03221862435391189,KILL,maker_optimistic,0.0003
GIGAUSD,5,adaptive_higher_low,5,-0.013496399999999742,0.2,0.6723220355443396,-0.020487971791000006,0.010105060849190783,1,-0.010297,0.0,0.0,-0.03249465003553663,KILL,maker_optimistic,0.0003
GIGAUSD,3,adaptive_quiet_burst,6,-0.017825527491568294,0.16666666666666666,0.586530883969531,-0.032439292861812664,0.0053691913381745575,1,-0.010297,0.0,0.0,-0.03838049159795316,KILL,maker_optimistic,0.0003
GIGAUSD,5,adaptive_consensus2,6,-0.019706466094181918,0.16666666666666666,0.6010632193843846,-0.020487971791000047,0.008935464867085222,1,-0.010297,0.0,0.0,-0.040125417718909005,KILL,maker_optimistic,0.0003
GIGAUSD,3,adaptive_regime_switch,7,-0.024289550249554703,0.2857142857142857,0.5282208361745216,-0.030574007145468037,0.009742032732426464,3,-0.008043817686272825,0.3333333333333333,0.6094096491078533,-0.04421866229112065,KILL,maker_optimistic,0.0003
HYPEUSD,3,adaptive_regime_switch,7,-0.026621138746662054,0.2857142857142857,0.12607508628398179,-0.016592763779433403,0.005436106643231765,3,0.00033922769641459016,0.6666666666666666,1.096888444083874,-0.04546278546223332,KILL,maker_optimistic,0.0003
HYPEUSD,3,freqai_mtf_volume_spike_trend,22,-0.010731716109830147,0.5454545454545454,0.8792530316786895,-0.03624158402786814,0.0077371632777938045,11,-0.023375924989573527,0.36363636363636365,0.5524630491078124,-0.0482719299716618,KILL,maker_optimistic,0.0003
DOGUSD,3,freqai_mtf_rsi_thrust,6,-0.02038399177132244,0.5,0.20762260587058284,-0.022196161349133086,0.0059277203561670655,3,-0.011548623998991814,0.3333333333333333,0.1400046480965269,-0.051432834671615774,KILL,maker_optimistic,0.0003
HYPEUSD,3,adaptive_higher_low,8,-0.030891747962319305,0.25,0.256372125944595,-0.030125120306350804,0.006840577916364027,4,-0.006695753956347805,0.25,0.5957284980850786,-0.05670173739679562,KILL,maker_optimistic,0.0003
HYPEUSD,3,freqai_mtf_quiet_then_burst,17,-0.03460866048131772,0.5294117647058824,0.5267958619251919,-0.03314566792620902,0.006249800429091061,5,-0.008553135752325969,0.4,0.39808699233153355,-0.05730198614684087,KILL,maker_optimistic,0.0003
DOGUSD,3,freqai_mtf_momentum_accel,17,-0.027954390984584965,0.5294117647058824,0.5532402998881796,-0.041759492798944295,0.009506919338646676,10,-0.016651780027594154,0.5,0.607162431209084,-0.0612209072410454,KILL,maker_optimistic,0.0003
COQUSD,5,freqai_mtf_momentum_breakout_trail,4,-0.014932992107055676,0.25,0.6745667656706077,-0.030357047679750067,0.013551610647795476,2,-0.030591000000000035,0.0,0.0,-0.06404831641862195,KILL,maker_optimistic,0.0003
COQUSD,5,freqai_mtf_volume_spike_trend,4,-0.007198199999999599,0.25,0.8048697179662435,-0.03643745487466593,0.011724538545500096,3,-0.03688919999999973,0.0,0.0,-0.06424637145429253,KILL,maker_optimistic,0.0003
GIGAUSD,5,adaptive_quiet_burst,4,-0.028954271373917706,0.25,0.06269556265845377,-0.030574007145468034,0.0057211481738692616,1,-0.010297,0.0,0.0,-0.06806734833176131,KILL,maker_optimistic,0.0003
COQUSD,3,freqai_mtf_quiet_then_burst,6,-0.03179099999999968,0.16666666666666666,0.48292183077974404,-0.04828580535454522,0.0068996177979916045,5,-0.019494599999999696,0.2,0.6036522884746803,-0.06860445718143927,KILL,maker_optimistic,0.0003
GIGAUSD,5,freqai_mtf_momentum_accel,19,-0.028827407185150866,0.47368421052631576,0.7729793717182298,-0.0597925450156692,0.01026805769542673,9,-0.024768528460763495,0.3333333333333333,0.6235754137919293,-0.07054495697226244,KILL,maker_optimistic,0.0003
HYPEUSD,5,freqai_mtf_triple_confluence,5,-0.032996391149089255,0.0,0.0,-0.017593990880848506,0.003409203671765404,4,-0.017700891149089237,0.0,0.0,-0.08704552199571253,KILL,maker_optimistic,0.0003
HYPEUSD,3,freqai_mtf_momentum_breakout_trail,8,-0.029045087495687683,0.375,0.533135667766938,-0.034501384486256316,0.006419477335996265,3,-0.034865085421432074,0.0,0.0,-0.08895437608655093,KILL,maker_optimistic,0.0003
HYPEUSD,3,freqai_mtf_rsi_thrust,32,-0.05874269889282435,0.375,0.5047157493749039,-0.06737692284812703,0.005172861402151084,20,-0.011209002392738254,0.45,0.7559274005838981,-0.0905281227887115,KILL,maker_optimistic,0.0003
HYPEUSD,3,freqai_mtf_higher_low_structure,67,-0.030681876455203372,0.44776119402985076,0.8527088513902188,-0.06271927257474064,0.006246007749988923,35,-0.04207515031067366,0.34285714285714286,0.6163324527524893,-0.09890477002210935,KILL,maker_optimistic,0.0003
COQUSD,5,freqai_mtf_adaptive_union,13,-0.023849151283981795,0.23076923076923078,0.7979884607015947,-0.059988463777583496,0.018866348313991664,4,-0.04918559999999983,0.0,0.0,-0.10108388046556356,KILL,maker_optimistic,0.0003
DOGUSD,5,freqai_mtf_higher_low_structure,12,-0.05868094604709895,0.3333333333333333,0.32377141143221105,-0.0499190762204778,0.012476274869492432,7,-0.019661317145322488,0.42857142857142855,0.5765846277273589,-0.10456149576403664,KILL,maker_optimistic,0.0003
DOGUSD,5,freqai_mtf_quiet_then_burst,9,-0.0436610283279566,0.3333333333333333,0.40821394435286235,-0.04508727025991724,0.012664363467513972,6,-0.035265049953738026,0.3333333333333333,0.28302084443946707,-0.10908128681528194,KILL,maker_optimistic,0.0003
HYPEUSD,5,adaptive_higher_low,7,-0.058372190445373784,0.14285714285714285,0.0551909869318897,-0.05043557954053378,0.003437795963239105,2,-0.006887190445374003,0.5,0.33114592159133704,-0.11128924698321102,KILL,maker_optimistic,0.0003
HYPEUSD,5,freqai_mtf_quiet_then_burst,15,-0.06954993034774981,0.3333333333333333,0.276589341015401,-0.057143125587216036,0.005165582879461154,6,-0.020546337868669662,0.5,0.4430256587654449,-0.12284307696476988,KILL,maker_optimistic,0.0003
HYPEUSD,5,freqai_mtf_momentum_breakout_trail,17,-0.07774998270042288,0.29411764705882354,0.30948913241889936,-0.07233711547261079,0.006798638398145945,7,-0.01755830294025218,0.2857142857142857,0.5188490123345986,-0.12471335212719607,KILL,maker_optimistic,0.0003
DOGUSD,3,freqai_mtf_volume_spike_trend,17,-0.04095535809662976,0.4117647058823529,0.4181642613589218,-0.05065442167267247,0.010902504053551388,13,-0.04962431475139284,0.23076923076923078,0.29500799969052155,-0.12878560216277224,KILL,maker_optimistic,0.0003
DOGUSD,3,freqai_mtf_higher_low_structure,15,-0.052265211349805774,0.4,0.3841645813027621,-0.06103361563500742,0.011267860174185204,10,-0.04427970276721849,0.4,0.33676261578641886,-0.13430575484604595,KILL,maker_optimistic,0.0003
HYPEUSD,5,freqai_mtf_volume_spike_trend,17,-0.07987216072128556,0.29411764705882354,0.2554674911533284,-0.07287436671986189,0.004975905363936752,8,-0.020693575751748128,0.5,0.35354279107202896,-0.13471567101720092,KILL,maker_optimistic,0.0003
HYPEUSD,5,freqai_mtf_momentum_accel,49,-0.03460482650105423,0.4489795918367347,0.8497103409879183,-0.07786261076178655,0.007302064509769967,25,-0.06671498834040657,0.36,0.3437731887814059,-0.13883165207801595,KILL,maker_optimistic,0.0003
HYPEUSD,3,freqai_mtf_momentum_accel,35,-0.07246941020466435,0.45714285714285713,0.5157454456972907,-0.08030392049400258,0.006074301928321698,17,-0.048612371082538575,0.4117647058823529,0.35048736693443816,-0.16048098639052702,KILL,maker_optimistic,0.0003
DOGUSD,3,freqai_mtf_adaptive_union,57,-0.08127540095578423,0.42105263157894735,0.7597865136670082,-0.1816036068835435,0.01323049108121922,22,-0.06616815894752892,0.36363636363636365,0.4442722051475886,-0.1887426464755197,KILL,maker_optimistic,0.0003
HYPEUSD,5,freqai_mtf_higher_low_structure,56,-0.052502500340816605,0.44642857142857145,0.7744104788457205,-0.1210880231195214,0.006783375682051078,34,-0.09009515304455229,0.38235294117647056,0.4110481573130192,-0.19500613690045138,KILL,maker_optimistic,0.0003
GIGAUSD,5,adaptive_regime_switch,10,-0.07923045167265563,0.1,0.08367714509296312,-0.0698902286006446,0.005220635376058214,6,-0.061782000000000004,0.0,0.0,-0.21607571746750998,KILL,maker_optimistic,0.0003
DOGUSD,5,freqai_mtf_adaptive_union,44,-0.17224953705744894,0.2727272727272727,0.48578635577433754,-0.2068790055485254,0.0171714043997918,13,-0.06570978122957105,0.23076923076923078,0.3856624679044383,-0.29152087611630045,KILL,maker_optimistic,0.0003
HYPEUSD,3,freqai_mtf_adaptive_union,121,-0.19159145847385073,0.39669421487603307,0.5567433756927206,-0.19100525443884886,0.00532257864408783,58,-0.14544470195485915,0.29310344827586204,0.3335963340889162,-0.4333227344192149,KILL,maker_optimistic,0.0003
HYPEUSD,5,freqai_mtf_adaptive_union,125,-0.3794707023975278,0.296,0.4309300812936055,-0.356130395805072,0.005692275618282372,59,-0.17375192899157865,0.288135593220339,0.40119630615350027,-0.6777937532275276,KILL,maker_optimistic,0.0003
GIGAUSD,5,adaptive_breakout_trail,2,-0.024592799999999748,0.0,0.0,-0.012296399999999768,0.004901354582141693,1,-0.012296399999999763,0.0,0.0,-1107561249160.0032,KILL,maker_optimistic,0.0003
HYPEUSD,5,adaptive_consensus2,4,-0.04118799999999978,0.0,0.0,-0.030574007145467923,0.002949640248511076,0,0.0,0.0,0.0,-3212854853475.6704,KILL,maker_optimistic,0.0003
