pair,interval,strategy,trades_full,net_full,avg_full,win_full,pf_full,dd_full,mfe_full,sharpe_full,bars_full,trades_recent,net_recent,avg_recent,win_recent,pf_recent,dd_recent,mfe_recent,sharpe_recent,score,verdict
GIGAUSD,60,momentum_breakout,9,0.09759355961283356,0.010843728845870395,0.6666666666666666,2.80193239746371,-0.03578107113774999,0.034202749917380974,1.2647829330860967,3.074485739647254,8,0.09732551453865879,0.012165689317332348,0.625,2.796983309582786,-0.01805350000000022,0.03487906813328043,1.2665629017630722,0.2562296607516827,KEEP
GIGAUSD,30,momentum_breakout_trail,44,0.1331185539548685,0.0030254216807924657,0.5227272727272727,1.366111701813635,-0.09841458315404805,0.0212878696629616,0.6603246491691336,2.385286271290786,24,0.032673718981125144,0.001361404957546881,0.5833333333333334,1.1809827400843338,-0.07863413759342812,0.019968364950502738,0.28996367159487735,0.18873237891824754,KEEP
GIGAUSD,60,volume_spike_trend,40,0.023443501196020677,0.0005860875299005169,0.475,1.0790473484197936,-0.15752255322930636,0.018622567375051285,0.21325687482105968,2.5284994789857587,20,0.10671878028756077,0.005335939014378038,0.65,2.130848496358614,-0.07678091850376201,0.019759555249722227,1.4306326514814842,0.18565424037557243,KEEP
GIGAUSD,30,triple_confluence,13,0.045449961909363235,0.0034961509161048642,0.46153846153846156,1.4680966641645548,-0.03578107113775006,0.024372569077777236,0.5690164310796553,4.332002083695086,9,0.07344696332763723,0.008160773703070803,0.5555555555555556,2.256420252841681,-0.018053500000000215,0.029890632010634688,1.0125212514066455,0.16131057121161563,KEEP
GIGAUSD,15,triple_confluence,17,0.07477787880978426,0.004398698753516721,0.47058823529411764,1.7186332217368934,-0.056303869011221454,0.017979928384479,0.8657366829554364,3.8748461620953614,9,0.038554040759757546,0.004283782306639727,0.5555555555555556,1.828864532751992,-0.028374942051209787,0.018502875344886444,0.6891311448162465,0.14126630677897495,KEEP
GIGAUSD,30,atr_squeeze_expand,12,0.04269413407492395,0.0035578445062436626,0.5,1.5410245266358926,-0.029898712056160074,0.021220186168231254,0.6529511135533863,3.5553047404063203,10,0.049566865040458374,0.004956686504045837,0.5,1.776293323055083,-0.02989871205616017,0.02272307686676609,0.7913023221053954,0.12357394277114538,KEEP
GIGAUSD,60,triple_confluence,7,0.06322527959693058,0.009032182799561512,0.5714285714285714,2.67036629221038,-0.01976615876385903,0.030888898392776008,1.029446890872141,3.816602987148315,5,0.019474091421978423,0.0038948182843956845,0.4,1.5144914516799584,-0.01805350000000011,0.03239005374775354,0.34390395243386007,0.10273088563861962,KEEP
GIGAUSD,15,momentum_breakout,9,0.0210126850702802,0.002334742785586689,0.5555555555555556,1.4092246841270484,-0.0328123076499645,0.017507736733057142,0.37578624555793927,3.125888628449615,7,0.04570980405399194,0.006529972007713135,0.7142857142857143,2.7151618837155613,-0.018053499999999906,0.019171369495058092,0.9106102798338757,0.09333525360684751,KEEP
GIGAUSD,15,atr_squeeze_expand,10,0.023042876414298252,0.0023042876414298254,0.4,1.463825660511529,-0.04518510638164549,0.01450370547692419,0.46955896893784604,5.009045924125358,7,0.03973236348631859,0.005676051926616942,0.5714285714285714,2.20435586658504,-0.015062800000000086,0.019334738257315687,0.8513840139834211,0.0873370113331546,KEEP
DOGUSD,60,bb_squeeze_breakout,6,0.022316115474835696,0.0037193525791392825,0.5,1.4938461081789949,-0.015062800000000083,0.03887501160054729,0.3969025210582794,1.3328702095635059,2,0.03571301547483596,0.01785650773741798,1.0,inf,0.0,0.03441554263381208,1.2814149732516162,0.07985466389767243,KEEP
COQUSD,30,red_streak_reversal,6,0.011306999999999956,0.0018844999999999927,0.5,1.2883923789119296,-0.013068999999999982,0.01202157940627265,0.2817982481424657,1.1210279562424033,4,0.03744499999999973,0.009361249999999932,0.75,3.865177136735767,-0.01306899999999992,0.017685079693526395,1.2520480155147573,0.07029248248142421,KEEP
GIGAUSD,30,breakout_asymmetric,5,0.011743907201797854,0.0023487814403595707,0.2,1.2611492765758163,-0.018756774938422448,0.030623730102865565,0.17188626396946274,3.4130925507900676,3,0.03788190720179796,0.01262730240059932,0.3333333333333333,3.01156120075058,-0.01306899999999992,0.039691531645063304,0.5702355395204368,0.07028563064418943,KEEP
HYPEUSD,60,bb_squeeze_breakout,6,0.013206665489706282,0.002201110914951047,0.5,1.2922578690483901,-0.029898712056160005,0.024107579749299817,0.2682136335660699,3.6666666666666665,6,0.013206665489706282,0.002201110914951047,0.5,1.2922578690483901,-0.029898712056160005,0.024107579749299817,0.2682136335660699,0.03569880005992641,KEEP
DOGUSD,15,atr_squeeze_expand,14,0.00954742997456881,0.0006819592838977721,0.5,1.1010870361769214,-0.04451264945171321,0.014838813898191115,0.15020126082429233,3.326181588183498,9,0.013969733735431311,0.0015521926372701457,0.4444444444444444,1.2171843133439122,-0.019072302001883527,0.015144069064062342,0.2383535128994249,0.0320040431859587,KEEP
COQUSD,15,momentum_breakout_trail,56,-0.17509383100424347,-0.0031266755536472047,0.23214285714285715,0.7697985448435465,-0.3446478174170023,0.027466854251791083,-0.43628270557031346,1.5834242803814813,24,0.19797708691015148,0.008249045287922979,0.2916666666666667,1.6551484262514913,-0.13932334237212018,0.027623454478256232,0.5048673846632296,0.11750897230528061,KILL
GIGAUSD,30,rsi_momentum_thrust,52,-0.02469548058039328,-0.0004749130880844862,0.36538461538461536,0.9378726927832498,-0.15219808137436433,0.017585443436786037,-0.1935637978821689,3.0028650807431845,22,0.07034418579831325,0.0031974629908324208,0.5,1.548662199028621,-0.038381602783633686,0.016660802845586745,0.8276909392651194,0.0788851601382549,KILL
DOGUSD,60,triple_confluence,5,-0.014444853164679916,-0.0028889706329359834,0.4,0.7332954244388457,-0.03578107113774995,0.016139775498453045,-0.2734307899877071,2.3991663772143106,2,0.03971564683532014,0.01985782341766007,1.0,inf,0.0,0.03565393962797481,1.2460742782396974,0.04239430918842322,KILL
COQUSD,30,rsi_oversold_trend,1,0.01683800000000013,0.01683800000000013,1.0,inf,0.0,0.02385308247136564,0.0,0.7473519708282689,1,0.01683800000000013,0.01683800000000013,1.0,inf,0.0,0.02385308247136564,0.0,0.04209500000000033,KILL
SOLUSD,60,macd_trend_long,1,0.026807000000000247,0.026807000000000247,1.0,inf,0.0,0.04113024800117193,0.0,0.0,0,0.0,0.0,0.0,0.0,0.0,0.0,0.0,0.026807000000000247,KILL
COQUSD,15,macd_trend_long,3,-0.0033185999999999494,-0.0011061999999999832,0.3333333333333333,0.8898411981836062,-0.01506280000000003,0.13270099449911518,-0.0792599916885189,2.3718783459212314,2,0.011744199999999982,0.005872099999999991,0.5,1.779682396367206,-0.015062800000000136,0.19905149174867276,0.28049333887431904,0.013505100083114835,KILL
SOLUSD,60,volume_climax_reversal,5,0.01184495907317662,0.002368991814635324,0.6,1.3931858310930434,-0.015062800000000098,0.017017558182595715,0.3251681715717195,2.2,2,-0.006768240926823155,-0.0033841204634115774,0.5,0.5506651534360719,-0.015062800000000081,0.010074902990388157,-0.2897691004200749,0.0049442793986590825,KILL
GIGAUSD,15,momentum_accel,113,-0.12229449997646824,-0.0010822522121811348,0.36283185840707965,0.8714208620589372,-0.29300228434421627,0.015240044589964813,-0.6068334818744081,3.187961098515957,58,0.08800824344008895,0.0015173835075877405,0.4482758620689655,1.204316514935953,-0.059931393936315594,0.018198390695825847,0.592702799703935,0.0036495303649211053,KILL
GIGAUSD,15,macd_trend_long,0,0.0,0.0,0.0,0.0,0.0,0.0,0.0,0.0,0,0.0,0.0,0.0,0.0,0.0,0.0,0.0,0.0,KILL
GIGAUSD,15,rsi_oversold_trend,0,0.0,0.0,0.0,0.0,0.0,0.0,0.0,0.0,0,0.0,0.0,0.0,0.0,0.0,0.0,0.0,0.0,KILL
GIGAUSD,15,dip_buy_confluence,0,0.0,0.0,0.0,0.0,0.0,0.0,0.0,0.0,0,0.0,0.0,0.0,0.0,0.0,0.0,0.0,0.0,KILL
GIGAUSD,30,macd_trend_long,0,0.0,0.0,0.0,0.0,0.0,0.0,0.0,0.0,0,0.0,0.0,0.0,0.0,0.0,0.0,0.0,0.0,KILL
GIGAUSD,30,rsi_oversold_trend,0,0.0,0.0,0.0,0.0,0.0,0.0,0.0,0.0,0,0.0,0.0,0.0,0.0,0.0,0.0,0.0,0.0,KILL
GIGAUSD,30,dip_buy_confluence,0,0.0,0.0,0.0,0.0,0.0,0.0,0.0,0.0,0,0.0,0.0,0.0,0.0,0.0,0.0,0.0,0.0,KILL
GIGAUSD,60,macd_trend_long,0,0.0,0.0,0.0,0.0,0.0,0.0,0.0,0.0,0,0.0,0.0,0.0,0.0,0.0,0.0,0.0,0.0,KILL
GIGAUSD,60,rsi_oversold_trend,0,0.0,0.0,0.0,0.0,0.0,0.0,0.0,0.0,0,0.0,0.0,0.0,0.0,0.0,0.0,0.0,0.0,KILL
GIGAUSD,60,vwap_reclaim_trend,0,0.0,0.0,0.0,0.0,0.0,0.0,0.0,0.0,0,0.0,0.0,0.0,0.0,0.0,0.0,0.0,0.0,KILL
GIGAUSD,60,dip_buy_confluence,0,0.0,0.0,0.0,0.0,0.0,0.0,0.0,0.0,0,0.0,0.0,0.0,0.0,0.0,0.0,0.0,0.0,KILL
DOGUSD,15,macd_trend_long,0,0.0,0.0,0.0,0.0,0.0,0.0,0.0,0.0,0,0.0,0.0,0.0,0.0,0.0,0.0,0.0,0.0,KILL
DOGUSD,15,rsi_oversold_trend,0,0.0,0.0,0.0,0.0,0.0,0.0,0.0,0.0,0,0.0,0.0,0.0,0.0,0.0,0.0,0.0,0.0,KILL
DOGUSD,15,dip_buy_confluence,0,0.0,0.0,0.0,0.0,0.0,0.0,0.0,0.0,0,0.0,0.0,0.0,0.0,0.0,0.0,0.0,0.0,KILL
DOGUSD,30,rsi_oversold_trend,0,0.0,0.0,0.0,0.0,0.0,0.0,0.0,0.0,0,0.0,0.0,0.0,0.0,0.0,0.0,0.0,0.0,KILL
DOGUSD,30,vwap_reclaim_trend,0,0.0,0.0,0.0,0.0,0.0,0.0,0.0,0.0,0,0.0,0.0,0.0,0.0,0.0,0.0,0.0,0.0,KILL
DOGUSD,30,dip_buy_confluence,0,0.0,0.0,0.0,0.0,0.0,0.0,0.0,0.0,0,0.0,0.0,0.0,0.0,0.0,0.0,0.0,0.0,KILL
DOGUSD,60,rsi_oversold_trend,0,0.0,0.0,0.0,0.0,0.0,0.0,0.0,0.0,0,0.0,0.0,0.0,0.0,0.0,0.0,0.0,0.0,KILL
DOGUSD,60,vwap_reclaim_trend,0,0.0,0.0,0.0,0.0,0.0,0.0,0.0,0.0,0,0.0,0.0,0.0,0.0,0.0,0.0,0.0,0.0,KILL
DOGUSD,60,dip_buy_confluence,0,0.0,0.0,0.0,0.0,0.0,0.0,0.0,0.0,0,0.0,0.0,0.0,0.0,0.0,0.0,0.0,0.0,KILL
SOLUSD,15,macd_trend_long,0,0.0,0.0,0.0,0.0,0.0,0.0,0.0,0.0,0,0.0,0.0,0.0,0.0,0.0,0.0,0.0,0.0,KILL
SOLUSD,15,rsi_oversold_trend,0,0.0,0.0,0.0,0.0,0.0,0.0,0.0,0.0,0,0.0,0.0,0.0,0.0,0.0,0.0,0.0,0.0,KILL
SOLUSD,15,deep_vwap_pullback,0,0.0,0.0,0.0,0.0,0.0,0.0,0.0,0.0,0,0.0,0.0,0.0,0.0,0.0,0.0,0.0,0.0,KILL
SOLUSD,15,dip_buy_confluence,0,0.0,0.0,0.0,0.0,0.0,0.0,0.0,0.0,0,0.0,0.0,0.0,0.0,0.0,0.0,0.0,0.0,KILL
SOLUSD,30,macd_trend_long,0,0.0,0.0,0.0,0.0,0.0,0.0,0.0,0.0,0,0.0,0.0,0.0,0.0,0.0,0.0,0.0,0.0,KILL
SOLUSD,30,rsi_oversold_trend,0,0.0,0.0,0.0,0.0,0.0,0.0,0.0,0.0,0,0.0,0.0,0.0,0.0,0.0,0.0,0.0,0.0,KILL
SOLUSD,30,dip_buy_confluence,0,0.0,0.0,0.0,0.0,0.0,0.0,0.0,0.0,0,0.0,0.0,0.0,0.0,0.0,0.0,0.0,0.0,KILL
SOLUSD,30,breakout_asymmetric,0,0.0,0.0,0.0,0.0,0.0,0.0,0.0,0.0,0,0.0,0.0,0.0,0.0,0.0,0.0,0.0,0.0,KILL
SOLUSD,60,rsi_oversold_trend,0,0.0,0.0,0.0,0.0,0.0,0.0,0.0,0.0,0,0.0,0.0,0.0,0.0,0.0,0.0,0.0,0.0,KILL
SOLUSD,60,dip_buy_confluence,0,0.0,0.0,0.0,0.0,0.0,0.0,0.0,0.0,0,0.0,0.0,0.0,0.0,0.0,0.0,0.0,0.0,KILL
HYPEUSD,15,macd_trend_long,0,0.0,0.0,0.0,0.0,0.0,0.0,0.0,0.0,0,0.0,0.0,0.0,0.0,0.0,0.0,0.0,0.0,KILL
HYPEUSD,15,rsi_oversold_trend,0,0.0,0.0,0.0,0.0,0.0,0.0,0.0,0.0,0,0.0,0.0,0.0,0.0,0.0,0.0,0.0,0.0,KILL
HYPEUSD,15,dip_buy_confluence,0,0.0,0.0,0.0,0.0,0.0,0.0,0.0,0.0,0,0.0,0.0,0.0,0.0,0.0,0.0,0.0,0.0,KILL
HYPEUSD,15,breakout_asymmetric,0,0.0,0.0,0.0,0.0,0.0,0.0,0.0,0.0,0,0.0,0.0,0.0,0.0,0.0,0.0,0.0,0.0,KILL
HYPEUSD,30,macd_trend_long,0,0.0,0.0,0.0,0.0,0.0,0.0,0.0,0.0,0,0.0,0.0,0.0,0.0,0.0,0.0,0.0,0.0,KILL
HYPEUSD,30,rsi_oversold_trend,0,0.0,0.0,0.0,0.0,0.0,0.0,0.0,0.0,0,0.0,0.0,0.0,0.0,0.0,0.0,0.0,0.0,KILL
HYPEUSD,30,vwap_reclaim_trend,0,0.0,0.0,0.0,0.0,0.0,0.0,0.0,0.0,0,0.0,0.0,0.0,0.0,0.0,0.0,0.0,0.0,KILL
HYPEUSD,30,dip_buy_confluence,0,0.0,0.0,0.0,0.0,0.0,0.0,0.0,0.0,0,0.0,0.0,0.0,0.0,0.0,0.0,0.0,0.0,KILL
HYPEUSD,60,macd_trend_long,0,0.0,0.0,0.0,0.0,0.0,0.0,0.0,0.0,0,0.0,0.0,0.0,0.0,0.0,0.0,0.0,0.0,KILL
HYPEUSD,60,rsi_oversold_trend,0,0.0,0.0,0.0,0.0,0.0,0.0,0.0,0.0,0,0.0,0.0,0.0,0.0,0.0,0.0,0.0,0.0,KILL
HYPEUSD,60,vwap_reclaim_trend,0,0.0,0.0,0.0,0.0,0.0,0.0,0.0,0.0,0,0.0,0.0,0.0,0.0,0.0,0.0,0.0,0.0,KILL
HYPEUSD,60,dip_buy_confluence,0,0.0,0.0,0.0,0.0,0.0,0.0,0.0,0.0,0,0.0,0.0,0.0,0.0,0.0,0.0,0.0,0.0,KILL
COQUSD,15,dip_buy_confluence,0,0.0,0.0,0.0,0.0,0.0,0.0,0.0,0.0,0,0.0,0.0,0.0,0.0,0.0,0.0,0.0,0.0,KILL
COQUSD,30,dip_buy_confluence,0,0.0,0.0,0.0,0.0,0.0,0.0,0.0,0.0,0,0.0,0.0,0.0,0.0,0.0,0.0,0.0,0.0,KILL
COQUSD,60,macd_trend_long,0,0.0,0.0,0.0,0.0,0.0,0.0,0.0,0.0,0,0.0,0.0,0.0,0.0,0.0,0.0,0.0,0.0,KILL
COQUSD,60,rsi_oversold_trend,0,0.0,0.0,0.0,0.0,0.0,0.0,0.0,0.0,0,0.0,0.0,0.0,0.0,0.0,0.0,0.0,0.0,KILL
COQUSD,60,red_streak_reversal,0,0.0,0.0,0.0,0.0,0.0,0.0,0.0,0.0,0,0.0,0.0,0.0,0.0,0.0,0.0,0.0,0.0,KILL
COQUSD,60,vwap_reclaim_trend,0,0.0,0.0,0.0,0.0,0.0,0.0,0.0,0.0,0,0.0,0.0,0.0,0.0,0.0,0.0,0.0,0.0,KILL
COQUSD,60,dip_buy_confluence,0,0.0,0.0,0.0,0.0,0.0,0.0,0.0,0.0,0,0.0,0.0,0.0,0.0,0.0,0.0,0.0,0.0,KILL
HYPEUSD,30,momentum_breakout,6,-0.0009784134204090522,-0.0001630689034015087,0.3333333333333333,0.982636881588524,-0.055261733723346904,0.01684152068344465,-0.01655251737725887,3.1666666666666665,6,-0.0009784134204090522,-0.0001630689034015087,0.3333333333333333,0.982636881588524,-0.055261733723346904,0.01684152068344465,-0.01655251737725887,-0.0026115587247952194,KILL
GIGAUSD,30,volume_climax_reversal,14,-0.0052010919652623055,-0.0003715065689473075,0.42857142857142855,0.9453288567252452,-0.03146591828794054,0.01519288758696973,-0.0943390008214219,2.4988713318284423,7,0.00219328563465504,0.0003133265192364343,0.42857142857142855,1.0453901740374112,-0.018147932940522506,0.015687357379693685,0.05173841452193688,-0.0028545535214939645,KILL
GIGAUSD,60,volume_climax_reversal,10,-0.01782593612470118,-0.001782593612470118,0.5,0.7633117863252367,-0.02989871205616004,0.011321787072667334,-0.37907150191217764,1.622056269538034,5,0.009557429715291832,0.0019114859430583663,0.6,1.3172527589588856,-0.015062800000000154,0.014250599157892197,0.26525044208698756,-0.00728050657088521,KILL
HYPEUSD,60,atr_squeeze_expand,2,-0.003220354492949107,-0.0016101772464745534,0.5,0.7862047897503024,0.0,0.013497353454156036,-0.11969244034979022,3.5,2,-0.003220354492949107,-0.0016101772464745534,0.5,0.7862047897503024,0.0,0.013497353454156036,-0.11969244034979022,-0.009247810635870669,KILL
GIGAUSD,60,momentum_accel,54,-0.06793182980096113,-0.001257996848165947,0.37037037037037035,0.8727803853913962,-0.23058847262371804,0.02294514357982374,-0.4328305735401982,2.4030463252415317,29,0.04107132633043842,0.0014162526320840834,0.4827586206896552,1.1705466001492244,-0.12397593764507422,0.024190280520258366,0.36147270549952526,-0.010653146040705486,KILL
COQUSD,15,vwap_reclaim_trend,1,-0.013068999999999886,-0.013068999999999886,0.0,0.0,0.0,0.0,0.0,10.399774285962323,0,0.0,0.0,0.0,0.0,0.0,0.0,0.0,-0.013068999999999886,KILL
COQUSD,30,vwap_reclaim_trend,1,-0.013068999999999886,-0.013068999999999886,0.0,0.0,0.0,0.0,0.0,6.7261677374544195,0,0.0,0.0,0.0,0.0,0.0,0.0,0.0,-0.013068999999999886,KILL
DOGUSD,60,breakout_asymmetric,1,-0.013068999999999997,-0.013068999999999997,0.0,0.0,0.0,0.004821561097106741,0.0,0.0,0,0.0,0.0,0.0,0.0,0.0,0.0,0.0,-0.013068999999999997,KILL
COQUSD,15,rsi_oversold_trend,1,-0.013068999999999997,-0.013068999999999997,0.0,0.0,0.0,0.0,0.0,0.0,0,0.0,0.0,0.0,0.0,0.0,0.0,0.0,-0.013068999999999997,KILL
SOLUSD,60,deep_vwap_pullback,2,0.006759699999999702,0.003379849999999851,0.5,1.4487678253710885,-0.015062800000000258,0.014641201305399143,0.18326270899246314,1.5,1,-0.015062800000000154,-0.015062800000000154,0.0,0.0,0.0,0.0007663231087964295,0.0,-0.014001872910075897,KILL
COQUSD,60,bb_squeeze_breakout,1,-0.015062799999999932,-0.015062799999999932,0.0,0.0,0.0,0.020311213641467374,0.0,4.53108718304967,0,0.0,0.0,0.0,0.0,0.0,0.0,0.0,-0.015062799999999932,KILL
COQUSD,30,macd_trend_long,1,-0.015062800000000043,-0.015062800000000043,0.0,0.0,0.0,0.0035512164123328027,0.0,0.0,0,0.0,0.0,0.0,0.0,0.0,0.0,0.0,-0.015062800000000043,KILL
DOGUSD,30,macd_trend_long,1,-0.015062800000000154,-0.015062800000000154,0.0,0.0,0.0,0.0,0.0,0.0,0,0.0,0.0,0.0,0.0,0.0,0.0,0.0,-0.015062800000000154,KILL
SOLUSD,30,momentum_breakout,2,-0.00583844050398985,-0.002919220251994925,0.5,0.6766034007815752,0.0,0.012827251611768675,-0.19288795374485607,5.0,2,-0.00583844050398985,-0.002919220251994925,0.5,0.6766034007815752,0.0,0.012827251611768675,-0.19288795374485607,-0.016524980797423185,KILL
DOGUSD,15,bb_squeeze_breakout,5,-0.014532972085165574,-0.002906594417033115,0.2,0.6862787327948966,-0.029898712056159887,0.01102639657108968,-0.31996551933850537,2.4214601961975863,4,0.0005298279148344687,0.00013245697870861717,0.25,1.0169481630218329,-0.01506279999999997,0.012851157967108062,0.011985151829542328,-0.016937885406298925,KILL
DOGUSD,60,red_streak_reversal,5,-0.005530999999999953,-0.0011061999999999906,0.4,0.8589282526079538,-0.025967201239,0.015154491193667362,-0.15100286184208422,0.7997221257381035,3,-0.009299999999999864,-0.003099999999999955,0.3333333333333333,0.6441961894559697,-0.025967201239000003,0.013189227986281823,-0.3109639883639223,-0.02099102861842059,KILL
GIGAUSD,30,momentum_breakout,16,-0.005266605786407363,-0.0003291628616504602,0.4375,0.9599327908523856,-0.08490900372766064,0.021251378952215585,-0.06409339096399126,3.2531038374717833,13,-0.010160029152460281,-0.0007815407040354063,0.46153846153846156,0.9095656264055617,-0.06808467032334317,0.0213219848820097,-0.13086596018356075,-0.021147583424737697,KILL
GIGAUSD,30,deep_vwap_pullback,8,0.0021536740150486233,0.0002692092518810779,0.375,1.0340158564349047,-0.061785717752115644,0.014763161260058555,0.04160169949301598,2.4531602708803613,7,-0.019668825984951233,-0.002809832283564462,0.2857142857142857,0.6893439042899364,-0.04743745870509884,0.011718262983384202,-0.4275367292258341,-0.026933547967448065,KILL
COQUSD,60,triple_confluence,5,-0.030453500000000022,-0.0060907000000000044,0.2,0.5782881435732674,-0.03578107113774995,0.015872458480685792,-0.5091366569699418,0.0,3,0.005653499999999867,0.0018844999999999557,0.3333333333333333,1.156576287146533,-0.018053500000000024,0.02506999517333286,0.09451800581803389,-0.02706461656969964,KILL
COQUSD,60,momentum_breakout,5,-0.030453500000000133,-0.006090700000000027,0.2,0.5782881435732665,-0.03578107113774995,0.02389267118542122,-0.5091366569699436,0.906217436609934,3,0.005653499999999867,0.0018844999999999557,0.3333333333333333,1.156576287146533,-0.018053500000000024,0.02506999517333286,0.09451800581803389,-0.02706461656969977,KILL
COQUSD,15,bb_squeeze_breakout,6,-0.003784976632786652,-0.0006308294387977753,0.3333333333333333,0.9294310145907072,-0.03809289469618363,0.030456689993182,-0.07564319431984955,5.291113233208901,1,-0.015062800000000043,-0.015062800000000043,0.0,0.0,0.0,0.09804533482436328,0.0,-0.027135608575985213,KILL
DOGUSD,60,momentum_breakout,5,-0.030211742733862623,-0.006042348546772524,0.4,0.44218124400878006,-0.03578107113775018,0.01655152920223264,-0.8060510629848882,1.9993053143452588,3,0.005895257266137488,0.0019650857553791625,0.6666666666666666,1.3265437320263347,0.0,0.025670701206162994,0.1898274202966129,-0.029429367464505272,KILL
HYPEUSD,60,bb_lower_bounce,3,-0.01129380000000002,-0.003764600000000007,0.3333333333333333,0.5679164434922327,-0.013068999999999944,0.02021892230403477,-0.404604273247067,0.3333333333333333,3,-0.01129380000000002,-0.003764600000000007,0.3333333333333333,0.5679164434922327,-0.013068999999999944,0.02021892230403477,-0.404604273247067,-0.03228054273247072,KILL
DOGUSD,15,vwap_reclaim_trend,1,-0.013068999999999997,-0.013068999999999997,0.0,0.0,0.0,0.0,0.0,0.9313308446913795,1,-0.013068999999999997,-0.013068999999999997,0.0,0.0,0.0,0.0,0.0,-0.03267249999999999,KILL
HYPEUSD,60,breakout_asymmetric,1,-0.013069000000000108,-0.013069000000000108,0.0,0.0,0.0,0.0,0.0,0.0,1,-0.013069000000000108,-0.013069000000000108,0.0,0.0,0.0,0.0,0.0,-0.03267250000000027,KILL
GIGAUSD,60,atr_squeeze_expand,4,-0.008304566920343537,-0.002076141730085884,0.5,0.7243352192041451,-0.029898712056159814,0.01717286658534878,-0.26841361095982347,3.100989927058006,3,-0.014560861861414032,-0.004853620620471344,0.3333333333333333,0.5166615150764083,-0.015062799999999968,0.013299754050403253,-0.47541731220864175,-0.03282999582206282,KILL
GIGAUSD,60,momentum_breakout_trail,35,0.03461880047674104,0.000989108585049744,0.42857142857142855,1.1017912654270698,-0.12576280715786742,0.019217888756525716,0.18413997453679018,2.0173472932069667,21,-0.047815609959425354,-0.0022769338075916837,0.47619047619047616,0.7490328852616621,-0.12576280715786758,0.014794248340791112,-0.5360816843765763,-0.03526321471702909,KILL
DOGUSD,60,atr_squeeze_expand,1,-0.015062799999999932,-0.015062799999999932,0.0,0.0,0.0,0.005234503727380213,0.0,1.9993053143452588,1,-0.015062799999999932,-0.015062799999999932,0.0,0.0,0.0,0.005234503727380213,0.0,-0.03765699999999983,KILL
DOGUSD,60,macd_trend_long,1,-0.015062800000000043,-0.015062800000000043,0.0,0.0,0.0,0.0,0.0,0.0,1,-0.015062800000000043,-0.015062800000000043,0.0,0.0,0.0,0.0,0.0,-0.03765700000000011,KILL
SOLUSD,30,deep_vwap_pullback,1,-0.015062800000000043,-0.015062800000000043,0.0,0.0,0.0,0.0,0.0,1.0,1,-0.015062800000000043,-0.015062800000000043,0.0,0.0,0.0,0.0,0.0,-0.03765700000000011,KILL
HYPEUSD,15,vwap_reclaim_trend,2,-0.009615562455256854,-0.004807781227628427,0.0,0.0,-0.0015678116724142448,0.006629652397062036,-1.4838970384432002,4.987260064549006,2,-0.009615562455256854,-0.004807781227628427,0.0,0.0,-0.0015678116724142448,0.006629652397062036,-1.4838970384432002,-0.038877876522574135,KILL
COQUSD,15,bb_lower_bounce,10,-0.014161038783331081,-0.0014161038783331082,0.4,0.8074319422813802,-0.03550758683990045,0.015581711269447695,-0.3191447455583084,1.5325983158260266,8,-0.015936238783330947,-0.0019920298479163684,0.375,0.736455352806875,-0.035507586839900435,0.01591609340216224,-0.40287195928982467,-0.04125684441391059,KILL
DOGUSD,30,deep_vwap_pullback,9,-0.024909300000000134,-0.002767700000000015,0.3333333333333333,0.7243839126855541,-0.04451115373620031,0.022830129905354997,-0.45021187302259097,1.3222202928749203,3,-0.008303100000000008,-0.0027677000000000027,0.3333333333333333,0.724383912685555,-0.01506279999999997,0.0101858717556087,-0.22510593651129465,-0.04186606873022605,KILL
DOGUSD,30,breakout_asymmetric,2,-0.026137999999999995,-0.013068999999999997,0.0,0.0,-0.013068999999999983,0.016208820545209224,0.0,0.0,1,-0.013068999999999997,-0.013068999999999997,0.0,0.0,0.0,0.02668585211412111,0.0,-0.04574149999999999,KILL
COQUSD,60,breakout_asymmetric,2,-0.026137999999999995,-0.013068999999999997,0.0,0.0,-0.013068999999999983,0.012784085965949044,0.0,1.812434873219868,1,-0.013068999999999997,-0.013068999999999997,0.0,0.0,0.0,0.025568171931898087,0.0,-0.04574149999999999,KILL
GIGAUSD,60,breakout_asymmetric,4,0.0024271248207903273,0.0006067812051975818,0.25,1.0619053949751402,-0.03869683588600727,0.01562747757925881,0.04436903428719453,2.1468391802709275,3,-0.03920699999999999,-0.013068999999999997,0.0,0.0,-0.025967201238999968,0.004119460632252918,0.0,-0.05593968483633772,KILL
GIGAUSD,60,bb_squeeze_breakout,7,-0.011730999999999936,-0.0016758571428571337,0.2857142857142857,0.8442387869453228,-0.0730790396235142,0.01949672636594982,-0.19393723792419912,1.0904579963280903,2,-0.030125599999999864,-0.015062799999999932,0.0,0.0,-0.015062800000000081,0.003773959625640977,-135673640934312.0,-0.058858772379241725,KILL
DOGUSD,15,momentum_breakout,17,-0.06357580287862963,-0.0037397531105076254,0.35294117647058826,0.6284569214927945,-0.08706652371434645,0.013158076271929808,-0.7679383677507784,2.4105033627306294,7,0.006650032210403611,0.0009500046014862302,0.42857142857142855,1.1486426987779514,-0.01805350000000001,0.016824059927111223,0.12320758612453143,-0.061280138240531995,KILL
COQUSD,15,volume_climax_reversal,14,-0.006498923992763639,-0.00046420885662597423,0.42857142857142855,0.9320233625675949,-0.053869906380168676,0.01618426574300948,-0.12092541720252883,2.1894261654657523,7,-0.036369927254601864,-0.005195703893514552,0.2857142857142857,0.4807702791569167,-0.05386990638016879,0.01443610348958213,-0.9059089362639493,-0.062263069046691724,KILL
SOLUSD,15,breakout_asymmetric,2,-0.026137999999999995,-0.013068999999999997,0.0,0.0,-0.013068999999999983,0.0009753434801055283,0.0,0.49995659722222224,2,-0.026137999999999995,-0.013068999999999997,0.0,0.0,-0.013068999999999983,0.0009753434801055283,0.0,-0.06534499999999999,KILL
DOGUSD,60,deep_vwap_pullback,6,-0.016606200000000237,-0.0027677000000000396,0.3333333333333333,0.7243839126855522,-0.04451115373620029,0.011569482323687189,-0.3559237371004784,0.16660877619543824,2,-0.030125599999999975,-0.015062799999999987,0.0,0.0,-0.015062799999999972,0.0,-271347281868625.0,-0.06535383737100499,KILL
SOLUSD,30,atr_squeeze_expand,10,-0.03185438335483837,-0.0031854383354838365,0.4,0.6040103783725926,-0.06372987657251575,0.010936747978556838,-0.6980814946009913,4.1,8,-0.018116819808983275,-0.0022646024761229094,0.375,0.7228982688155122,-0.03487384764539584,0.012186487012634278,-0.41031994125130083,-0.06601042801432319,KILL
COQUSD,30,bb_squeeze_breakout,3,-0.04518840000000013,-0.015062800000000043,0.0,0.0,-0.029898712056160112,0.0009517876953875071,0.0,0.0,1,-0.015062800000000043,-0.015062800000000043,0.0,0.0,0.0,0.002855363086162521,0.0,-0.06778260000000019,KILL
COQUSD,30,volume_climax_reversal,13,-0.019357105035766042,-0.001489008079674311,0.46153846153846156,0.8164152269567978,-0.04451115373620022,0.011567224441343239,-0.35047178516866784,1.9546128467816262,6,-0.03152460011419167,-0.005254100019031945,0.3333333333333333,0.4767805435544561,-0.04451115373620033,0.007379145312851036,-0.8424911096981978,-0.07014872305874023,KILL
HYPEUSD,15,atr_squeeze_expand,4,-0.024976170658163155,-0.006244042664540789,0.25,0.24928904236313568,-0.032949120640211736,0.008075030771005354,-1.1147425462922895,3.740445048411755,4,-0.024976170658163155,-0.006244042664540789,0.25,0.24928904236313568,-0.032949120640211736,0.008075030771005354,-1.1147425462922895,-0.07358785210833078,KILL
GIGAUSD,15,breakout_asymmetric,4,-0.03224787693948705,-0.008061969234871763,0.25,0.17749695361830878,-0.02596720123900008,0.011733289127919322,-1.6101297581432434,3.2593107040541716,3,-0.019178876939487055,-0.006392958979829018,0.3333333333333333,0.2662454304274628,-0.025967201239000058,0.015644385503892428,-0.9575973186074335,-0.07711748993015007,KILL
DOGUSD,15,breakout_asymmetric,8,-0.0645789505686023,-0.008072368821075288,0.125,0.294087966413405,-0.07589622666442612,0.0076361438833800754,-1.6155622722613154,0.9313308446913795,3,0.0007660494313975752,0.0002553498104658584,0.3333333333333333,1.0293078824469193,-0.013068999999999983,0.0203630503556802,0.019164147902007964,-0.0795854991441191,KILL
COQUSD,30,deep_vwap_pullback,16,-0.08701132321424809,-0.005438207700890506,0.3125,0.47485724485458336,-0.08302620108337386,0.022071596175805272,-1.4108257428975535,1.9617989234242057,4,0.013519399999999626,0.0033798499999999065,0.5,1.4487678253710992,-0.029898712056160202,0.029850987448926614,0.3174203231076621,-0.08084048064322419,KILL
HYPEUSD,60,red_streak_reversal,7,-0.02935254820459987,-0.004193221172085696,0.2857142857142857,0.5342975676781069,-0.036440535860539,0.009483067759357302,-0.7708636049184826,1.5714285714285714,7,-0.02935254820459987,-0.004193221172085696,0.2857142857142857,0.5342975676781069,-0.036440535860539,0.009483067759357302,-0.7708636049184826,-0.0810900065606845,KILL
SOLUSD,30,vwap_reclaim_trend,12,-0.034663131491541654,-0.0028885942909618045,0.16666666666666666,0.36726374158464925,-0.052326902185291395,0.00463857055066282,-1.209995356328207,4.416666666666667,7,-0.02473474145877197,-0.0035335344941102814,0.14285714285714285,0.049494268669471445,-0.02343566120084117,0.003350979995029091,-2.887608473146153,-0.08386519724298168,KILL
SOLUSD,60,vwap_reclaim_trend,2,-0.019151740608704948,-0.009575870304352474,0.0,0.0,-0.011454838260100434,0.00032847316491890766,-5.096345722692617,5.0,1,-0.011454838260100408,-0.011454838260100408,0.0,0.0,0.0,0.0006569463298378153,0.0,-0.08729745522578174,KILL
SOLUSD,60,triple_confluence,5,-0.030453500000000466,-0.006090700000000093,0.2,0.5782881435732639,-0.0702818572237355,0.025279897967290486,-0.5091366569699484,3.2,2,-0.03610700000000011,-0.018053500000000056,0.0,0.0,-0.01805349999999992,0.008556140750053065,-162611471745467.0,-0.08970536656970012,KILL
COQUSD,30,triple_confluence,9,-0.054160199316986346,-0.006017799924109594,0.3333333333333333,0.5000027758515306,-0.063563247462834,0.01538920387437881,-0.9574884488128819,2.906368775443268,5,-0.01795370191971113,-0.003590740383942226,0.4,0.668509302541315,-0.035781071137750045,0.013957188787480802,-0.3779308602537673,-0.09066563668468186,KILL
HYPEUSD,15,deep_vwap_pullback,7,-0.03662066987720347,-0.005231524268171924,0.2857142857142857,0.5137601259101446,-0.04451115373620055,0.008899522763801062,-0.8214020663017938,2.9923560387294037,7,-0.03662066987720347,-0.005231524268171924,0.2857142857142857,0.5137601259101446,-0.04451115373620055,0.008899522763801062,-0.8214020663017938,-0.09976569535602661,KILL
SOLUSD,60,red_streak_reversal,8,-0.027557471596718508,-0.0034446839495898135,0.25,0.5499606525951831,-0.04553439273738995,0.007330935437635189,-0.7412700627383013,2.375,4,-0.04631979969382449,-0.011579949923456123,0.0,0.0,-0.03289530143180235,0.0008460681284349625,-7.776736394476264,-0.10444987176483826,KILL
GIGAUSD,30,red_streak_reversal,12,-0.052053696691716445,-0.004337808057643037,0.25,0.34864558737563045,-0.05411096256728591,0.005506461596490986,-1.610504224033855,3.1997742663656883,3,-0.025449404304985546,-0.008483134768328515,0.0,0.0,-0.018729424653229673,0.0017998738499028406,-3.6756625567335885,-0.10633284538953332,KILL
COQUSD,30,bb_lower_bounce,13,-0.061199800114191794,-0.004707676931860907,0.3076923076923077,0.47968644957795215,-0.04975995832766236,0.010751646766813035,-1.2981844680791328,0.862329197109541,8,-0.023768000114192,-0.002971000014274,0.375,0.6362690318434169,-0.027268287198895146,0.010409989807033143,-0.6016775219390827,-0.10983364496627113,KILL
COQUSD,60,volume_climax_reversal,6,-0.05172784328536473,-0.008621307214227455,0.16666666666666666,0.24557416919561137,-0.04305730811334488,0.012401856391816938,-1.6548440877327868,1.057253676044923,2,-0.030125599999999975,-0.015062799999999987,0.0,0.0,-0.015062800000000083,0.0028017795995205486,-271347281868625.0,-0.11346468416269256,KILL
SOLUSD,30,triple_confluence,9,-0.06355558357814317,-0.007061731508682574,0.2222222222222222,0.2515554531923693,-0.08075103525894221,0.006714059086509671,-1.6698895900230544,5.0,5,-0.023072876187996916,-0.004614575237599383,0.2,0.46477754590221876,-0.023562291147460415,0.009278407499127584,-0.6591441436583545,-0.11486379376036909,KILL
GIGAUSD,30,vwap_reclaim_trend,6,-0.05063041865402529,-0.008438403109004214,0.16666666666666666,0.08908561860822643,-0.05439661551473936,0.004501471361059717,-2.7075360645854696,4.408577878103837,2,-0.026137999999999995,-0.013068999999999997,0.0,0.0,-0.013068999999999872,0.0015927621950645454,-117715087060210.0,-0.11691277929987998,KILL
HYPEUSD,60,momentum_breakout,2,-0.029649544995335453,-0.014824772497667726,0.0,0.0,-0.011596044995335526,0.0033694974742801698,-4.591521733239889,2.5,2,-0.029649544995335453,-0.014824772497667726,0.0,0.0,-0.011596044995335526,0.0033694974742801698,-4.591521733239889,-0.12003907982073753,KILL
GIGAUSD,30,quiet_then_burst,28,-0.09287828449222613,-0.0033170815890080758,0.2857142857142857,0.6013475102659174,-0.14788052511024466,0.015594022947407868,-1.1651300514379628,3.3521444695259595,10,-0.012129448225432493,-0.0012129448225432493,0.4,0.8293235172312451,-0.049380617871066096,0.01174597597590199,-0.25498482926886623,-0.12272375734475449,KILL
SOLUSD,60,bb_squeeze_breakout,8,-0.056975270685842405,-0.007121908835730301,0.25,0.1309201718868574,-0.04136085559580586,0.0056873267296305985,-2.4532908405748644,3.75,4,-0.030556917225489144,-0.007639229306372286,0.25,0.09071781010256363,-0.01849032043340335,0.0038404402086235634,-1.7019944621509266,-0.12734355492982477,KILL
HYPEUSD,30,atr_squeeze_expand,4,-0.03944527898353545,-0.009861319745883862,0.0,0.0,-0.024228254226265122,0.003871191498644011,-3.073447573125748,3.5,4,-0.03944527898353545,-0.009861319745883862,0.0,0.0,-0.024228254226265122,0.003871191498644011,-3.073447573125748,-0.1293476731900961,KILL
GIGAUSD,15,bb_squeeze_breakout,18,-0.06335005474469146,-0.0035194474858161926,0.3333333333333333,0.5829727338232397,-0.05694595515536848,0.01242809617663755,-0.9916840019599947,3.468973965718475,11,-0.03994545425053864,-0.003631404931867149,0.36363636363636365,0.5510344346070576,-0.03544215468048109,0.008114323856122015,-0.8632352861856906,-0.13318507614009936,KILL
SOLUSD,60,atr_squeeze_expand,8,-0.060882162334144785,-0.007610270291768098,0.375,0.19162224375089665,-0.0452638411201214,0.009099800095393185,-2.0705757570915626,3.75,5,-0.03527643372357614,-0.007055286744715228,0.4,0.21934758204370564,-0.037087461771550416,0.011228725256211724,-1.415688534436608,-0.13450257049042463,KILL
DOGUSD,15,triple_confluence,19,-0.08505619667930853,-0.004476641930489922,0.3157894736842105,0.583742336892899,-0.13643436419759722,0.013571336684275325,-0.981015238836934,2.941044772709619,10,-0.02713924216482977,-0.002713924216482977,0.3,0.7173421050748049,-0.041296187106398215,0.014726793588116927,-0.42441156441755323,-0.13557521231492253,KILL
HYPEUSD,60,volume_climax_reversal,6,-0.04825646313864451,-0.008042743856440751,0.16666666666666666,0.2586702338129239,-0.04913883764469583,0.01082441672507184,-1.5323795077851654,1.5,6,-0.04825646313864451,-0.008042743856440751,0.16666666666666666,0.2586702338129239,-0.04913883764469583,0.01082441672507184,-1.5323795077851654,-0.13596495292446292,KILL
SOLUSD,30,bb_squeeze_breakout,14,-0.053015950414846746,-0.003786853601060482,0.2857142857142857,0.49207185693254024,-0.0819351659074522,0.007005386256618729,-1.0992035721188385,5.142857142857142,5,-0.04839056869282221,-0.009678113738564443,0.2,0.130832109507543,-0.04007138154844597,0.00337631852551592,-2.2340173783199,-0.13659383917526846,KILL
COQUSD,15,breakout_asymmetric,7,-0.03254915719610285,-0.004649879599443264,0.2857142857142857,0.5018875629948305,-0.06365918860024307,0.02129775812371288,-0.802359007537469,2.5803951235846365,5,-0.0653450000000001,-0.01306900000000002,0.0,0.0,-0.051260106937813396,0.011730094391619428,-314604060477655.8,-0.13859024727147767,KILL
COQUSD,15,deep_vwap_pullback,20,-0.12585841119492447,-0.006292920559746224,0.25,0.400203781753917,-0.10729974267755782,0.018868031561193422,-1.9726280648417178,2.244161819602396,4,0.000996109832695713,0.00024902745817392824,0.5,1.0330652280019554,-0.020877536620601923,0.024183903353183378,0.027060947493134,-0.1440905270942981,KILL
GIGAUSD,60,bb_lower_bounce,12,-0.07308839999999983,-0.006090699999999986,0.25,0.378610962328157,-0.06365918860024297,0.009026867056150837,-1.6712956694930012,0.556587935625796,5,-0.037431800000000126,-0.007486360000000025,0.2,0.28395822174611574,-0.025967201238999968,0.008298247637162382,-1.3410071220784476,-0.14594905669493002,KILL
HYPEUSD,30,deep_vwap_pullback,6,-0.05349150000000025,-0.008915250000000041,0.16666666666666666,0.2897535650742203,-0.0589034911297029,0.005750011861410294,-1.4502118730225977,1.1666666666666667,6,-0.05349150000000025,-0.008915250000000041,0.16666666666666666,0.2897535650742203,-0.0589034911297029,0.005750011861410294,-1.4502118730225977,-0.1482308687302266,KILL
SOLUSD,60,momentum_breakout,5,-0.06035689191753957,-0.012071378383507914,0.2,0.0862098783815354,-0.04182103533043912,0.01033190563764359,-2.6248082580414,3.6,4,-0.0423033919175394,-0.01057584797938485,0.25,0.11863625580290689,-0.02972948593921681,0.011806788350482045,-1.8836559057420896,-0.15006006237426267,KILL
SOLUSD,30,volume_climax_reversal,14,-0.07817213867475847,-0.005583724191054177,0.21428571428571427,0.24267182676801013,-0.06179095479685435,0.005535410587812119,-2.239712332362783,3.285714285714286,6,-0.0335636247167822,-0.005593937452797034,0.3333333333333333,0.19655123061240243,-0.03988888242141313,0.00763607031240691,-1.5354945933143305,-0.15091469907355962,KILL
HYPEUSD,60,quiet_then_burst,7,-0.06356980000000001,-0.009081400000000002,0.14285714285714285,0.2966137327278684,-0.05890349112970312,0.004355842805028257,-1.5182733139398796,0.14285714285714288,6,-0.04850700000000019,-0.008084500000000031,0.16666666666666666,0.3559364792734412,-0.05890349112970307,0.0050818166058663,-1.1585199833770425,-0.1515130331393991,KILL
DOGUSD,30,volume_climax_reversal,10,-0.0773926920108492,-0.0077392692010849196,0.2,0.1924325402088234,-0.06105975796053641,0.009460382902816655,-2.359578830314547,2.4791630491404755,6,-0.0355955654099781,-0.005932594234996351,0.3333333333333333,0.34127677551924945,-0.05144738719535475,0.010557571107424465,-1.1252608117515912,-0.1543818284289618,KILL
HYPEUSD,30,red_streak_reversal,7,-0.05468783939786659,-0.007812548485409512,0.14285714285714285,0.23541142811813445,-0.06944656077717304,0.007859898595053094,-1.850683183519469,2.428571428571429,7,-0.05468783939786659,-0.007812548485409512,0.14285714285714285,0.23541142811813445,-0.06944656077717304,0.007859898595053094,-1.850683183519469,-0.15522643032986116,KILL
DOGUSD,15,volume_climax_reversal,19,-0.10550905248452414,-0.0055531080255012705,0.3157894736842105,0.31377262292880437,-0.0876905626254619,0.008267614302063277,-2.1466522825613454,2.156766166653721,9,-0.019614852443855968,-0.00217942804931733,0.4444444444444444,0.5934023118274879,-0.0308715909090025,0.00898596622940547,-0.5992626461986854,-0.15639785397592154,KILL
SOLUSD,30,red_streak_reversal,8,-0.07759096025709833,-0.009698870032137291,0.125,0.029136867975237464,-0.06504540194828116,0.0020554739989754045,-4.781533795099223,2.875,3,-0.022373492282656393,-0.007457830760885464,0.3333333333333333,0.09426753282428718,-0.013069000000000008,0.00338533084237073,-1.5186764550405998,-0.15896653663207516,KILL
SOLUSD,15,momentum_breakout,8,-0.06445220825841025,-0.008056526032301281,0.25,0.1772457130566295,-0.04950959033596754,0.0068974612479527075,-2.026019103580319,4.999565972222222,7,-0.050171496183772035,-0.007167356597681719,0.2857142857142857,0.21676080206543305,-0.03974690656047489,0.007537028453552403,-1.6014866125051017,-0.15996964356987148,KILL
GIGAUSD,60,rsi_momentum_thrust,31,-0.16651308532769116,-0.00537138984928036,0.25806451612903225,0.4828099658819557,-0.19918209508298176,0.013993178523900689,-1.812528882926536,2.3084292260977715,14,0.013951290377285597,0.0009965207412346855,0.42857142857142855,1.127486657286838,-0.06658968637256205,0.017596206708408477,0.19126851378704784,-0.16371143859102813,KILL
DOGUSD,60,quiet_then_burst,11,-0.10376206664507825,-0.009432915149552568,0.18181818181818182,0.2345965878774343,-0.12331968275181787,0.015146335177746086,-2.327493693534253,0.636142600018946,3,-0.025129466645078202,-0.008376488881692734,0.3333333333333333,0.1658434472648499,-0.029898712056160216,0.009095247956947938,-1.2527818005293834,-0.16473120354803808,KILL
GIGAUSD,15,bb_lower_bounce,17,-0.10865572743900342,-0.006391513378764907,0.17647058823529413,0.22191934836759425,-0.10317720893482477,0.0060674837820104965,-2.730725343427269,2.300689908744121,6,-0.022587600000000152,-0.0037646000000000255,0.3333333333333333,0.5679164434922315,-0.013069000000000096,0.009912266572612313,-0.639735527248934,-0.16984438087327636,KILL
HYPEUSD,15,bb_squeeze_breakout,9,-0.05338505587435238,-0.005931672874928042,0.3333333333333333,0.3236574577510837,-0.0661066925961675,0.007407062133162088,-1.536462610651407,3.989808051639205,8,-0.06779686575022359,-0.008474608218777949,0.25,0.14107227599542227,-0.05182451489919079,0.00538873112167873,-2.572967811970378,-0.17044498060620183,KILL
GIGAUSD,30,volume_spike_trend,54,-0.1641366024885118,-0.0030395667127502187,0.3333333333333333,0.6496404347410757,-0.21010371352036947,0.020064979722392247,-1.4207248656115385,2.44920993227991,29,0.00047646401019940665,1.6429793455151952e-05,0.4482758620689655,1.0024322351695818,-0.05084373971267857,0.022780708476507146,0.005679659558332635,-0.1776291551293281,KILL
DOGUSD,60,volume_climax_reversal,9,-0.08808253494436913,-0.009786948327152125,0.2222222222222222,0.16461618837354217,-0.07118679775476595,0.009645970949771796,-2.6131532723303508,1.110725174636255,6,-0.04289413494436922,-0.007149022490728203,0.3333333333333333,0.2880783296536982,-0.05841500081797227,0.01159525307243777,-1.3164735739292988,-0.17855527008422648,KILL
COQUSD,30,atr_squeeze_expand,6,-0.09037680000000026,-0.015062800000000043,0.0,0.0,-0.0730790396235146,0.0019475787809406508,0.0,0.24911732360942296,4,-0.06025120000000017,-0.015062800000000043,0.0,0.0,-0.04451115373620066,0.0018832914505533815,0.0,-0.1807536000000005,KILL
GIGAUSD,60,higher_low_structure,43,-0.09406745935429395,-0.0021876153338207895,0.3488372093023256,0.7539296183206868,-0.19206535013923617,0.021073351089291262,-0.8327006105429833,2.3520925385914033,25,-0.052597209744697504,-0.0021038883897879002,0.36,0.7560407230069323,-0.1408175332147337,0.018918430847766354,-0.6154289037939973,-0.18129028007677003,KILL
COQUSD,60,rsi_momentum_thrust,21,-0.12890160000000084,-0.006138171428571469,0.19047619047619047,0.4966110511443049,-0.13919761861601426,0.05509059100281953,-1.4920019668182805,0.3452256901371177,8,-0.0267938000000002,-0.003349225000000025,0.25,0.7035323224544328,-0.044511153736200425,0.02318261878471961,-0.4367603992785761,-0.18401231966818393,KILL
GIGAUSD,15,deep_vwap_pullback,8,-0.0836171,-0.0104521375,0.125,0.2069668321958722,-0.07307903962351414,0.01159290774985533,-2.2669491640301254,1.5438840177098707,6,-0.05349150000000025,-0.008915250000000041,0.16666666666666666,0.2897535650742203,-0.04451115373620043,0.01363730961904249,-1.4502118730225977,-0.1865238416403016,KILL
DOGUSD,15,bb_lower_bounce,18,-0.11088146746168281,-0.0061600815256490455,0.2777777777777778,0.26801894709882307,-0.09900623189671522,0.008915002657421955,-2.633154230272115,2.121364701797031,8,-0.032947843347270966,-0.004118480418408871,0.375,0.4108546854645533,-0.03954897920969713,0.00989617760812797,-1.0778664780198524,-0.1866347747853104,KILL
GIGAUSD,30,bb_lower_bounce,15,-0.061090244926848225,-0.004072682995123215,0.3333333333333333,0.5325560874829892,-0.08653124127257032,0.009966638863626675,-1.1957246033454076,1.3083521444695259,8,-0.0766388,-0.00957985,0.125,0.16226184099778077,-0.07589622666442634,0.005708957164605455,-2.745611395325512,-0.1880056909603023,KILL
GIGAUSD,15,quiet_then_burst,41,-0.13477454569863911,-0.0032871840414302224,0.34146341463414637,0.5903683512921439,-0.1286159933760672,0.015158072700772102,-1.4650965254428772,2.7948903084829095,21,-0.030177517903543838,-0.001437024662073516,0.42857142857142855,0.8037627888823028,-0.07003708326565675,0.017189858668134664,-0.4294666543664813,-0.19469178780838364,KILL
GIGAUSD,60,quiet_then_burst,16,-0.06677522725259943,-0.004173451703287465,0.375,0.5215266860720055,-0.07677735154072289,0.02077569894921158,-1.1157393988045203,2.7431833970128516,10,-0.07912662338627985,-0.007912662338627984,0.3,0.16153255465252908,-0.0626583619145697,0.010226789406616522,-2.534452317489705,-0.19662255632006442,KILL
GIGAUSD,30,bb_squeeze_breakout,7,-0.08661676106797245,-0.01237382300971035,0.14285714285714285,0.04160402815797402,-0.07307903962351445,0.00433328692583977,-4.601684229502255,2.5598194130925505,3,-0.04518840000000013,-0.015062800000000043,0.0,0.0,-0.029898712056160112,0.007457868617174013,0.0,-0.2004162033629952,KILL
HYPEUSD,60,rsi_momentum_thrust,21,-0.08008937544392347,-0.003813779783043975,0.23809523809523808,0.6176582839333549,-0.10686498557583826,0.014769272004762852,-0.9812474534865243,1.857142857142857,21,-0.08008937544392347,-0.003813779783043975,0.23809523809523808,0.6176582839333549,-0.10686498557583826,0.014769272004762852,-0.9812474534865243,-0.21003591314467393,KILL
DOGUSD,30,red_streak_reversal,12,-0.11228882677739116,-0.009357402231449263,0.08333333333333333,0.12700622174049264,-0.09522762147453338,0.005420782220556346,-3.7663311489228444,1.735414134398333,6,-0.0421206638284346,-0.007020110638072434,0.16666666666666666,0.2794570445084344,-0.04463849635605705,0.00543918536784634,-1.4610686956343502,-0.2131331340092715,KILL
SOLUSD,15,red_streak_reversal,25,-0.12059792122578994,-0.004823916849031598,0.24,0.1425597126647987,-0.11168337369307448,0.002693688752743597,-4.1517175098007915,3.7196770833333335,9,-0.03508699728967324,-0.0038985552544081375,0.3333333333333333,0.22457762722723784,-0.035570530738776994,0.003735154628660241,-1.799793936654022,-0.21474559225830772,KILL
GIGAUSD,60,red_streak_reversal,9,-0.08771400000000018,-0.00974600000000002,0.1111111111111111,0.16104904736399012,-0.0879733388781491,0.004442750050166971,-2.9328919650917986,0.84813399714407,5,-0.06534499999999988,-0.013068999999999975,0.0,0.0,-0.051260106937813174,0.002123974191847777,-588557474226408.4,-0.215060419650918,KILL
COQUSD,15,atr_squeeze_expand,12,-0.05392354767586327,-0.004493628972988606,0.25,0.602231637058306,-0.1007927825166298,0.0237826130402025,-0.8016910884075759,3.147300112857019,7,-0.10543959999999986,-0.015062799999999979,0.0,0.0,-0.08704106466547319,0.01079615147922259,-671488786909823.1,-0.2200998585599388,KILL
HYPEUSD,30,bb_squeeze_breakout,9,-0.07674818475165868,-0.00852757608351763,0.1111111111111111,0.1095978562184235,-0.0691166315677416,0.006843549019028987,-2.8819607942662704,3.2222222222222223,9,-0.07674818475165868,-0.00852757608351763,0.1111111111111111,0.1095978562184235,-0.0691166315677416,0.006843549019028987,-2.8819607942662704,-0.2206900698218094,KILL
SOLUSD,60,momentum_breakout_trail,24,-0.12278329531145848,-0.005115970637977437,0.2916666666666667,0.5666848312645612,-0.18146744272896612,0.014173635613938343,-1.1241513953154303,2.6666666666666665,15,-0.06235466843216331,-0.004156977895477554,0.4,0.5815947907269261,-0.08077955803616618,0.015060170479008584,-0.9530084139346116,-0.22755681191285776,KILL
GIGAUSD,15,rsi_momentum_thrust,74,-0.2301073669255318,-0.0031095590125071863,0.33783783783783783,0.6043463174327962,-0.2531563479996058,0.011378153687208943,-1.8230757006739544,3.2454018390297583,31,0.013211743004003296,0.0004261852581936547,0.4838709677419355,1.0680825751784104,-0.06820639102017317,0.014408486798178174,0.14956237493355168,-0.2285205094262664,KILL
HYPEUSD,30,triple_confluence,4,-0.06380041545886461,-0.015950103864716153,0.0,0.0,-0.04507606009581902,0.001480602355140359,-7.583024232648346,2.25,4,-0.06380041545886461,-0.015950103864716153,0.0,0.0,-0.04507606009581902,0.001480602355140359,-7.583024232648346,-0.23533128097364497,KILL
SOLUSD,15,volume_climax_reversal,25,-0.11387487279662145,-0.004554994911864858,0.12,0.2648671180759143,-0.10317787101357012,0.004611769786306627,-2.778859889919094,3.399704861111111,11,-0.06421793100164064,-0.005837993727421876,0.09090909090909091,0.2077331022162868,-0.07829013708001277,0.005963234094161652,-2.11504849810188,-0.23799036819827335,KILL
SOLUSD,15,atr_squeeze_expand,6,-0.07227357767992071,-0.012045596279986784,0.0,0.0,-0.06639829678366317,0.005678240768626701,-6.871616132460953,4.499609375,5,-0.06822768814371272,-0.013645537628742543,0.0,0.0,-0.05212057863553467,0.004248144198950232,-15.555285392671598,-0.24333127122009932,KILL
COQUSD,60,deep_vwap_pullback,18,-0.16047450000000074,-0.008915250000000041,0.16666666666666666,0.28975356507422095,-0.1373275031434395,0.017306743871843833,-2.674058567165159,0.5034541314499633,5,-0.038428700000000204,-0.007685740000000041,0.2,0.36219195634277546,-0.04451115373620046,0.02105770666484159,-1.0418432275188312,-0.24485813567165263,KILL
SOLUSD,15,triple_confluence,12,-0.10771663436762369,-0.008976386197301974,0.08333333333333333,0.026333173080912178,-0.10026962573444474,0.004440763998641535,-4.4439799647004445,5.666174768518519,6,-0.06200090922283652,-0.010333484870472753,0.16666666666666666,0.04487828536244776,-0.0433431951073078,0.0061005160985786455,-2.8179387197820267,-0.24515779784888292,KILL
COQUSD,15,red_streak_reversal,9,-0.10549970834634759,-0.011722189816260843,0.0,0.0,-0.08883767415698565,0.006988388583003571,-8.703668830091827,1.6420696240993142,3,-0.03920699999999988,-0.01306899999999996,0.0,0.0,-0.025967201238999964,0.006334649261197607,-353123708877586.06,-0.25134689664726567,KILL
COQUSD,30,momentum_breakout,9,-0.12268676100425835,-0.013631862333806484,0.1111111111111111,0.15053340762000203,-0.10059415008763402,0.010286224038254755,-3.0829894629384755,1.5777430495263454,6,-0.0685262610042583,-0.011421043500709716,0.16666666666666666,0.24085345219200338,-0.05318859756996452,0.012044133783804237,-1.7219929752923155,-0.2563060471400305,KILL
GIGAUSD,60,deep_vwap_pullback,12,-0.09366644859901485,-0.007805537383251238,0.16666666666666666,0.3178540496463231,-0.11585753132921349,0.011581994730150202,-1.908659611026758,1.669763806877388,9,-0.09588876162831894,-0.010654306847590993,0.1111111111111111,0.18539007821448608,-0.08445390000545082,0.010808102175348753,-2.61696537504843,-0.25658618715176085,KILL
DOGUSD,30,triple_confluence,8,-0.11582659813932616,-0.01447832476741577,0.125,0.047426238185207324,-0.09398850926703427,0.0067553610376693,-4.9045500021691195,2.107288591769404,5,-0.06166609813932622,-0.012333219627865244,0.2,0.08551791368267185,-0.0430919099541417,0.009662219865011413,-2.6702591064153323,-0.25737124537000666,KILL
COQUSD,30,momentum_breakout_trail,38,-0.16180576422689952,-0.004258046427023671,0.3157894736842105,0.6552857548889954,-0.24384989294055512,0.034612261549748745,-1.1570028715966232,0.5900147138117912,19,-0.05611974599048608,-0.0029536708416045307,0.3684210526315789,0.7409562966069088,-0.09168677720412156,0.014751120961023016,-0.5835553248775783,-0.2575554119285949,KILL
SOLUSD,30,quiet_then_burst,19,-0.12782349972940998,-0.006727552617337367,0.21052631578947367,0.3422582482740241,-0.14165161247831787,0.007620548423656004,-2.1182895392017413,2.526315789473684,12,-0.07415229180531979,-0.006179357650443316,0.16666666666666666,0.4196255463193116,-0.06933977391918049,0.0080029767313618,-1.3492996171121794,-0.26023483282940707,KILL
DOGUSD,30,bb_lower_bounce,18,-0.12191032842788141,-0.006772796023771189,0.2222222222222222,0.2877717428416129,-0.10430633096329887,0.008046465661629107,-2.6729974263602982,1.5425903416874072,12,-0.0789878412248769,-0.006582320102073075,0.25,0.30346316735530143,-0.06606220870743451,0.006701635476160465,-2.068550015854057,-0.2671220645287997,KILL
HYPEUSD,15,quiet_then_burst,24,-0.10290762498515571,-0.004287817707714821,0.2916666666666667,0.545628190965922,-0.10314627074552926,0.01125227363809487,-1.3587466739614733,2.9923560387294037,24,-0.10290762498515571,-0.004287817707714821,0.2916666666666667,0.545628190965922,-0.10314627074552926,0.01125227363809487,-1.3587466739614733,-0.270856529202504,KILL
HYPEUSD,60,deep_vwap_pullback,9,-0.09867990000000038,-0.010964433333333376,0.1111111111111111,0.18109597817138756,-0.0811698330130997,0.009231353933251165,-2.6753178095338983,1.3333333333333333,9,-0.09867990000000038,-0.010964433333333376,0.1111111111111111,0.18109597817138756,-0.0811698330130997,0.009231353933251165,-2.6753178095338983,-0.27345292809533994,KILL
SOLUSD,60,volume_spike_trend,30,-0.14183657806122763,-0.004727885935374254,0.3,0.48069608271047376,-0.17660848729771286,0.012645328173157408,-1.7568920554097271,2.6333333333333333,12,-0.07625693805888534,-0.006354744838240445,0.25,0.4374888388842763,-0.1143373609921389,0.010089951017477746,-1.3270126221988892,-0.2737909057036529,KILL
COQUSD,30,higher_low_structure,47,-0.18433585777734274,-0.003922039527177505,0.2978723404255319,0.6202843805320308,-0.23088719888399278,0.031547572317546874,-1.5397606656346405,1.2243851436973765,22,-0.050642399579284514,-0.0023019272536038415,0.36363636363636365,0.7598511395183383,-0.09059540262825509,0.01795789246592057,-0.5957408378662509,-0.27569706380261594,KILL
HYPEUSD,15,triple_confluence,6,-0.08578726215148658,-0.014297877025247763,0.0,0.0,-0.06599340915091603,0.0030974341985782194,-6.122976549638533,3.8235660494875714,6,-0.08578726215148658,-0.014297877025247763,0.0,0.0,-0.06599340915091603,0.0030974341985782194,-6.122976549638533,-0.27569792087510175,KILL
SOLUSD,15,bb_squeeze_breakout,32,-0.15248527167033088,-0.00476516473969784,0.25,0.36045540274347077,-0.13394598288120413,0.006662201132620081,-2.2673648293569144,4.843329535590278,17,-0.07072847829885331,-0.00416049872346196,0.29411764705882354,0.5028938533501797,-0.05592244461962965,0.00837625289452317,-1.1249645519085076,-0.28125163741218,KILL
DOGUSD,30,momentum_breakout,8,-0.13038305707961073,-0.01629788213495134,0.0,0.0,-0.10714164656524722,0.008106816165750902,-9.283274258831694,1.4874978294842853,3,-0.040115557079610675,-0.013371852359870226,0.0,0.0,-0.03578107113774998,0.0114208080507839,-2.8562278470618856,-0.28338913528734366,KILL
GIGAUSD,15,volume_climax_reversal,21,-0.15765063659924816,-0.0075071731713927696,0.09523809523809523,0.15056175763575727,-0.1425272009135561,0.005763414655885283,-3.7736835970746405,2.9734062563301213,7,-0.0645733514482395,-0.009224764492605644,0.14285714285714285,0.20682619438771208,-0.048877810664341055,0.00720583761122822,-2.075111950424043,-0.2922474997423538,KILL
DOGUSD,60,momentum_breakout_trail,19,-0.21070544274750314,-0.011089760144605429,0.21052631578947367,0.22192209175504962,-0.1949875782339977,0.016682614020437775,-3.3835559898154344,0.4209063819674229,5,-0.033673058299957925,-0.006734611659991585,0.4,0.37827275782243847,-0.053188597569964885,0.011575420295548255,-0.9658826062854277,-0.29505059009559437,KILL
SOLUSD,30,momentum_breakout_trail,32,-0.20704784854130498,-0.006470245266915781,0.34375,0.37665021684163963,-0.2138794589042116,0.011966892800252246,-2.5702016117796425,3.71875,15,-0.041613491875513775,-0.0027742327917009185,0.4666666666666667,0.6434134044069924,-0.049285205083215274,0.01565940209871363,-0.7781874687284716,-0.2951701024723721,KILL
HYPEUSD,30,quiet_then_burst,13,-0.11048521828684077,-0.008498862945141598,0.23076923076923078,0.26650278642190733,-0.14081753321473336,0.008310666299167812,-2.2915495667771166,1.6153846153846154,13,-0.11048521828684077,-0.008498862945141598,0.23076923076923078,0.26650278642190733,-0.14081753321473336,0.008310666299167812,-2.2915495667771166,-0.2991285413848731,KILL
GIGAUSD,30,momentum_accel,85,-0.21463839976867738,-0.002525157644337381,0.32941176470588235,0.7401327291887912,-0.31888765849703393,0.01996863036597799,-1.1954024840450186,2.8910901606692336,44,-0.04884800261500244,-0.0011101818776136918,0.38636363636363635,0.8734777087889803,-0.14690886549445006,0.020833962330865062,-0.37833059298315097,-0.2998644285316312,KILL
DOGUSD,30,quiet_then_burst,28,-0.16645824076000693,-0.005944937170000247,0.21428571428571427,0.46004837293597295,-0.1462071743160859,0.014053398643453714,-1.924410348281855,1.5229144444720064,11,-0.07786984076000736,-0.007079076432727941,0.18181818181818182,0.3076218774922735,-0.07164093213623558,0.010128889500632156,-1.7360285925222756,-0.30250710538283654,KILL
COQUSD,15,momentum_breakout,14,-0.11113258688721217,-0.007938041920515155,0.21428571428571427,0.39905418346647115,-0.155945880883852,0.014250149784221709,-1.5851847616777635,2.541298227772748,7,-0.1187947947352409,-0.01697068496217727,0.0,0.0,-0.09662840155189248,0.01280212222518443,-15.672745916330369,-0.3051766266068512,KILL
COQUSD,60,momentum_breakout_trail,23,-0.23777360981082796,-0.010337983035253389,0.17391304347826086,0.3068158242800915,-0.2198702999637134,0.04338482606133306,-2.586925810286615,0.19700379056737694,9,-0.028374467679955107,-0.0031527186311061228,0.3333333333333333,0.7380520150298181,-0.03578107113775004,0.016106400911815897,-0.35836700950364897,-0.3062045694336268,KILL
GIGAUSD,15,volume_spike_trend,87,-0.27624553033996624,-0.003175235980919152,0.3333333333333333,0.6193593611214779,-0.2990164884590702,0.014135453040040845,-1.9771511455650348,2.8945360638545212,46,-0.009887187892548388,-0.00021493886722931277,0.43478260869565216,0.9700520711954702,-0.07282446493713449,0.01712259217220905,-0.09040489741782415,-0.3108478236344392,KILL
COQUSD,15,triple_confluence,13,-0.13876934767586324,-0.010674565205835634,0.15384615384615385,0.3012216332976812,-0.16681989581623782,0.013730337501156206,-2.0636586749754033,2.3578435628092715,6,-0.10832099999999989,-0.018053499999999983,0.0,0.0,-0.08706652371434648,0.01132400370013198,-771145691566902.9,-0.3218874344256171,KILL
SOLUSD,60,bb_lower_bounce,21,-0.13662115796769436,-0.006505769427033065,0.23809523809523808,0.24586436292178349,-0.13221103041129373,0.006028421210566835,-2.9893499688853007,1.5238095238095237,13,-0.10526353925551712,-0.008097195327347472,0.15384615384615385,0.19461849382024948,-0.11398815079966267,0.005247985178674932,-2.93394718226876,-0.32440996653982307,KILL
SOLUSD,60,quiet_then_burst,19,-0.16303330658297244,-0.008580700346472233,0.15789473684210525,0.26098014763003036,-0.1619079453101257,0.008091976844996273,-2.7922622949249605,1.9473684210526314,10,-0.08973522755498786,-0.008973522755498786,0.2,0.25532414661460734,-0.07668773463755371,0.005529211677284107,-2.038407365730655,-0.32555877086470386,KILL
COQUSD,60,quiet_then_burst,13,-0.1539465999999997,-0.011842046153846132,0.07692307692307693,0.14830686636393448,-0.14081753321473334,0.0380807552651142,-3.6767932973169133,1.2547626045368316,6,-0.09037679999999992,-0.015062799999999987,0.0,0.0,-0.07307903962351427,0.014173091181991873,-606750967768041.6,-0.3262797329731687,KILL
HYPEUSD,60,momentum_breakout_trail,17,-0.1273215678235745,-0.00748950398962203,0.29411764705882354,0.4122950867164512,-0.10634397515006515,0.012327101642564068,-1.63070859992219,1.4705882352941175,17,-0.1273215678235745,-0.00748950398962203,0.29411764705882354,0.4122950867164512,-0.10634397515006515,0.012327101642564068,-1.63070859992219,-0.33461100555815815,KILL
HYPEUSD,15,red_streak_reversal,20,-0.12471387866195538,-0.006235693933097769,0.2,0.26979387515259695,-0.10675519737061061,0.005073803886720985,-2.8004931175368255,2.443757431629013,20,-0.12471387866195538,-0.006235693933097769,0.2,0.26979387515259695,-0.10675519737061061,0.005073803886720985,-2.8004931175368255,-0.3397896278302567,KILL
COQUSD,60,breakout_scalp,23,-0.20887219999999995,-0.009081399999999998,0.08695652173913043,0.10193086914049036,-0.18059117015124543,0.043494923049290014,-6.593073302104949,0.03940075811347539,9,-0.05381939999999996,-0.0059799333333333295,0.2222222222222222,0.30579260742147135,-0.04233219960181078,0.012927365877790642,-1.774354512787279,-0.3555320330210494,KILL
HYPEUSD,30,volume_climax_reversal,10,-0.11922259729005036,-0.011922259729005036,0.1,0.022303915774841178,-0.09960983292617505,0.0039584607496956584,-6.271435691792147,2.4,10,-0.11922259729005036,-0.011922259729005036,0.1,0.022303915774841178,-0.09960983292617505,0.0039584607496956584,-6.271435691792147,-0.3607708501430474,KILL
DOGUSD,15,red_streak_reversal,20,-0.18003734597183052,-0.009001867298591527,0.1,0.0608940465049798,-0.16142078535059518,0.0054276345969191285,-6.22816609720464,1.9557947738518968,10,-0.07904654742006822,-0.007904654742006823,0.1,0.10038159303060827,-0.06905970614280485,0.004230943374007978,-3.3221606959950982,-0.36088882807397926,KILL
SOLUSD,15,vwap_reclaim_trend,13,-0.12460947695707136,-0.009585344381313182,0.0,0.0,-0.11119426702131965,0.0003358039132916879,-10.619881247303237,3.7689035790598293,9,-0.09567048175958726,-0.010630053528843029,0.0,0.0,-0.07971800367780828,0.0004850500969768825,-9.325509215262713,-0.3743140120694846,KILL
GIGAUSD,60,breakout_scalp,47,-0.21563208842778836,-0.004587916775059327,0.2765957446808511,0.40097144250798794,-0.21494245826825334,0.01353398228003881,-3.1478842151992783,0.8323442684738348,28,-0.09179115787175796,-0.00327825563827707,0.32142857142857145,0.5375123261005121,-0.11046832744863049,0.009947508858861262,-1.6199005333559413,-0.38479766738741805,KILL
DOGUSD,30,momentum_breakout_trail,44,-0.23421787843492758,-0.005323133600793809,0.3409090909090909,0.5526364102959732,-0.2116030945479359,0.014834417337055084,-1.8329698863805648,0.5859839934332034,17,-0.10165848023173107,-0.005979910601866534,0.35294117647058826,0.4880948280905941,-0.09459943255683036,0.015950738407616946,-1.4102384536777177,-0.40503529764632984,KILL
COQUSD,30,quiet_then_burst,32,-0.22482297335529922,-0.0070257179173531005,0.21875,0.40297162982898505,-0.24605770124440784,0.03568087724218939,-2.4985352332270203,1.3078659489494706,13,-0.10610897335529945,-0.008162228719638419,0.23076923076923078,0.2955561160255781,-0.09568764295708625,0.010887728607818444,-2.135310281124415,-0.4089717857205186,KILL
SOLUSD,30,volume_spike_trend,43,-0.23253894582648393,-0.005407882461081022,0.2558139534883721,0.39831464368513453,-0.21964845373552702,0.009329645702855813,-2.721847126468882,2.976744186046512,22,-0.10247280528537339,-0.00465785478569879,0.2727272727272727,0.4642073762057474,-0.08567393268842481,0.009916862887177585,-1.5684616585732727,-0.4134666250192328,KILL
DOGUSD,60,breakout_scalp,28,-0.24021352247513017,-0.008579054374111791,0.10714285714285714,0.1289479686332922,-0.2066298219663292,0.015324072971805436,-6.29544330905567,0.21421128367984915,11,-0.07486382247513035,-0.006805802043193668,0.18181818181818182,0.24050727593331458,-0.06238002819757277,0.013929392687895776,-2.44519185875111,-0.4154636892783824,KILL
GIGAUSD,15,momentum_breakout_trail,58,-0.192288830220673,-0.003315324658977121,0.41379310344827586,0.6604628775384689,-0.19733043678372608,0.016132837712365834,-1.3633486364708984,3.1824122663904615,36,-0.1425485414110207,-0.0039596817058616856,0.4166666666666667,0.5852673027487696,-0.1513465403899139,0.01630977409615996,-1.4779221998918624,-0.41974512870191305,KILL
HYPEUSD,60,volume_spike_trend,18,-0.15873258909873067,-0.008818477172151704,0.16666666666666666,0.2974631139906222,-0.16789972946329948,0.014017057114969651,-2.561911105695449,1.5555555555555556,18,-0.15873258909873067,-0.008818477172151704,0.16666666666666666,0.2974631139906222,-0.16789972946329948,0.014017057114969651,-2.561911105695449,-0.42245058380378114,KILL
GIGAUSD,15,red_streak_reversal,27,-0.2209521900188548,-0.00818341444514277,0.2222222222222222,0.11983098858531163,-0.18899777146147603,0.00474323260554008,-5.523232849853001,3.329198457942273,15,-0.0995967054622452,-0.00663978036414968,0.3333333333333333,0.2235656617948454,-0.083670350858734,0.006548802147825302,-2.7768175486862776,-0.4255795767107526,KILL
COQUSD,30,rsi_momentum_thrust,33,-0.28077870192132526,-0.008508445512767433,0.18181818181818182,0.3096096886188969,-0.24910307636656995,0.05076231212249261,-3.2568427411876795,0.8832341473424996,13,-0.09080049294830139,-0.0069846533037154915,0.23076923076923078,0.3971871567815997,-0.08618081720412057,0.0455601302645178,-1.5726209406838456,-0.4495478687556541,KILL
COQUSD,30,breakout_scalp,47,-0.26831870000000047,-0.005708908510638308,0.23404255319148937,0.32702820515907227,-0.24655069611669705,0.02731587099193412,-3.988437877101562,0.4134287498198934,22,-0.10608220000000024,-0.004821918181818193,0.2727272727272727,0.4013527972406798,-0.11243435902935406,0.0134702905952774,-2.163899649975975,-0.46732637877101646,KILL
DOGUSD,60,higher_low_structure,28,-0.2771646845251642,-0.009898738733041578,0.14285714285714285,0.23330798245466758,-0.25634059484916205,0.016514629021783172,-3.898922553892314,0.4641244479730065,11,-0.10483668452516437,-0.009530607684105852,0.18181818181818182,0.22666964290862204,-0.09059540262825544,0.015774416734094136,-2.371342447314062,-0.4734089368518339,KILL
DOGUSD,15,deep_vwap_pullback,21,-0.23535573727934922,-0.01120741606092139,0.14285714285714285,0.08463471697129224,-0.21132159350125118,0.0067224191002731425,-6.119612079605625,2.1287562164374387,13,-0.12373529788148252,-0.009518099837037117,0.23076923076923078,0.14956395759042876,-0.10950471233353196,0.008451007073038194,-3.3729127637951652,-0.48215480489762924,KILL
GIGAUSD,30,higher_low_structure,74,-0.33173022577936395,-0.004482840888910324,0.28378378378378377,0.5265320651871834,-0.32599476668672944,0.017569064426303533,-2.517196623145791,2.882679519248368,39,-0.08689438301980246,-0.002228061103071858,0.3333333333333333,0.7331136408736174,-0.13064361259350868,0.018875782274988626,-0.8627238549648927,-0.48724376654052554,KILL
HYPEUSD,30,bb_lower_bounce,11,-0.13517277776724712,-0.012288434342477011,0.0,0.0,-0.11563712662301447,0.0030697069884137802,-16.07699729387776,1.2727272727272727,11,-0.13517277776724712,-0.012288434342477011,0.0,0.0,-0.11563712662301447,0.0030697069884137802,-16.07699729387776,-0.4987019173568954,KILL
SOLUSD,30,bb_lower_bounce,27,-0.22303091708048883,-0.0082604043363144,0.1111111111111111,0.05603055998672278,-0.190480709214992,0.00337009153511629,-6.876561469748601,2.8518518518518516,18,-0.13835106321778423,-0.00768617017876579,0.16666666666666666,0.08732998394041644,-0.11851976036443147,0.004500035352199906,-4.651393152266707,-0.49932312660465117,KILL
COQUSD,15,breakout_scalp,69,-0.284500397652784,-0.004123194168880928,0.3188405797101449,0.45050273560782683,-0.29035653262866423,0.023777455281161434,-3.3165451984455547,0.5870200588567597,31,-0.1257771497925999,-0.004057327412664513,0.3225806451612903,0.45920723008506387,-0.11060322157403694,0.022494187040509612,-2.1441369229081424,-0.5063315743261394,KILL
GIGAUSD,30,breakout_scalp,77,-0.31455155829525605,-0.004085085172665663,0.2857142857142857,0.44335029634638135,-0.31475898209692066,0.011920466786683107,-3.5562112898299505,1.0084137081879745,41,-0.10863902200823627,-0.0026497322441033236,0.34146341463414637,0.5890168573051213,-0.13665852769340026,0.013211030147642596,-1.6322750267593003,-0.5130722042059099,KILL
HYPEUSD,15,momentum_breakout,8,-0.13121612113966674,-0.016402015142458343,0.0,0.0,-0.1078386232022234,0.002592692554792664,-18.562529829926667,2.9923560387294037,8,-0.13121612113966674,-0.016402015142458343,0.0,0.0,-0.1078386232022234,0.002592692554792664,-18.562529829926667,-0.5136656011484335,KILL
COQUSD,60,higher_low_structure,29,-0.31121180000000026,-0.010731441379310354,0.10344827586206896,0.20534796881160108,-0.25923581472467466,0.039063711831054344,-4.453350560176805,0.31248877124480484,13,-0.11207679999999998,-0.008621292307692307,0.15384615384615385,0.323578617521311,-0.10079278251663022,0.017231275984547552,-1.9769428680613428,-0.5238605056017682,KILL
COQUSD,15,rsi_momentum_thrust,45,-0.32959866132096993,-0.007324414696021554,0.2,0.3921768615378986,-0.3015383998171096,0.030042737460116854,-2.959338480170739,0.9487513383684926,18,-0.11147157063525548,-0.006192865035291971,0.2222222222222222,0.4713960853642496,-0.09994549279073846,0.0383754668874124,-1.4561778237118501,-0.5263994020755606,KILL
COQUSD,15,higher_low_structure,68,-0.3321763561036165,-0.004884946413288478,0.2647058823529412,0.5550358893816729,-0.369811312945734,0.02757079347188478,-2.321641386977375,1.3925394361234378,31,-0.12294170145724692,-0.003965861337330546,0.2903225806451613,0.6290026318381983,-0.11816101713510757,0.027494079938908948,-1.2247293059724569,-0.5398053221592607,KILL
HYPEUSD,60,momentum_accel,39,-0.2372754837840546,-0.006083986763693708,0.2564102564102564,0.46875982948996575,-0.2128497929242127,0.016795261476832454,-2.126221968478152,2.3846153846153846,37,-0.2011684837840545,-0.005436986048217689,0.2702702702702703,0.509987518673144,-0.1981203368814188,0.016681589676041317,-1.8242314386373732,-0.5602904291449179,KILL
HYPEUSD,15,bb_lower_bounce,21,-0.19636095302030743,-0.009350521572395592,0.047619047619047616,0.008997984325435299,-0.1744083586884076,0.002379467479007022,-8.754146602591742,2.3748857450233363,21,-0.19636095302030743,-0.009350521572395592,0.047619047619047616,0.008997984325435299,-0.1744083586884076,0.002379467479007022,-8.754146602591742,-0.578443848576686,KILL
HYPEUSD,15,volume_climax_reversal,23,-0.2078868245911516,-0.009038557590919635,0.17391304347826086,0.06955326169770956,-0.17655696192705894,0.004159060163614173,-5.879062755963824,3.3826633481288915,23,-0.2078868245911516,-0.009038557590919635,0.17391304347826086,0.06955326169770956,-0.17655696192705894,0.004159060163614173,-5.879062755963824,-0.5785076890375173,KILL
HYPEUSD,30,momentum_breakout_trail,33,-0.2292919722310478,-0.006948241582759024,0.3333333333333333,0.39381726426292807,-0.2230685288566079,0.01291919444089341,-2.56867038910523,2.757575757575758,33,-0.2292919722310478,-0.006948241582759024,0.3333333333333333,0.39381726426292807,-0.2230685288566079,0.01291919444089341,-2.56867038910523,-0.5989166344686718,KILL
COQUSD,60,volume_spike_trend,27,-0.32295600000000013,-0.011961333333333338,0.07407407407407407,0.1423745917093768,-0.2675421877370681,0.03896659623799422,-5.562168521076039,0.43632691392330153,13,-0.15394659999999982,-0.01184204615384614,0.07692307692307693,0.14830686636393436,-0.131074050470276,0.03420908986178432,-3.676793297316915,-0.6094975852107603,KILL
SOLUSD,15,quiet_then_burst,43,-0.3284886671637164,-0.007639271329388753,0.23255813953488372,0.22229183682545192,-0.2896054485177181,0.006254998129597338,-4.456986455519753,3.069500968992248,26,-0.1743484860715223,-0.006705711002750858,0.23076923076923078,0.2976931528588309,-0.15081514736301427,0.006472844975675325,-2.7145014481763927,-0.6345812608261974,KILL
DOGUSD,30,higher_low_structure,58,-0.3782663353032564,-0.0065218333672975234,0.20689655172413793,0.4428329112933281,-0.3157911437494303,0.01488121888624615,-3.000068176869913,0.923274514852315,24,-0.15921973530325662,-0.006634155637635693,0.20833333333333334,0.41509447389920856,-0.13714143635958062,0.014810040840725902,-2.033017585051183,-0.6470966200268404,KILL
HYPEUSD,60,breakout_scalp,22,-0.22072570000000058,-0.01003298636363639,0.045454545454545456,0.05096543457024413,-0.190190250022603,0.006551810818923551,-9.626612062611615,0.04545454545454545,22,-0.22072570000000058,-0.01003298636363639,0.045454545454545456,0.05096543457024413,-0.190190250022603,0.006551810818923551,-9.626612062611615,-0.6480803706261176,KILL
SOLUSD,60,breakout_scalp,47,-0.34671635053108496,-0.007376943628320956,0.1702127659574468,0.18138675824188,-0.3041079383187161,0.0062529360109527974,-6.316967066578138,0.7234042553191489,25,-0.16223650000000045,-0.006489460000000018,0.2,0.267568531493786,-0.15275144836171742,0.007772693226004046,-3.466368722649305,-0.6532407711968671,KILL
COQUSD,30,volume_spike_trend,56,-0.35866723034594583,-0.006404771970463318,0.23214285714285715,0.4433196411565736,-0.36860882748991175,0.027658214328408832,-2.9342577972536623,1.2411380944112322,26,-0.17897507911459365,-0.006883656889022833,0.23076923076923078,0.40590368618519285,-0.19785534993175016,0.024728972154652043,-2.2121080717189052,-0.6564724269903729,KILL
DOGUSD,60,rsi_momentum_thrust,32,-0.3213877666450793,-0.010043367707658728,0.125,0.23798134987927003,-0.26722469645327285,0.01969538733455871,-4.023156733308122,0.4998263285863147,18,-0.2042171666450786,-0.011345398146948812,0.1111111111111111,0.1526427413683117,-0.1741818086037382,0.015949805184298067,-4.094908750518917,-0.6679450839457785,KILL
GIGAUSD,15,higher_low_structure,118,-0.4193630741737193,-0.003553924357404401,0.3305084745762712,0.5735874979672209,-0.38249027678236613,0.013423053132110233,-2.697772840740435,3.16917811544964,66,-0.1640228043749553,-0.002485194005681141,0.3939393939393939,0.6665688724061302,-0.1659164881123401,0.01418323504578381,-1.4509124728665574,-0.6923750091435567,KILL
GIGAUSD,30,ema_fast_bounce,89,-0.31870339746881227,-0.003580937050211374,0.3146067415730337,0.5188054936688806,-0.28215571862698063,0.01094024412909042,-2.726630058626554,2.7036294924797724,47,-0.23481394635467034,-0.004996041411801497,0.3191489361702128,0.3912057112421835,-0.2039320505186344,0.011257252736009069,-2.8988472334624875,-0.6981906175870833,KILL
SOLUSD,60,rsi_momentum_thrust,47,-0.38295305289062687,-0.008147937295545252,0.1702127659574468,0.25786214689231857,-0.33988350910849063,0.008671633399301935,-4.307948175553077,2.382978723404255,21,-0.18285910684946094,-0.008707576516640997,0.14285714285714285,0.26793025203851295,-0.15757902530165563,0.010101536897327465,-2.7814177367102024,-0.700321194920349,KILL
SOLUSD,15,bb_lower_bounce,57,-0.3480779103702579,-0.006106630006495753,0.12280701754385964,0.1371268297023604,-0.286435712597464,0.0037507222366573085,-6.335350052718387,2.7366045321637427,32,-0.2076932345978466,-0.0064904135811827066,0.125,0.10529691578490008,-0.19505999404935753,0.004408113311425037,-5.301095809484421,-0.7229712627942118,KILL
SOLUSD,60,momentum_accel,62,-0.44197003112270106,-0.0071285488890758236,0.22580645161290322,0.357441832413503,-0.3863457780450329,0.011907001959874994,-3.4905265687707043,3.274193548387097,28,-0.16474730880437127,-0.005883832457298974,0.25,0.4636556212086718,-0.18585134390870572,0.014387239327988481,-1.7478581642794981,-0.723996260016965,KILL
COQUSD,15,quiet_then_burst,56,-0.3563046149957898,-0.006362582410639104,0.23214285714285715,0.4290558239703607,-0.32333586845510737,0.010621291903119992,-3.0517567726788664,1.9646190145473936,31,-0.22716878979484323,-0.007328025477253007,0.22580645161290322,0.3716064581982242,-0.19449366026740028,0.00973768640828015,-2.6870567642886285,-0.7275753674148434,KILL
DOGUSD,60,volume_spike_trend,39,-0.45055873867139506,-0.011552788171061411,0.10256410256410256,0.14537092577855998,-0.35786865277442337,0.013834341592986596,-6.61290605633247,0.7176993436111185,16,-0.14598413867139493,-0.009124008666962183,0.1875,0.2544846158371068,-0.1310740504702764,0.010284467395312968,-2.7272278811513453,-0.7356640072418121,KILL
SOLUSD,30,rsi_momentum_thrust,68,-0.4126931522006462,-0.00606901694412715,0.20588235294117646,0.31626277944796416,-0.3702910308761904,0.006935701456995504,-4.08179089559428,3.308823529411765,34,-0.18859734324888655,-0.005546980683790781,0.23529411764705882,0.37853532616964114,-0.16222210984994717,0.007240525146779381,-2.370675973809783,-0.7364070760299188,KILL
HYPEUSD,15,momentum_breakout_trail,42,-0.30053496052824324,-0.007155594298291506,0.35714285714285715,0.34054736576539196,-0.2531527132951188,0.01139720376117719,-3.2857723730134274,3.799817192037338,41,-0.2824814605282431,-0.006889791720201051,0.36585365853658536,0.3545943073761714,-0.2531527132951192,0.011675184340718098,-3.110730666807281,-0.7571148750507422,KILL
DOGUSD,30,rsi_momentum_thrust,60,-0.45041080177711856,-0.007506846696285309,0.2,0.36318936565062376,-0.3586005686985512,0.01306388397826756,-3.72342555882587,1.2230537709093012,27,-0.1846571007515766,-0.006839151879688022,0.2222222222222222,0.3893195065802844,-0.15917686457958527,0.014430757579660626,-2.2399921547316053,-0.7646307084927421,KILL
SOLUSD,30,breakout_scalp,65,-0.4165361359999298,-0.006408248246152766,0.16923076923076924,0.21590217615832755,-0.3506635240824122,0.005590056933725031,-6.326457077783555,1.0769230769230769,34,-0.1957558404824643,-0.00575752472007248,0.20588235294117646,0.2739526595185509,-0.17067867206800372,0.006150602308952806,-3.7662200538310344,-0.7734344675014618,KILL
SOLUSD,15,momentum_breakout_trail,40,-0.36629389729230244,-0.009157347432307561,0.2,0.18482667060966726,-0.32612985291044844,0.00836696038953561,-5.028002184137067,4.824581163194445,26,-0.23854228746699202,-0.009174703364115078,0.19230769230769232,0.14473821464719505,-0.19975489829508764,0.008963250765836005,-4.427360051805692,-0.7743873503341612,KILL
SOLUSD,30,momentum_accel,90,-0.4813403383743866,-0.005348225981937629,0.26666666666666666,0.4069899474148177,-0.41475567962809295,0.009089625988385554,-3.599086968414853,3.8333333333333335,45,-0.17312691503271804,-0.003847264778504845,0.35555555555555557,0.5311075850573149,-0.17840234505535194,0.010583612510005539,-1.738929957150228,-0.7770215806076123,KILL
HYPEUSD,30,volume_spike_trend,44,-0.30307363042746305,-0.006888037055169615,0.20454545454545456,0.3735150482688024,-0.26762457888392005,0.010647474790463492,-3.1208291623032673,2.022727272727273,44,-0.30307363042746305,-0.006888037055169615,0.20454545454545456,0.3735150482688024,-0.26762457888392005,0.010647474790463492,-3.1208291623032673,-0.7888923676916902,KILL
DOGUSD,30,breakout_scalp,59,-0.4526154906818377,-0.007671448994607419,0.15254237288135594,0.17536194982367648,-0.359229461465054,0.011891303754240289,-7.375237794733324,0.28573404634161415,26,-0.17884869068183828,-0.006878795795455319,0.19230769230769232,0.21449012084063496,-0.1556991897560036,0.012202175461733949,-4.105023959492362,-0.7946409046519284,KILL
HYPEUSD,60,higher_low_structure,26,-0.29827416709086874,-0.011472083349648797,0.07692307692307693,0.1523609061459438,-0.25749819032885274,0.008911139974005918,-5.119879172272707,0.7692307692307692,26,-0.29827416709086874,-0.011472083349648797,0.07692307692307693,0.1523609061459438,-0.25749819032885274,0.008911139974005918,-5.119879172272707,-0.796884209449899,KILL
GIGAUSD,60,ema_fast_bounce,72,-0.5041738253194099,-0.00700241424054736,0.16666666666666666,0.31090559697553566,-0.4091368048894725,0.00928997025741553,-4.888457825842865,1.5902512446451313,31,-0.16784398551273239,-0.005414322113313948,0.22580645161290322,0.44596308206902896,-0.17630947459585025,0.01147917998005343,-2.17778169790342,-0.8048243818469372,KILL
DOGUSD,15,rsi_momentum_thrust,84,-0.5022225751275636,-0.005978840180090044,0.25,0.4361203857855463,-0.3940174000786811,0.012764165027677844,-3.444713305791877,2.250716208004167,39,-0.19011793228522766,-0.004874818776544299,0.28205128205128205,0.48939646203299303,-0.20283294115587489,0.011604487017580229,-1.9596072260540927,-0.8218466066133239,KILL
SOLUSD,60,higher_low_structure,53,-0.470633410258933,-0.008879875665262887,0.16981132075471697,0.24546410441643815,-0.3956057429665616,0.007762187364022712,-5.005155921251773,2.169811320754717,26,-0.20132127763071417,-0.007743126062719776,0.19230769230769232,0.36354943926597466,-0.19462435191887809,0.010351010671893052,-2.5192252098609713,-0.8226668859175219,KILL
DOGUSD,15,momentum_breakout_trail,69,-0.5250451698826912,-0.007609350288154945,0.2898550724637681,0.38956936348722027,-0.42949663681010203,0.017153163878252466,-3.752172450254511,1.741183753118666,26,-0.174581112599846,-0.006714658176917154,0.34615384615384615,0.4139087845250033,-0.15906070927050514,0.02568815180303411,-2.178877812812739,-0.8244385632850053,KILL
COQUSD,15,volume_spike_trend,102,-0.5555979341839381,-0.0054470385704307655,0.24509803921568626,0.5053985227800506,-0.4642169504492691,0.021971740287802216,-3.2985889353787377,1.4649836842454667,42,-0.17995047302287948,-0.0042845350719733204,0.2857142857142857,0.6017772857129718,-0.17645910885506125,0.02191047177406286,-1.5648623485469053,-0.8585095330720447,KILL
SOLUSD,15,volume_spike_trend,80,-0.4651358481988498,-0.005814198102485622,0.2125,0.2949084976369321,-0.3998604353160301,0.006797890053560315,-4.657533409702934,3.687179904513889,42,-0.23663711622840766,-0.005634217053057325,0.16666666666666666,0.29538897094274474,-0.2012479389774486,0.006466401296431755,-3.2561717868684545,-0.8666668566384906,KILL
COQUSD,60,momentum_accel,58,-0.5917534990428555,-0.010202646535221646,0.15517241379310345,0.32562267569006215,-0.4436860794038591,0.03564790347101076,-4.171044466397229,0.8905929980476938,26,-0.1785299990428555,-0.006866538424725211,0.23076923076923078,0.49557795586584275,-0.20234692217525174,0.03134315555884769,-1.6629152398073723,-0.901258942271111,KILL
GIGAUSD,15,breakout_scalp,110,-0.4959990033898326,-0.004509081848998478,0.2727272727272727,0.3786348481304973,-0.41496454433150604,0.008758830981840429,-5.036463282673977,1.1415384858218438,61,-0.24460249457044747,-0.00400987696017127,0.29508196721311475,0.42978073753665974,-0.24471349310683077,0.009246869168044725,-3.215857240031002,-0.9132673780722436,KILL
GIGAUSD,15,ema_fast_bounce,124,-0.4765716379210402,-0.0038433196606535497,0.3064516129032258,0.5132921267832433,-0.38973551689933467,0.009501302146651194,-3.387442781586174,3.0545662285872712,61,-0.27215930973040603,-0.004461628028367312,0.3114754098360656,0.49213050726992597,-0.2617534680958474,0.009950000656921757,-2.5928791058570724,-0.9186850303325109,KILL
HYPEUSD,30,higher_low_structure,54,-0.3547210818727149,-0.006568908923568794,0.2222222222222222,0.3872449473738759,-0.32788741963660833,0.009806641246838848,-3.264787986950195,2.2222222222222223,54,-0.3547210818727149,-0.006568908923568794,0.2222222222222222,0.3872449473738759,-0.32788741963660833,0.009806641246838848,-3.264787986950195,-0.9194505845512891,KILL
SOLUSD,30,higher_low_structure,78,-0.5330095557013445,-0.006833455842324929,0.24358974358974358,0.3022473955237657,-0.4476536045079378,0.008675358943734057,-4.907516688666797,3.717948717948718,36,-0.23838662035924751,-0.006621850565534653,0.2222222222222222,0.30594443570731267,-0.2027690108353505,0.009582945417905862,-3.258477001022361,-0.9396646531268837,KILL
HYPEUSD,30,rsi_momentum_thrust,54,-0.38572408659306967,-0.007143038640612402,0.18518518518518517,0.302113181785236,-0.3238344422350041,0.011624860390518424,-3.9209307995841884,2.8518518518518516,53,-0.37066128659306974,-0.006993609181001316,0.18867924528301888,0.3105773387793296,-0.3134937356767557,0.011470865540537929,-3.7798818820545517,-0.9809253244785161,KILL
HYPEUSD,30,breakout_scalp,46,-0.3751846703212961,-0.008156188485245568,0.10869565217391304,0.13641892951338827,-0.3070398507799497,0.0076486259409364234,-7.605376654020263,0.8478260869565218,46,-0.3751846703212961,-0.008156188485245568,0.10869565217391304,0.13641892951338827,-0.3070398507799497,0.0076486259409364234,-7.605376654020263,-1.0140154423434429,KILL
HYPEUSD,30,momentum_accel,62,-0.4048215532608601,-0.0065293798913041955,0.25806451612903225,0.4008720487221426,-0.33185956036979286,0.014130678149909726,-3.1035951309868373,3.032258064516129,61,-0.38676805326086017,-0.0063404598895222975,0.26229508196721313,0.4118769162023,-0.31957551696532627,0.014037958325490464,-2.9768147175095705,-1.0160095844620187,KILL
DOGUSD,30,volume_spike_trend,83,-0.6671904365465486,-0.008038438994536731,0.1927710843373494,0.3225516100518196,-0.48994844890960015,0.010876864658571572,-5.0236108803260775,1.1708818256181523,30,-0.23037921757915325,-0.007679307252638442,0.23333333333333334,0.30394131641769534,-0.20439936192240538,0.009970767138478324,-3.0625543952623433,-1.0629953717185392,KILL
DOGUSD,60,momentum_accel,63,-0.748478397175747,-0.011880609478980111,0.14285714285714285,0.22277705314560065,-0.5323245659642729,0.015498749220275436,-5.954964205740606,0.7457726172557712,25,-0.172104397175747,-0.006884175887029879,0.28,0.4503043514318052,-0.1616740041240568,0.018749145132415945,-1.7959025927439103,-1.0661846349967736,KILL
SOLUSD,60,ema_fast_bounce,83,-0.6065663806491075,-0.007308028682519368,0.18072289156626506,0.23343645790487666,-0.46992968526053985,0.006828085430887775,-6.460008697491681,2.6867469879518073,41,-0.2948536984798156,-0.007191553621458916,0.1951219512195122,0.26585898245423695,-0.24811565410531872,0.008127547799006185,-4.200311753595311,-1.1134470153437477,KILL
HYPEUSD,15,volume_spike_trend,60,-0.4209156762634123,-0.0070152612710568715,0.26666666666666666,0.2884817540318916,-0.35692907485392317,0.007599077935200926,-4.559468902140874,3.092101240020384,59,-0.43592437452402955,-0.007388548720746264,0.2542372881355932,0.26311096538496076,-0.3470944897338864,0.007328660438763164,-4.866772374065297,-1.1203969270708654,KILL
DOGUSD,15,higher_low_structure,98,-0.6756965832714877,-0.006894863094607018,0.22448979591836735,0.3754958023142239,-0.4913355924622824,0.014738674377113374,-4.63752717778359,2.3283271117284485,47,-0.3131997098474303,-0.0066638236137751125,0.23404255319148937,0.3656874106379251,-0.28107037428817666,0.016907272608059003,-3.278863596362708,-1.191871419820469,KILL
COQUSD,30,ema_fast_bounce,129,-0.6766393248655073,-0.005245266084228739,0.2248062015503876,0.47618077824221605,-0.49687601155081174,0.01435367928753271,-4.140747006946067,1.0949575386553707,73,-0.3291229900334499,-0.004508534110047259,0.2465753424657534,0.542118420365403,-0.29542924316394537,0.01669695864554539,-2.555853741402653,-1.2117312799851427,KILL
SOLUSD,15,higher_low_structure,130,-0.6984227948349289,-0.005372483037191761,0.25384615384615383,0.3253903151310387,-0.5297435886829776,0.006791313930846047,-5.500333027879658,4.491917735042735,70,-0.33550776711111596,-0.004792968101587371,0.2857142857142857,0.3795102968626922,-0.27810719816070945,0.006880392023440295,-3.4185650769057365,-1.2566877757803996,KILL
SOLUSD,15,breakout_scalp,109,-0.6437905479778022,-0.0059063353025486445,0.1926605504587156,0.22144360598198426,-0.4885859341023648,0.005001428249879789,-7.80949719480614,1.385200847349643,61,-0.36133915438304687,-0.005923592694804047,0.18032786885245902,0.24241427480301142,-0.2976701908454566,0.004924966936792167,-5.573698742579067,-1.263894251500434,KILL
COQUSD,30,momentum_accel,93,-0.7594296888797546,-0.00816591063311564,0.22580645161290322,0.4136885740656842,-0.5734721321416396,0.030436846284179503,-4.051943051011462,1.2857668315325057,46,-0.31618841136213427,-0.006873661116568136,0.2391304347826087,0.49960092999436734,-0.29153373190602805,0.025145990801991574,-2.228029264885373,-1.2742317364330706,KILL
COQUSD,60,ema_fast_bounce,94,-0.7082464900334497,-0.007534537128015423,0.1595744680851064,0.3140144277709547,-0.5229330957187597,0.014016832914664473,-5.719044932241639,0.7134052160546289,52,-0.368697490033449,-0.007090336346797095,0.17307692307692307,0.3439161195702784,-0.30322793572959295,0.012045678386920918,-3.8727689762512325,-1.3184831744060397,KILL
DOGUSD,15,quiet_then_burst,74,-0.8281205792317824,-0.01119081863826733,0.10810810810810811,0.13113873934478465,-0.5608559029937255,0.00720363767335068,-9.425574649992557,1.6235362022322697,22,-0.2675007311146801,-0.012159124141576367,0.13636363636363635,0.06531416150111201,-0.22586455453348167,0.0050351004004944855,-7.343822666960383,-1.323627422403728,KILL
DOGUSD,15,breakout_scalp,99,-0.770652507945905,-0.007784368767130354,0.1414141414141414,0.1536745101328595,-0.5348127141164274,0.011313399941679268,-10.302614129078087,0.8278496397256706,46,-0.3024559890013384,-0.00657513019568127,0.17391304347826086,0.22457527623164636,-0.25467086016093804,0.013987399188535735,-5.280860944330749,-1.3273626327386936,KILL
SOLUSD,15,momentum_accel,119,-0.6668395940446922,-0.005603694067602455,0.2773109243697479,0.33924684063172234,-0.5192494093043846,0.007452806161114127,-4.810069115314551,4.251731734360411,64,-0.41113913449418493,-0.00642404897647164,0.234375,0.31806201335121553,-0.32957320378536764,0.006931252941233514,-3.8601649592634706,-1.331648986939115,KILL
SOLUSD,30,ema_fast_bounce,141,-0.7553956012261177,-0.00535741561153275,0.23404255319148937,0.2865323336663326,-0.5291291686648285,0.006085805630450995,-6.611038489002865,3.560283687943262,81,-0.3447721817677636,-0.004256446688490908,0.32098765432098764,0.40446902112316047,-0.29950779603194216,0.006965724635331608,-3.609692086641653,-1.3386642587677917,KILL
HYPEUSD,15,breakout_scalp,87,-0.5282497238663628,-0.006071835906509918,0.19540229885057472,0.23043990272826265,-0.40685048500563825,0.006191820481579402,-6.86677127659338,1.261146223219289,86,-0.5171745238663629,-0.0060136572542600335,0.19767441860465115,0.23421890175460022,-0.40685048500563886,0.006263818394155907,-6.736947234496705,-1.372679222431841,KILL
HYPEUSD,15,rsi_momentum_thrust,83,-0.538884318803675,-0.006492582154261145,0.26506024096385544,0.31216431063493244,-0.4471310587469816,0.007433113107206815,-4.979519596528424,3.184635944832498,82,-0.5538930170642923,-0.0067547928910279545,0.25609756097560976,0.29300710387582285,-0.44713105874698217,0.007236520459428496,-5.22456398912864,-1.4195190403653977,KILL
COQUSD,15,ema_fast_bounce,140,-0.8359986343738456,-0.00597141881695604,0.19285714285714287,0.40451378065696336,-0.5721840948390311,0.013155830746125252,-5.24373393259081,1.4739529721081939,73,-0.4016233682516325,-0.00550168997604976,0.2191780821917808,0.4494310699917706,-0.338683808644716,0.01503226906706953,-3.3490077485428063,-1.4908710260772025,KILL
DOGUSD,30,momentum_accel,113,-1.078249177767507,-0.009542028121836344,0.18584070796460178,0.3144504984646554,-0.661062247407144,0.013987095253393948,-5.860483504434236,1.7551596808074164,38,-0.31141409193983405,-0.008195107682627212,0.23684210526315788,0.344298287883919,-0.26038937430876863,0.013510586747855961,-2.9713166610129464,-1.6039751507216005,KILL
SOLUSD,15,rsi_momentum_thrust,125,-0.8321795396208592,-0.006657436316966874,0.168,0.19202590155331312,-0.5670177700021167,0.0051715200618229285,-7.8981285170443485,3.7916708333333338,72,-0.48668740046583103,-0.006759547228692098,0.1388888888888889,0.210328257160219,-0.37932276130732545,0.004770229383093871,-5.560286599140157,-1.641191925490049,KILL
HYPEUSD,60,ema_fast_bounce,79,-0.6378408560752118,-0.008073934887027998,0.13924050632911392,0.2572617961668694,-0.48016435676406366,0.009690964888911318,-6.110359551742952,1.2278481012658229,79,-0.6378408560752118,-0.008073934887027998,0.13924050632911392,0.2572617961668694,-0.48016435676406366,0.009690964888911318,-6.110359551742952,-1.655705735705459,KILL
HYPEUSD,15,higher_low_structure,94,-0.700354482491011,-0.007450579600968202,0.20212765957446807,0.2799457498600874,-0.5066147723014567,0.008319914026400688,-5.731152261340026,3.459248470304204,93,-0.685291682491011,-0.007368727768720548,0.20430107526881722,0.2843493229978021,-0.5066147723014566,0.00840937546754478,-5.618713948800568,-1.7856035288409278,KILL
HYPEUSD,30,ema_fast_bounce,112,-0.7489989830872501,-0.006687490920421876,0.22321428571428573,0.2936129694580028,-0.5295237072010467,0.008855532489505144,-6.20954845516655,2.107142857142857,110,-0.72286098308725,-0.006571463482611364,0.22727272727272727,0.3010337402406427,-0.5295237072010465,0.008982246973361597,-6.009667665180065,-1.8953859422697905,KILL
DOGUSD,15,momentum_accel,162,-1.3332271500056068,-0.008229797222256831,0.2222222222222222,0.31761052546051366,-0.7382681691527583,0.012882706357080909,-6.659052208357544,2.7020092407712863,58,-0.33759719428349944,-0.005820641280749991,0.27586206896551724,0.4259396145026477,-0.2919783052325678,0.016459759382248605,-2.8235288084600065,-1.9062134635144312,KILL
DOGUSD,15,volume_spike_trend,133,-1.2308195339026358,-0.009254282209794254,0.15789473684210525,0.21290551100028282,-0.7092702039426558,0.010805309273435001,-8.840569071764675,1.8416542267205473,48,-0.4002036178886217,-0.008337575372679618,0.1875,0.20783259244995078,-0.32585447502698484,0.013375826578545394,-5.113947090087603,-1.919530651453215,KILL
COQUSD,15,momentum_accel,119,-1.2411078306298942,-0.010429477568318439,0.19327731092436976,0.2751299446576212,-0.7191643065640129,0.019819725027873526,-6.936062770013058,1.7064645113188952,54,-0.5965483043905466,-0.01104719082204716,0.18518518518518517,0.24603617028050118,-0.4515916856200929,0.018550084439480505,-5.078645930736366,-2.2052909149158446,KILL
HYPEUSD,15,momentum_accel,115,-0.8604634398534132,-0.007482290781334028,0.24347826086956523,0.2923143757514684,-0.588720595541283,0.008577720065860163,-6.003873680345716,3.547459767653119,113,-0.8574186381140304,-0.007587775558531243,0.23893805309734514,0.28419018553191927,-0.5887205955412826,0.008521098206627345,-6.075199318919391,-2.2066301338279155,KILL
DOGUSD,60,ema_fast_bounce,134,-1.422247361955442,-0.010613786283249568,0.06716417910447761,0.12133723581376114,-0.7587285700224875,0.009277243064106877,-13.987369438451227,0.5371268008688755,54,-0.48829002255757437,-0.009042407825140266,0.1111111111111111,0.21144978841326742,-0.38159062733256843,0.00959397376270074,-6.0027500922624215,-2.294556090176316,KILL
SOLUSD,15,ema_fast_bounce,228,-1.318932243282358,-0.005784790540712096,0.17105263157894737,0.21266518700903872,-0.736123211016223,0.004885126618245948,-10.1073156352275,3.8636996680068227,134,-0.709070875202057,-0.005291573695537739,0.20149253731343283,0.26051473473128683,-0.5077812860268082,0.00517635376726146,-6.6281107060077655,-2.483611712437719,KILL
DOGUSD,30,ema_fast_bounce,197,-1.6300418338860323,-0.008274324029878337,0.15228426395939088,0.22839261619511236,-0.8158114532405791,0.007715911081293953,-10.592196923371135,1.253424566976606,80,-0.6462619192190191,-0.00807827399023774,0.1625,0.20461606630482196,-0.4726441967098882,0.006751299244481937,-7.059720050206676,-2.705356681948272,KILL
HYPEUSD,15,ema_fast_bounce,172,-1.077626472806969,-0.0062652701907381925,0.19767441860465115,0.3032446179953031,-0.6727309981015238,0.006638040380345298,-7.3629576805399495,2.6154119640832576,168,-1.0602419728069687,-0.006310964123851005,0.19642857142857142,0.29665512499663776,-0.6727309981015238,0.006592601330589171,-7.406877373792043,-2.7416190088228216,KILL
DOGUSD,15,ema_fast_bounce,296,-2.6406049062592363,-0.008920962521146068,0.13851351351351351,0.17590191159057028,-0.9296166661911394,0.007407038216365287,-15.496968449256537,1.727367005863403,121,-1.1799258500856842,-0.009751453306493258,0.09917355371900827,0.12051149392172045,-0.691825257128218,0.005715102478877416,-12.366975071302647,-4.565463365880328,KILL
HYPEUSD,30,breakout_asymmetric,2,-0.026137999999999995,-0.013068999999999997,0.0,0.0,-0.013068999999999872,0.0,-117715087060210.0,1.0,2,-0.026137999999999995,-0.013068999999999997,0.0,0.0,-0.013068999999999872,0.0,-117715087060210.0,-1177150870602.1655,KILL
SOLUSD,60,breakout_asymmetric,3,-0.03920699999999988,-0.01306899999999996,0.0,0.0,-0.025967201238999964,0.0071815520954653005,-176569936367455.8,1.6666666666666667,2,-0.026137999999999995,-0.013068999999999997,0.0,0.0,-0.013069000000000094,0.008556140750053065,-117715087060210.0,-1765699363674.6365,KILL
HYPEUSD,60,triple_confluence,2,-0.036107,-0.0180535,0.0,0.0,-0.01805350000000003,0.0033694974742801698,-325222943490933.0,3.0,2,-0.036107,-0.0180535,0.0,0.0,-0.01805350000000003,0.0033694974742801698,-325222943490933.0,-3252229434909.4204,KILL
GIGAUSD,15,vwap_reclaim_trend,3,-0.03920699999999977,-0.013068999999999923,0.0,0.0,-0.025967201238999853,0.0,-353123708877585.06,2.058512023613161,1,-0.013068999999999886,-0.013068999999999886,0.0,0.0,0.0,0.0,0.0,-3531237088775.909,KILL
COQUSD,30,breakout_asymmetric,3,-0.0392070000000001,-0.013069000000000034,0.0,0.0,-0.02596720123900008,0.0009517876953875071,-353123708877588.06,0.0,2,-0.026138000000000106,-0.013069000000000053,0.0,0.0,-0.013068999999999985,0.0014276815430812606,-235430174120421.0,-3531237088775.9595,KILL
COQUSD,60,atr_squeeze_expand,3,-0.045188399999999906,-0.015062799999999968,0.0,0.0,-0.029898712056159887,0.007507834825350039,-406996082491491.94,1.51036239434989,1,-0.015062799999999932,-0.015062799999999932,0.0,0.0,0.0,0.002212290834582742,0.0,-4069960824914.9873,KILL
DOGUSD,30,bb_squeeze_breakout,3,-0.04518840000000002,-0.015062800000000006,0.0,0.0,-0.02989871205616,0.0,-406996082491493.0,0.6611101464374601,1,-0.015062800000000043,-0.015062800000000043,0.0,0.0,0.0,0.0,0.0,-4069960824914.998,KILL
DOGUSD,60,bb_lower_bounce,7,-0.09148300000000031,-0.013069000000000044,0.0,0.0,-0.07589622666442679,0.003964335969350038,-582606617370244.6,0.4284225673596983,2,-0.026138000000000106,-0.013069000000000053,0.0,0.0,-0.013069000000000096,0.006287351045305534,-235430174120421.0,-5826066173702.577,KILL
DOGUSD,30,atr_squeeze_expand,7,-0.10543959999999986,-0.015062799999999979,0.0,0.0,-0.0870410646654731,0.0015338113901337863,-671488786909823.1,0.5666658398035374,4,-0.06025119999999984,-0.01506279999999996,0.0,0.0,-0.04451115373620032,0.002684169932734126,-542694563737249.0,-6714887869098.428,KILL
COQUSD,60,bb_lower_bounce,6,-0.0784140000000001,-0.013069000000000016,0.0,0.0,-0.06365918860024311,0.007957828293184996,-706221558779359.4,0.302072478869978,2,-0.026138000000000106,-0.013069000000000053,0.0,0.0,-0.013068999999999985,0.0028017795995205486,-235430174120421.0,-7062215587793.711,KILL
