pair,candidate,signals,fills,missed_entries,fill_rate,trades_full,net_full,win_full,avg_full,max_dd,avg_mfe,avg_hold,trades_recent,net_recent,win_recent,avg_recent,verdict,cost_model
GIGAUSD,baseline_tc15_tighter_volume_cap,5,5,0,1.0,5,0.07655792414979742,0.8,0.015311584829959484,-0.02115350000000003,0.03350860520477432,8.0,2,0.053097385071346426,1.0,0.026548692535673213,BASELINE,baseline_taker_ref
DOGUSD,ema_reclaim_strong__flat__runner,2,1,1,0.5,1,0.027970000000000026,1.0,0.027970000000000026,0.0,0.09199789007420955,1.0,0,0.0,0.0,0.0,KILL,maker_mid_passive_0.0010
DOGUSD,ema_reclaim_strong__5bps__runner,2,1,1,0.5,1,0.027970000000000026,1.0,0.027970000000000026,0.0,0.09199789007420955,1.0,0,0.0,0.0,0.0,KILL,maker_mid_passive_0.0010
DOGUSD,ema_reclaim_strong__10bps__runner,2,1,1,0.5,1,0.027970000000000026,1.0,0.027970000000000026,0.0,0.09199789007420955,1.0,0,0.0,0.0,0.0,KILL,maker_mid_passive_0.0010
DOGUSD,ema_reclaim_strong__flat__quick,2,1,1,0.5,1,0.019977999999999926,1.0,0.019977999999999926,0.0,0.09199789007420955,1.0,0,0.0,0.0,0.0,KILL,maker_mid_passive_0.0010
DOGUSD,ema_reclaim_strong__5bps__quick,2,1,1,0.5,1,0.019977999999999926,1.0,0.019977999999999926,0.0,0.09199789007420955,1.0,0,0.0,0.0,0.0,KILL,maker_mid_passive_0.0010
DOGUSD,ema_reclaim_strong__10bps__quick,2,1,1,0.5,1,0.019977999999999926,1.0,0.019977999999999926,0.0,0.09199789007420955,1.0,0,0.0,0.0,0.0,KILL,maker_mid_passive_0.0010
DOGUSD,ema_reclaim__flat__runner,8,4,4,0.5,4,0.019329451869674975,0.25,0.004832362967418744,-0.008616238143362506,0.025450539227425635,1.75,3,-0.008640548130325054,0.0,-0.0028801827101083513,KILL,maker_mid_passive_0.0010
DOGUSD,score_filtered_ema__flat__runner,8,4,4,0.5,4,0.019329451869674975,0.25,0.004832362967418744,-0.008616238143362506,0.025450539227425635,1.75,3,-0.008640548130325054,0.0,-0.0028801827101083513,KILL,maker_mid_passive_0.0010
DOGUSD,ema_reclaim__10bps__runner,8,4,4,0.5,4,0.017882917987400493,0.25,0.004470729496850123,-0.010054620618759986,0.025450789227675664,1.75,3,-0.010087082012599533,0.0,-0.003362360670866511,KILL,maker_mid_passive_0.0010
DOGUSD,score_filtered_ema__10bps__runner,8,4,4,0.5,4,0.017882917987400493,0.25,0.004470729496850123,-0.010054620618759986,0.025450789227675664,1.75,3,-0.010087082012599533,0.0,-0.003362360670866511,KILL,maker_mid_passive_0.0010
DOGUSD,ema_reclaim__5bps__runner,8,4,4,0.5,4,0.017384390991842885,0.25,0.004346097747960721,-0.010550338349750905,0.025450539227425635,1.75,3,-0.010585609008157143,0.0,-0.003528536336052381,KILL,maker_mid_passive_0.0010
DOGUSD,score_filtered_ema__5bps__runner,8,4,4,0.5,4,0.017384390991842885,0.25,0.004346097747960721,-0.010550338349750905,0.025450539227425635,1.75,3,-0.010585609008157143,0.0,-0.003528536336052381,KILL,maker_mid_passive_0.0010
COQUSD,ema_reclaim__flat__runner,2,2,0,1.0,2,0.01598000000000007,0.5,0.007990000000000035,-0.011989999999999976,0.017029715971127193,0.0,0,0.0,0.0,0.0,KILL,maker_mid_passive_0.0010
COQUSD,score_filtered_ema__flat__runner,2,2,0,1.0,2,0.01598000000000007,0.5,0.007990000000000035,-0.011989999999999976,0.017029715971127193,0.0,0,0.0,0.0,0.0,KILL,maker_mid_passive_0.0010
COQUSD,hybrid_support__5bps__runner,2,2,0,1.0,2,0.015980000000000008,0.5,0.007990000000000004,-0.011989999999999976,0.01656946745592592,0.0,0,0.0,0.0,0.0,KILL,maker_mid_passive_0.0010
COQUSD,ema_reclaim__5bps__runner,2,2,0,1.0,2,0.015979999999999987,0.5,0.007989999999999994,-0.011989999999999976,0.017287855089819257,0.0,0,0.0,0.0,0.0,KILL,maker_mid_passive_0.0010
COQUSD,vwap_reclaim__flat__runner,2,2,0,1.0,2,0.015979999999999987,0.5,0.007989999999999994,-0.011989999999999976,0.018895742679848927,0.0,0,0.0,0.0,0.0,KILL,maker_mid_passive_0.0010
COQUSD,score_filtered_ema__5bps__runner,2,2,0,1.0,2,0.015979999999999987,0.5,0.007989999999999994,-0.011989999999999976,0.017287855089819257,0.0,0,0.0,0.0,0.0,KILL,maker_mid_passive_0.0010
COQUSD,hybrid_support__flat__runner,2,2,0,1.0,2,0.01597999999999996,0.5,0.00798999999999998,-0.011989999999999976,0.016061182722198027,0.0,0,0.0,0.0,0.0,KILL,maker_mid_passive_0.0010
COQUSD,vwap_reclaim__5bps__runner,2,2,0,1.0,2,0.015979999999999904,0.5,0.007989999999999952,-0.011989999999999976,0.019153881798540988,0.0,0,0.0,0.0,0.0,KILL,maker_mid_passive_0.0010
DOGUSD,ema_reclaim__flat__quick,8,4,4,0.5,4,0.011337451869674874,0.25,0.0028343629674187185,-0.008616238143362535,0.025450539227425635,1.75,3,-0.008640548130325054,0.0,-0.0028801827101083513,KILL,maker_mid_passive_0.0010
DOGUSD,score_filtered_ema__flat__quick,8,4,4,0.5,4,0.011337451869674874,0.25,0.0028343629674187185,-0.008616238143362535,0.025450539227425635,1.75,3,-0.008640548130325054,0.0,-0.0028801827101083513,KILL,maker_mid_passive_0.0010
DOGUSD,ema_reclaim__10bps__quick,8,4,4,0.5,4,0.009890917987400395,0.25,0.0024727294968500987,-0.010054620618759905,0.025450789227675664,1.75,3,-0.010087082012599533,0.0,-0.003362360670866511,KILL,maker_mid_passive_0.0010
DOGUSD,score_filtered_ema__10bps__quick,8,4,4,0.5,4,0.009890917987400395,0.25,0.0024727294968500987,-0.010054620618759905,0.025450789227675664,1.75,3,-0.010087082012599533,0.0,-0.003362360670866511,KILL,maker_mid_passive_0.0010
GIGAUSD,ema_reclaim__10bps__runner,6,4,2,0.6666666666666666,4,0.009850484202885326,0.5,0.0024626210507213316,-0.0008658363614379886,0.008385942868299766,6.0,1,-0.0008658363614379916,0.0,-0.0008658363614379916,KILL,maker_mid_passive_0.0010
GIGAUSD,score_filtered_ema__10bps__runner,6,4,2,0.6666666666666666,4,0.009850484202885326,0.5,0.0024626210507213316,-0.0008658363614379886,0.008385942868299766,6.0,1,-0.0008658363614379916,0.0,-0.0008658363614379916,KILL,maker_mid_passive_0.0010
GIGAUSD,ema_reclaim__5bps__runner,6,4,2,0.6666666666666666,4,0.009057773221963602,0.5,0.0022644433054909005,-0.0008658363614379024,0.00818663645478281,6.0,1,-0.0008658363614379916,0.0,-0.0008658363614379916,KILL,maker_mid_passive_0.0010
GIGAUSD,score_filtered_ema__5bps__runner,6,4,2,0.6666666666666666,4,0.009057773221963602,0.5,0.0022644433054909005,-0.0008658363614379024,0.00818663645478281,6.0,1,-0.0008658363614379916,0.0,-0.0008658363614379916,KILL,maker_mid_passive_0.0010
COQUSD,vwap_reclaim__5bps__quick,2,2,0,1.0,2,0.008987000000000144,0.5,0.004493500000000072,-0.010990999999999867,0.019153881798540988,0.0,0,0.0,0.0,0.0,KILL,maker_mid_passive_0.0010
COQUSD,vwap_reclaim__flat__quick,2,2,0,1.0,2,0.008987000000000113,0.5,0.0044935000000000565,-0.010990999999999867,0.018895742679848927,0.0,0,0.0,0.0,0.0,KILL,maker_mid_passive_0.0010
COQUSD,ema_reclaim__5bps__quick,2,2,0,1.0,2,0.008987000000000068,0.5,0.004493500000000034,-0.010990999999999867,0.017287855089819257,0.0,0,0.0,0.0,0.0,KILL,maker_mid_passive_0.0010
COQUSD,score_filtered_ema__5bps__quick,2,2,0,1.0,2,0.008987000000000068,0.5,0.004493500000000034,-0.010990999999999867,0.017287855089819257,0.0,0,0.0,0.0,0.0,KILL,maker_mid_passive_0.0010
COQUSD,hybrid_support__5bps__quick,2,2,0,1.0,2,0.008987000000000061,0.5,0.0044935000000000305,-0.010990999999999867,0.01656946745592592,0.0,0,0.0,0.0,0.0,KILL,maker_mid_passive_0.0010
COQUSD,ema_reclaim__flat__quick,2,2,0,1.0,2,0.008987000000000037,0.5,0.004493500000000018,-0.010990999999999867,0.017029715971127193,0.0,0,0.0,0.0,0.0,KILL,maker_mid_passive_0.0010
COQUSD,score_filtered_ema__flat__quick,2,2,0,1.0,2,0.008987000000000037,0.5,0.004493500000000018,-0.010990999999999867,0.017029715971127193,0.0,0,0.0,0.0,0.0,KILL,maker_mid_passive_0.0010
COQUSD,hybrid_support__flat__quick,2,2,0,1.0,2,0.008986999999999988,0.5,0.004493499999999994,-0.010991000000000086,0.016061182722198027,0.0,0,0.0,0.0,0.0,KILL,maker_mid_passive_0.0010
GIGAUSD,ema_reclaim_strong__5bps__runner,1,1,0,1.0,1,0.008745914030731331,1.0,0.008745914030731331,0.0,0.010756670701432712,8.0,0,0.0,0.0,0.0,KILL,maker_mid_passive_0.0010
GIGAUSD,ema_reclaim_strong__10bps__runner,1,1,0,1.0,1,0.008745914030731331,1.0,0.008745914030731331,0.0,0.010756670701432712,8.0,0,0.0,0.0,0.0,KILL,maker_mid_passive_0.0010
GIGAUSD,ema_reclaim__10bps__quick,6,4,2,0.6666666666666666,4,0.005494057622107315,0.75,0.0013735144055268289,0.0,0.0076999089289096125,4.5,1,0.0016357498407596422,1.0,0.0016357498407596422,KILL,maker_mid_passive_0.0010
GIGAUSD,score_filtered_ema__10bps__quick,6,4,2,0.6666666666666666,4,0.005494057622107315,0.75,0.0013735144055268289,0.0,0.0076999089289096125,4.5,1,0.0016357498407596422,1.0,0.0016357498407596422,KILL,maker_mid_passive_0.0010
GIGAUSD,ema_reclaim__5bps__quick,6,4,2,0.6666666666666666,4,0.004701577472767431,0.75,0.0011753943681918578,0.0,0.007500602515392656,4.5,1,0.0016357498407596422,1.0,0.0016357498407596422,KILL,maker_mid_passive_0.0010
GIGAUSD,score_filtered_ema__5bps__quick,6,4,2,0.6666666666666666,4,0.004701577472767431,0.75,0.0011753943681918578,0.0,0.007500602515392656,4.5,1,0.0016357498407596422,1.0,0.0016357498407596422,KILL,maker_mid_passive_0.0010
DOGUSD,ema_reclaim__5bps__quick,8,4,4,0.5,4,0.0033444538676768755,0.25,0.0008361134669192189,-0.016564194560313765,0.025450539227425635,1.75,3,-0.016633546132323054,0.0,-0.005544515377441018,KILL,maker_mid_passive_0.0010
DOGUSD,score_filtered_ema__5bps__quick,8,4,4,0.5,4,0.0033444538676768755,0.25,0.0008361134669192189,-0.016564194560313765,0.025450539227425635,1.75,3,-0.016633546132323054,0.0,-0.005544515377441018,KILL,maker_mid_passive_0.0010
GIGAUSD,ema_reclaim_strong__5bps__quick,1,1,0,1.0,1,0.0023493335798578665,1.0,0.0023493335798578665,0.0,0.008012534943872095,6.0,0,0.0,0.0,0.0,KILL,maker_mid_passive_0.0010
GIGAUSD,ema_reclaim_strong__10bps__quick,1,1,0,1.0,1,0.0023493335798578665,1.0,0.0023493335798578665,0.0,0.008012534943872095,6.0,0,0.0,0.0,0.0,KILL,maker_mid_passive_0.0010
GIGAUSD,ema_reclaim__flat__quick,6,3,3,0.5,3,0.0018481506528410067,0.6666666666666666,0.0006160502176136689,0.0,0.007161066598518495,4.0,1,0.0016357498407596422,1.0,0.0016357498407596422,KILL,maker_mid_passive_0.0010
GIGAUSD,score_filtered_ema__flat__quick,6,3,3,0.5,3,0.0018481506528410067,0.6666666666666666,0.0006160502176136689,0.0,0.007161066598518495,4.0,1,0.0016357498407596422,1.0,0.0016357498407596422,KILL,maker_mid_passive_0.0010
GIGAUSD,ema_reclaim_strong__flat__quick,1,0,1,0.0,0,0.0,0.0,0.0,0.0,0.0,0.0,0,0.0,0.0,0.0,KILL,maker_mid_passive_0.0010
GIGAUSD,ema_reclaim_strong__flat__runner,1,0,1,0.0,0,0.0,0.0,0.0,0.0,0.0,0.0,0,0.0,0.0,0.0,KILL,maker_mid_passive_0.0010
GIGAUSD,inside_resume__flat__quick,0,0,0,0.0,0,0.0,0.0,0.0,0.0,0.0,0.0,0,0.0,0.0,0.0,KILL,maker_mid_passive_0.0010
GIGAUSD,inside_resume__flat__runner,0,0,0,0.0,0,0.0,0.0,0.0,0.0,0.0,0.0,0,0.0,0.0,0.0,KILL,maker_mid_passive_0.0010
GIGAUSD,inside_resume__5bps__quick,0,0,0,0.0,0,0.0,0.0,0.0,0.0,0.0,0.0,0,0.0,0.0,0.0,KILL,maker_mid_passive_0.0010
GIGAUSD,inside_resume__5bps__runner,0,0,0,0.0,0,0.0,0.0,0.0,0.0,0.0,0.0,0,0.0,0.0,0.0,KILL,maker_mid_passive_0.0010
GIGAUSD,inside_resume__10bps__quick,0,0,0,0.0,0,0.0,0.0,0.0,0.0,0.0,0.0,0,0.0,0.0,0.0,KILL,maker_mid_passive_0.0010
GIGAUSD,inside_resume__10bps__runner,0,0,0,0.0,0,0.0,0.0,0.0,0.0,0.0,0.0,0,0.0,0.0,0.0,KILL,maker_mid_passive_0.0010
DOGUSD,inside_resume__flat__quick,0,0,0,0.0,0,0.0,0.0,0.0,0.0,0.0,0.0,0,0.0,0.0,0.0,KILL,maker_mid_passive_0.0010
DOGUSD,inside_resume__flat__runner,0,0,0,0.0,0,0.0,0.0,0.0,0.0,0.0,0.0,0,0.0,0.0,0.0,KILL,maker_mid_passive_0.0010
DOGUSD,inside_resume__5bps__quick,0,0,0,0.0,0,0.0,0.0,0.0,0.0,0.0,0.0,0,0.0,0.0,0.0,KILL,maker_mid_passive_0.0010
DOGUSD,inside_resume__5bps__runner,0,0,0,0.0,0,0.0,0.0,0.0,0.0,0.0,0.0,0,0.0,0.0,0.0,KILL,maker_mid_passive_0.0010
DOGUSD,inside_resume__10bps__quick,0,0,0,0.0,0,0.0,0.0,0.0,0.0,0.0,0.0,0,0.0,0.0,0.0,KILL,maker_mid_passive_0.0010
DOGUSD,inside_resume__10bps__runner,0,0,0,0.0,0,0.0,0.0,0.0,0.0,0.0,0.0,0,0.0,0.0,0.0,KILL,maker_mid_passive_0.0010
COQUSD,ema_reclaim_strong__flat__quick,0,0,0,0.0,0,0.0,0.0,0.0,0.0,0.0,0.0,0,0.0,0.0,0.0,KILL,maker_mid_passive_0.0010
COQUSD,ema_reclaim_strong__flat__runner,0,0,0,0.0,0,0.0,0.0,0.0,0.0,0.0,0.0,0,0.0,0.0,0.0,KILL,maker_mid_passive_0.0010
COQUSD,ema_reclaim_strong__5bps__quick,0,0,0,0.0,0,0.0,0.0,0.0,0.0,0.0,0.0,0,0.0,0.0,0.0,KILL,maker_mid_passive_0.0010
COQUSD,ema_reclaim_strong__5bps__runner,0,0,0,0.0,0,0.0,0.0,0.0,0.0,0.0,0.0,0,0.0,0.0,0.0,KILL,maker_mid_passive_0.0010
COQUSD,ema_reclaim_strong__10bps__quick,0,0,0,0.0,0,0.0,0.0,0.0,0.0,0.0,0.0,0,0.0,0.0,0.0,KILL,maker_mid_passive_0.0010
COQUSD,ema_reclaim_strong__10bps__runner,0,0,0,0.0,0,0.0,0.0,0.0,0.0,0.0,0.0,0,0.0,0.0,0.0,KILL,maker_mid_passive_0.0010
HYPEUSD,inside_resume__flat__quick,4,0,4,0.0,0,0.0,0.0,0.0,0.0,0.0,0.0,0,0.0,0.0,0.0,KILL,maker_mid_passive_0.0010
HYPEUSD,inside_resume__flat__runner,4,0,4,0.0,0,0.0,0.0,0.0,0.0,0.0,0.0,0,0.0,0.0,0.0,KILL,maker_mid_passive_0.0010
GIGAUSD,ema_reclaim__flat__runner,6,3,3,0.5,3,-0.0001924646495865467,0.3333333333333333,-6.415488319551557e-05,-0.0008658363614380399,0.007161066598518495,5.333333333333333,1,-0.0008658363614379916,0.0,-0.0008658363614379916,KILL,maker_mid_passive_0.0010
GIGAUSD,score_filtered_ema__flat__runner,6,3,3,0.5,3,-0.0001924646495865467,0.3333333333333333,-6.415488319551557e-05,-0.0008658363614380399,0.007161066598518495,5.333333333333333,1,-0.0008658363614379916,0.0,-0.0008658363614379916,KILL,maker_mid_passive_0.0010
HYPEUSD,ema_reclaim_strong__flat__quick,1,1,0,1.0,1,-0.001182325989422605,0.0,-0.001182325989422605,0.0,0.004376670724649298,0.0,1,-0.001182325989422605,0.0,-0.001182325989422605,KILL,maker_mid_passive_0.0010
HYPEUSD,ema_reclaim_strong__flat__runner,1,1,0,1.0,1,-0.001182325989422605,0.0,-0.001182325989422605,0.0,0.004376670724649298,0.0,1,-0.001182325989422605,0.0,-0.001182325989422605,KILL,maker_mid_passive_0.0010
HYPEUSD,ema_reclaim_strong__5bps__quick,1,1,0,1.0,1,-0.001182325989422605,0.0,-0.001182325989422605,0.0,0.004376670724649298,0.0,1,-0.001182325989422605,0.0,-0.001182325989422605,KILL,maker_mid_passive_0.0010
HYPEUSD,ema_reclaim_strong__5bps__runner,1,1,0,1.0,1,-0.001182325989422605,0.0,-0.001182325989422605,0.0,0.004376670724649298,0.0,1,-0.001182325989422605,0.0,-0.001182325989422605,KILL,maker_mid_passive_0.0010
HYPEUSD,ema_reclaim_strong__10bps__quick,1,1,0,1.0,1,-0.001182325989422605,0.0,-0.001182325989422605,0.0,0.004376670724649298,0.0,1,-0.001182325989422605,0.0,-0.001182325989422605,KILL,maker_mid_passive_0.0010
HYPEUSD,ema_reclaim_strong__10bps__runner,1,1,0,1.0,1,-0.001182325989422605,0.0,-0.001182325989422605,0.0,0.004376670724649298,0.0,1,-0.001182325989422605,0.0,-0.001182325989422605,KILL,maker_mid_passive_0.0010
GIGAUSD,hybrid_support__10bps__quick,6,5,1,0.8333333333333334,5,-0.0011994500402397468,0.4,-0.00023989000804794936,-0.015917346334307234,0.006629907521178766,4.2,2,0.008282575758270568,0.5,0.004141287879135284,KILL,maker_mid_passive_0.0010
GIGAUSD,hybrid_support__10bps__runner,6,5,1,0.8333333333333334,5,-0.0014343797418627617,0.4,-0.00028687594837255233,-0.01936665125923815,0.007374042343525855,5.6,2,0.008585213724545347,0.5,0.004292606862272673,KILL,maker_mid_passive_0.0010
DOGUSD,hybrid_support__flat__runner,8,5,3,0.625,5,-0.0018478282995554735,0.2,-0.0003695656599110947,-0.017732030326728095,0.00789832885258992,2.4,4,0.010142171700444534,0.25,0.0025355429251111335,KILL,maker_mid_passive_0.0010
GIGAUSD,hybrid_support__5bps__quick,6,5,1,0.8333333333333334,5,-0.002699964237672766,0.4,-0.0005399928475345532,-0.01641012855675139,0.006427992383090676,4.2,2,0.0077843171757457615,0.5,0.0038921585878728807,KILL,maker_mid_passive_0.0010
GIGAUSD,hybrid_support__5bps__runner,6,5,1,0.8333333333333334,5,-0.002933881610741578,0.4,-0.0005867763221483156,-0.019857707466712345,0.007172127205437767,5.6,2,0.00808819830215658,0.5,0.00404409915107829,KILL,maker_mid_passive_0.0010
HYPEUSD,inside_resume__5bps__quick,4,1,3,0.25,1,-0.003368362233036254,0.0,-0.003368362233036254,0.0,0.007243649855478517,3.0,1,-0.003368362233036254,0.0,-0.003368362233036254,KILL,maker_mid_passive_0.0010
HYPEUSD,inside_resume__5bps__runner,4,1,3,0.25,1,-0.003368362233036254,0.0,-0.003368362233036254,0.0,0.007243649855478517,3.0,1,-0.003368362233036254,0.0,-0.003368362233036254,KILL,maker_mid_passive_0.0010
HYPEUSD,inside_resume__10bps__quick,4,1,3,0.25,1,-0.003368362233036254,0.0,-0.003368362233036254,0.0,0.007243649855478517,3.0,1,-0.003368362233036254,0.0,-0.003368362233036254,KILL,maker_mid_passive_0.0010
HYPEUSD,inside_resume__10bps__runner,4,1,3,0.25,1,-0.003368362233036254,0.0,-0.003368362233036254,0.0,0.007243649855478517,3.0,1,-0.003368362233036254,0.0,-0.003368362233036254,KILL,maker_mid_passive_0.0010
GIGAUSD,hybrid_support__flat__runner,6,6,0,1.0,6,-0.005255589683810017,0.3333333333333333,-0.0008759316139683362,-0.02115521733577383,0.008036464693585078,5.666666666666667,2,0.007591679895190417,0.5,0.0037958399475952085,KILL,maker_mid_passive_0.0010
GIGAUSD,vwap_reclaim__10bps__quick,2,1,1,0.5,1,-0.006182103773653159,0.0,-0.006182103773653159,0.0,0.0022849763999363694,0.0,0,0.0,0.0,0.0,KILL,maker_mid_passive_0.0010
GIGAUSD,vwap_reclaim__10bps__runner,2,1,1,0.5,1,-0.006182103773653159,0.0,-0.006182103773653159,0.0,0.0022849763999363694,0.0,0,0.0,0.0,0.0,KILL,maker_mid_passive_0.0010
GIGAUSD,vwap_reclaim__5bps__quick,2,1,1,0.5,1,-0.0063363108219742,0.0,-0.0063363108219742,0.0,0.0021296118770689687,0.0,0,0.0,0.0,0.0,KILL,maker_mid_passive_0.0010
GIGAUSD,vwap_reclaim__5bps__runner,2,1,1,0.5,1,-0.0063363108219742,0.0,-0.0063363108219742,0.0,0.0021296118770689687,0.0,0,0.0,0.0,0.0,KILL,maker_mid_passive_0.0010
GIGAUSD,vwap_reclaim__flat__quick,2,2,0,1.0,2,-0.007160016528032951,0.0,-0.0035800082640164753,-0.0008237057060587004,0.007747665562570628,3.0,0,0.0,0.0,0.0,KILL,maker_mid_passive_0.0010
GIGAUSD,vwap_reclaim__flat__runner,2,2,0,1.0,2,-0.007160016528032951,0.0,-0.0035800082640164753,-0.0008237057060587004,0.007747665562570628,3.0,0,0.0,0.0,0.0,KILL,maker_mid_passive_0.0010
DOGUSD,vwap_reclaim__flat__quick,4,2,2,0.5,2,-0.007270809554261858,0.0,-0.003635404777130929,-0.002998001998001962,0.002023817734292952,0.0,2,-0.007270809554261858,0.0,-0.003635404777130929,KILL,maker_mid_passive_0.0010
DOGUSD,vwap_reclaim__flat__runner,4,2,2,0.5,2,-0.007270809554261858,0.0,-0.003635404777130929,-0.002998001998001962,0.002023817734292952,0.0,2,-0.007270809554261858,0.0,-0.003635404777130929,KILL,maker_mid_passive_0.0010
GIGAUSD,breakout_retest__5bps__quick,15,9,4,0.6,9,-0.008439686790403973,0.4444444444444444,-0.0009377429767115525,-0.02983533918625958,0.006412561610394518,4.333333333333333,2,0.0077843171757457615,0.5,0.0038921585878728807,KILL,maker_mid_passive_0.0010
GIGAUSD,score_filtered_breakout__5bps__quick,15,9,4,0.6,9,-0.008439686790403973,0.4444444444444444,-0.0009377429767115525,-0.02983533918625958,0.006412561610394518,4.333333333333333,2,0.0077843171757457615,0.5,0.0038921585878728807,KILL,maker_mid_passive_0.0010
DOGUSD,vwap_reclaim__10bps__quick,4,2,2,0.5,2,-0.008717343436536337,0.0,-0.004358671718268169,-0.0044445358802763365,0.002024317734793012,0.0,2,-0.008717343436536337,0.0,-0.004358671718268169,KILL,maker_mid_passive_0.0010
DOGUSD,vwap_reclaim__10bps__runner,4,2,2,0.5,2,-0.008717343436536337,0.0,-0.004358671718268169,-0.0044445358802763365,0.002024317734793012,0.0,2,-0.008717343436536337,0.0,-0.004358671718268169,KILL,maker_mid_passive_0.0010
DOGUSD,vwap_reclaim__5bps__runner,4,2,2,0.5,2,-0.009215870432093947,0.0,-0.004607935216046973,-0.004943062875834023,0.002023817734292952,0.0,2,-0.009215870432093947,0.0,-0.004607935216046973,KILL,maker_mid_passive_0.0010
GIGAUSD,hybrid_support__flat__quick,6,6,0,1.0,6,-0.010036571187167886,0.3333333333333333,-0.0016727618645279811,-0.022666896431591498,0.0074163523416291705,3.5,2,0.0022726692916026567,0.5,0.0011363346458013283,KILL,maker_mid_passive_0.0010
DOGUSD,hybrid_support__flat__quick,8,5,3,0.625,5,-0.01054917895897163,0.2,-0.0021098357917943263,-0.01942581123467125,0.00789832885258992,2.4,4,0.00044182104102827996,0.25,0.00011045526025706999,KILL,maker_mid_passive_0.0010
DOGUSD,breakout_retest__flat__runner,12,9,3,0.75,9,-0.010560226789250171,0.2222222222222222,-0.0011733585321389078,-0.052758129890326196,0.008322766563446984,3.2222222222222223,5,0.009673959304475621,0.2,0.0019347918608951242,KILL,maker_mid_passive_0.0010
DOGUSD,score_filtered_breakout__flat__runner,12,9,3,0.75,9,-0.010560226789250171,0.2222222222222222,-0.0011733585321389078,-0.052758129890326196,0.008322766563446984,3.2222222222222223,5,0.009673959304475621,0.2,0.0019347918608951242,KILL,maker_mid_passive_0.0010
COQUSD,vwap_reclaim__10bps__quick,2,1,1,0.5,1,-0.010990999999999928,0.0,-0.010990999999999928,0.0,0.005751288828639688,0.0,0,0.0,0.0,0.0,KILL,maker_mid_passive_0.0010
COQUSD,hybrid_support__10bps__quick,2,1,1,0.5,1,-0.010990999999999973,0.0,-0.010990999999999973,0.0,0.0010832521655034333,0.0,0,0.0,0.0,0.0,KILL,maker_mid_passive_0.0010
COQUSD,inside_resume__flat__quick,1,1,0,1.0,1,-0.010991000000000004,0.0,-0.010991000000000004,0.0,0.0020192354111962262,0.0,0,0.0,0.0,0.0,KILL,maker_mid_passive_0.0010
COQUSD,inside_resume__5bps__quick,1,1,0,1.0,1,-0.010991000000000004,0.0,-0.010991000000000004,0.0,0.0020192354111962262,0.0,0,0.0,0.0,0.0,KILL,maker_mid_passive_0.0010
COQUSD,inside_resume__10bps__quick,1,1,0,1.0,1,-0.010991000000000004,0.0,-0.010991000000000004,0.0,0.0020192354111962262,0.0,0,0.0,0.0,0.0,KILL,maker_mid_passive_0.0010
COQUSD,ema_reclaim__10bps__quick,2,1,1,0.5,1,-0.010991000000000004,0.0,-0.010991000000000004,0.0,0.0020192354111962262,0.0,0,0.0,0.0,0.0,KILL,maker_mid_passive_0.0010
COQUSD,score_filtered_ema__10bps__quick,2,1,1,0.5,1,-0.010991000000000004,0.0,-0.010991000000000004,0.0,0.0020192354111962262,0.0,0,0.0,0.0,0.0,KILL,maker_mid_passive_0.0010
COQUSD,inside_resume__flat__runner,1,1,0,1.0,1,-0.011989999999999959,0.0,-0.011989999999999959,0.0,0.0020192354111962262,0.0,0,0.0,0.0,0.0,KILL,maker_mid_passive_0.0010
COQUSD,inside_resume__5bps__runner,1,1,0,1.0,1,-0.011989999999999959,0.0,-0.011989999999999959,0.0,0.0020192354111962262,0.0,0,0.0,0.0,0.0,KILL,maker_mid_passive_0.0010
COQUSD,inside_resume__10bps__runner,1,1,0,1.0,1,-0.011989999999999959,0.0,-0.011989999999999959,0.0,0.0020192354111962262,0.0,0,0.0,0.0,0.0,KILL,maker_mid_passive_0.0010
COQUSD,ema_reclaim__10bps__runner,2,1,1,0.5,1,-0.011989999999999959,0.0,-0.011989999999999959,0.0,0.0020192354111962262,0.0,0,0.0,0.0,0.0,KILL,maker_mid_passive_0.0010
COQUSD,score_filtered_ema__10bps__runner,2,1,1,0.5,1,-0.011989999999999959,0.0,-0.011989999999999959,0.0,0.0020192354111962262,0.0,0,0.0,0.0,0.0,KILL,maker_mid_passive_0.0010
COQUSD,vwap_reclaim__10bps__runner,2,1,1,0.5,1,-0.011990000000000042,0.0,-0.011990000000000042,0.0,0.005751288828639688,0.0,0,0.0,0.0,0.0,KILL,maker_mid_passive_0.0010
COQUSD,hybrid_support__10bps__runner,2,1,1,0.5,1,-0.011990000000000094,0.0,-0.011990000000000094,0.0,0.0010832521655034333,0.0,0,0.0,0.0,0.0,KILL,maker_mid_passive_0.0010
DOGUSD,breakout_retest__flat__quick,12,9,3,0.75,9,-0.01302139135494057,0.2222222222222222,-0.0014468212616600635,-0.05184836399952861,0.008322766563446984,2.7777777777777777,5,-2.639135494063305e-05,0.2,-5.2782709881266095e-06,KILL,maker_mid_passive_0.0010
DOGUSD,score_filtered_breakout__flat__quick,12,9,3,0.75,9,-0.01302139135494057,0.2222222222222222,-0.0014468212616600635,-0.05184836399952861,0.008322766563446984,2.7777777777777777,5,-2.639135494063305e-05,0.2,-5.2782709881266095e-06,KILL,maker_mid_passive_0.0010
GIGAUSD,breakout_retest__10bps__quick,15,8,5,0.5333333333333333,8,-0.013821449533388897,0.375,-0.001727681191673612,-0.02837644411066628,0.00628017408689893,4.125,2,0.008282575758270568,0.5,0.004141287879135284,KILL,maker_mid_passive_0.0010
GIGAUSD,score_filtered_breakout__10bps__quick,15,8,5,0.5333333333333333,8,-0.013821449533388897,0.375,-0.001727681191673612,-0.02837644411066628,0.00628017408689893,4.125,2,0.008282575758270568,0.5,0.004141287879135284,KILL,maker_mid_passive_0.0010
GIGAUSD,breakout_retest__10bps__runner,15,8,5,0.5333333333333333,8,-0.015055379235011695,0.375,-0.0018819224043764619,-0.032760077581475186,0.006745258350865861,5.0,2,0.008585213724545347,0.5,0.004292606862272673,KILL,maker_mid_passive_0.0010
GIGAUSD,score_filtered_breakout__10bps__runner,15,8,5,0.5333333333333333,8,-0.015055379235011695,0.375,-0.0018819224043764619,-0.032760077581475186,0.006745258350865861,5.0,2,0.008585213724545347,0.5,0.004292606862272673,KILL,maker_mid_passive_0.0010
DOGUSD,vwap_reclaim__5bps__quick,4,2,2,0.5,2,-0.015263807556259857,0.0,-0.007631903778129928,-0.010990999999999864,0.002023817734292952,0.0,2,-0.015263807556259857,0.0,-0.007631903778129928,KILL,maker_mid_passive_0.0010
HYPEUSD,vwap_reclaim__10bps__quick,14,3,9,0.21428571428571427,3,-0.01983366353260156,0.0,-0.0066112211775338535,-0.013991966320978043,0.000624101497374681,0.0,2,-0.014025316493558815,0.0,-0.007012658246779407,KILL,maker_mid_passive_0.0010
HYPEUSD,vwap_reclaim__10bps__runner,14,3,9,0.21428571428571427,3,-0.020832663532601645,0.0,-0.006944221177533881,-0.014987935038801092,0.000624101497374681,0.0,2,-0.015024316493558898,0.0,-0.007512158246779449,KILL,maker_mid_passive_0.0010
GIGAUSD,breakout_retest__5bps__runner,15,9,4,0.6,9,-0.021859283598298754,0.3333333333333333,-0.0024288092886998614,-0.03836886901440599,0.00682596984503179,5.333333333333333,2,0.00808819830215658,0.5,0.00404409915107829,KILL,maker_mid_passive_0.0010
GIGAUSD,score_filtered_breakout__5bps__runner,15,9,4,0.6,9,-0.021859283598298754,0.3333333333333333,-0.0024288092886998614,-0.03836886901440599,0.00682596984503179,5.333333333333333,2,0.00808819830215658,0.5,0.00404409915107829,KILL,maker_mid_passive_0.0010
HYPEUSD,vwap_reclaim__5bps__quick,14,4,8,0.2857142857142857,4,-0.023573929899901754,0.0,-0.0058934824749754386,-0.01718902008533964,0.0006529362412092404,0.5,3,-0.017267738112004067,0.0,-0.005755912704001356,KILL,maker_mid_passive_0.0010
HYPEUSD,vwap_reclaim__5bps__runner,14,4,8,0.2857142857142857,4,-0.02457292989990189,0.0,-0.006143232474975472,-0.018181759452660755,0.0006529362412092404,0.5,3,-0.018266738112004202,0.0,-0.006088912704001401,KILL,maker_mid_passive_0.0010
GIGAUSD,breakout_retest__flat__quick,15,10,4,0.6666666666666666,10,-0.02526594503770928,0.3,-0.0025265945037709282,-0.03755598784719241,0.006243340051679337,4.3,3,0.0016656639347174124,0.3333333333333333,0.0005552213115724708,KILL,maker_mid_passive_0.0010
GIGAUSD,score_filtered_breakout__flat__quick,15,10,4,0.6666666666666666,10,-0.02526594503770928,0.3,-0.0025265945037709282,-0.03755598784719241,0.006243340051679337,4.3,3,0.0016656639347174124,0.3333333333333333,0.0005552213115724708,KILL,maker_mid_passive_0.0010
HYPEUSD,vwap_reclaim__flat__quick,14,6,7,0.42857142857142855,6,-0.025396238300554243,0.16666666666666666,-0.004232706383425707,-0.021390256645101944,0.004242524001535114,1.8333333333333333,4,-0.02154271993731157,0.0,-0.005385679984327893,KILL,maker_mid_passive_0.0010
HYPEUSD,vwap_reclaim__flat__runner,14,6,7,0.42857142857142855,6,-0.0263952383005542,0.16666666666666666,-0.0043992063834257,-0.022378752334839304,0.004242524001535114,1.8333333333333333,4,-0.02254171993731153,0.0,-0.005635429984327882,KILL,maker_mid_passive_0.0010
GIGAUSD,breakout_retest__flat__runner,15,10,4,0.6666666666666666,10,-0.026744156144807404,0.3,-0.0026744156144807405,-0.0421094349600184,0.006615407462852882,5.8,3,0.0017244819278488758,0.3333333333333333,0.0005748273092829586,KILL,maker_mid_passive_0.0010
GIGAUSD,score_filtered_breakout__flat__runner,15,10,4,0.6666666666666666,10,-0.026744156144807404,0.3,-0.0026744156144807405,-0.0421094349600184,0.006615407462852882,5.8,3,0.0017244819278488758,0.3333333333333333,0.0005748273092829586,KILL,maker_mid_passive_0.0010
HYPEUSD,ema_reclaim__flat__runner,32,6,23,0.1875,6,-0.027745789116062635,0.16666666666666666,-0.0046242981860104395,-0.022954683643370676,0.004363242659712034,2.3333333333333335,5,-0.015755789116062454,0.2,-0.0031511578232124907,KILL,maker_mid_passive_0.0010
HYPEUSD,score_filtered_ema__flat__runner,32,6,23,0.1875,6,-0.027745789116062635,0.16666666666666666,-0.0046242981860104395,-0.022954683643370676,0.004363242659712034,2.3333333333333335,5,-0.015755789116062454,0.2,-0.0031511578232124907,KILL,maker_mid_passive_0.0010
HYPEUSD,ema_reclaim__flat__quick,32,6,23,0.1875,6,-0.02811101326830486,0.16666666666666666,-0.00468516887805081,-0.022749076506185587,0.004363242659712034,1.8333333333333333,5,-0.017120013268304732,0.2,-0.0034240026536609463,KILL,maker_mid_passive_0.0010
HYPEUSD,score_filtered_ema__flat__quick,32,6,23,0.1875,6,-0.02811101326830486,0.16666666666666666,-0.00468516887805081,-0.022749076506185587,0.004363242659712034,1.8333333333333333,5,-0.017120013268304732,0.2,-0.0034240026536609463,KILL,maker_mid_passive_0.0010
DOGUSD,hybrid_support__10bps__quick,8,4,4,0.5,4,-0.028276202848798615,0.0,-0.007069050712199654,-0.017190574458767066,0.0006395702436571671,1.75,3,-0.017285202848798642,0.0,-0.00576173428293288,KILL,maker_mid_passive_0.0010
DOGUSD,hybrid_support__10bps__runner,8,4,4,0.5,4,-0.029275202848798643,0.0,-0.007318800712199661,-0.01719057445876708,0.0006395702436571671,1.75,3,-0.017285202848798642,0.0,-0.00576173428293288,KILL,maker_mid_passive_0.0010
DOGUSD,hybrid_support__5bps__runner,8,4,4,0.5,4,-0.030768807049474545,0.0,-0.007692201762368636,-0.018666270370518472,0.0005134381417350719,1.75,3,-0.018778807049474544,0.0,-0.006259602349824848,KILL,maker_mid_passive_0.0010
HYPEUSD,ema_reclaim__10bps__runner,32,8,20,0.25,8,-0.03320039536875224,0.125,-0.00415004942109403,-0.028334225675251755,0.004642921535732837,2.125,6,-0.017119046493323874,0.16666666666666666,-0.002853174415553979,KILL,maker_mid_passive_0.0010
HYPEUSD,score_filtered_ema__10bps__runner,32,8,20,0.25,8,-0.03320039536875224,0.125,-0.00415004942109403,-0.028334225675251755,0.004642921535732837,2.125,6,-0.017119046493323874,0.16666666666666666,-0.002853174415553979,KILL,maker_mid_passive_0.0010
HYPEUSD,ema_reclaim__5bps__runner,32,8,20,0.25,8,-0.03326414355663935,0.125,-0.004158017944579919,-0.028334225675251755,0.004634930525481915,2.125,6,-0.017182794681210985,0.16666666666666666,-0.002863799113535164,KILL,maker_mid_passive_0.0010
HYPEUSD,score_filtered_ema__5bps__runner,32,8,20,0.25,8,-0.03326414355663935,0.125,-0.004158017944579919,-0.028334225675251755,0.004634930525481915,2.125,6,-0.017182794681210985,0.16666666666666666,-0.002863799113535164,KILL,maker_mid_passive_0.0010
HYPEUSD,ema_reclaim__10bps__quick,32,8,20,0.25,8,-0.03356571892045583,0.125,-0.004195714865056979,-0.02812975059634296,0.004642921535732837,1.75,6,-0.018483370045027515,0.16666666666666666,-0.0030805616741712526,KILL,maker_mid_passive_0.0010
HYPEUSD,score_filtered_ema__10bps__quick,32,8,20,0.25,8,-0.03356571892045583,0.125,-0.004195714865056979,-0.02812975059634296,0.004642921535732837,1.75,6,-0.018483370045027515,0.16666666666666666,-0.0030805616741712526,KILL,maker_mid_passive_0.0010
HYPEUSD,ema_reclaim__5bps__quick,32,8,20,0.25,8,-0.03362936770888158,0.125,-0.004203670963610197,-0.02812975059634296,0.004634930525481915,1.75,6,-0.018547018833453263,0.16666666666666666,-0.0030911698055755437,KILL,maker_mid_passive_0.0010
HYPEUSD,score_filtered_ema__5bps__quick,32,8,20,0.25,8,-0.03362936770888158,0.125,-0.004203670963610197,-0.02812975059634296,0.004634930525481915,1.75,6,-0.018547018833453263,0.16666666666666666,-0.0030911698055755437,KILL,maker_mid_passive_0.0010
COQUSD,breakout_retest__5bps__runner,7,7,0,1.0,7,-0.03631830917498043,0.14285714285714285,-0.005188329882140062,-0.06261315460492164,0.006227424486446081,0.2857142857142857,4,-0.04030830917498039,0.0,-0.010077077293745098,KILL,maker_mid_passive_0.0010
COQUSD,score_filtered_breakout__5bps__runner,7,7,0,1.0,7,-0.03631830917498043,0.14285714285714285,-0.005188329882140062,-0.06261315460492164,0.006227424486446081,0.2857142857142857,4,-0.04030830917498039,0.0,-0.010077077293745098,KILL,maker_mid_passive_0.0010
COQUSD,breakout_retest__flat__runner,7,7,0,1.0,7,-0.03692342499605638,0.14285714285714285,-0.005274774999436626,-0.06318362138981275,0.005867283195977172,0.2857142857142857,4,-0.04091342499605631,0.0,-0.010228356249014078,KILL,maker_mid_passive_0.0010
COQUSD,score_filtered_breakout__flat__runner,7,7,0,1.0,7,-0.03692342499605638,0.14285714285714285,-0.005274774999436626,-0.06318362138981275,0.005867283195977172,0.2857142857142857,4,-0.04091342499605631,0.0,-0.010228356249014078,KILL,maker_mid_passive_0.0010
DOGUSD,hybrid_support__5bps__quick,8,4,4,0.5,4,-0.03802220156175084,0.0,-0.00950555039043771,-0.026800017886076607,0.0005134381417350719,1.75,3,-0.027031201561750838,0.0,-0.009010400520583613,KILL,maker_mid_passive_0.0010
HYPEUSD,hybrid_support__10bps__runner,32,20,8,0.625,20,-0.039056777676224355,0.3,-0.0019528388838112177,-0.05399548802284028,0.0054923888654589085,4.0,13,-0.007549877779323536,0.38461538461538464,-0.0005807598291787335,KILL,maker_mid_passive_0.0010
COQUSD,breakout_retest__5bps__quick,7,7,0,1.0,7,-0.03942214756984165,0.14285714285714285,-0.005631735367120236,-0.05796635936113124,0.0057973032602564355,0.14285714285714285,4,-0.037418147569841576,0.0,-0.009354536892460394,KILL,maker_mid_passive_0.0010
COQUSD,score_filtered_breakout__5bps__quick,7,7,0,1.0,7,-0.03942214756984165,0.14285714285714285,-0.005631735367120236,-0.05796635936113124,0.0057973032602564355,0.14285714285714285,4,-0.037418147569841576,0.0,-0.009354536892460394,KILL,maker_mid_passive_0.0010
COQUSD,breakout_retest__flat__quick,7,7,0,1.0,7,-0.039920424996056594,0.14285714285714285,-0.005702917856579513,-0.058437849301358924,0.005508805601829175,0.14285714285714285,4,-0.03791642499605653,0.0,-0.009479106249014133,KILL,maker_mid_passive_0.0010
COQUSD,score_filtered_breakout__flat__quick,7,7,0,1.0,7,-0.039920424996056594,0.14285714285714285,-0.005702917856579513,-0.058437849301358924,0.005508805601829175,0.14285714285714285,4,-0.03791642499605653,0.0,-0.009479106249014133,KILL,maker_mid_passive_0.0010
HYPEUSD,hybrid_support__5bps__quick,32,21,6,0.65625,21,-0.040022640846509173,0.2857142857142857,-0.0019058400403099607,-0.05365821037169424,0.005244147739176701,3.1904761904761907,14,-0.00887509007296734,0.42857142857142855,-0.0006339350052119528,KILL,maker_mid_passive_0.0010
HYPEUSD,hybrid_support__5bps__runner,32,21,6,0.65625,21,-0.04391193438222625,0.2857142857142857,-0.002091044494391726,-0.05711944212065763,0.005351968747739343,3.9523809523809526,14,-0.010412515566360022,0.35714285714285715,-0.0007437511118828587,KILL,maker_mid_passive_0.0010
HYPEUSD,hybrid_support__10bps__quick,32,20,8,0.625,20,-0.04695044639144397,0.3,-0.0023475223195721985,-0.056590381731707974,0.005379120143775946,3.2,13,-0.017798300323677758,0.38461538461538464,-0.001369100024898289,KILL,maker_mid_passive_0.0010
DOGUSD,breakout_retest__10bps__quick,12,7,5,0.5833333333333334,7,-0.04972488192384253,0.14285714285714285,-0.0071035545605489326,-0.038163271604095016,0.0017014040570342704,2.0,4,-0.016751881923842665,0.25,-0.004187970480960666,KILL,maker_mid_passive_0.0010
DOGUSD,score_filtered_breakout__10bps__quick,12,7,5,0.5833333333333334,7,-0.04972488192384253,0.14285714285714285,-0.0071035545605489326,-0.038163271604095016,0.0017014040570342704,2.0,4,-0.016751881923842665,0.25,-0.004187970480960666,KILL,maker_mid_passive_0.0010
HYPEUSD,hybrid_support__flat__quick,32,24,4,0.75,24,-0.051503141680961616,0.2916666666666667,-0.002145964236706734,-0.06625389760684258,0.005773555178921926,3.5416666666666665,14,-0.018080754594620874,0.35714285714285715,-0.001291482471044348,KILL,maker_mid_passive_0.0010
DOGUSD,breakout_retest__10bps__runner,12,7,5,0.5833333333333334,7,-0.0523799554104859,0.14285714285714285,-0.007482850772926557,-0.0397732002523739,0.0017014040570342704,2.142857142857143,4,-0.016751881923842665,0.25,-0.004187970480960666,KILL,maker_mid_passive_0.0010
DOGUSD,score_filtered_breakout__10bps__runner,12,7,5,0.5833333333333334,7,-0.0523799554104859,0.14285714285714285,-0.007482850772926557,-0.0397732002523739,0.0017014040570342704,2.142857142857143,4,-0.016751881923842665,0.25,-0.004187970480960666,KILL,maker_mid_passive_0.0010
HYPEUSD,hybrid_support__flat__runner,32,24,4,0.75,24,-0.05271475433995593,0.375,-0.0021964480974981638,-0.06717965769553373,0.005923619786589004,4.208333333333333,14,-0.016943382112314543,0.42857142857142855,-0.0012102415794510387,KILL,maker_mid_passive_0.0010
DOGUSD,breakout_retest__5bps__runner,12,7,5,0.5833333333333334,7,-0.054374576780208815,0.14285714285714285,-0.007767796682886974,-0.041695099876534074,0.001485814965857396,2.142857142857143,4,-0.018746503293565468,0.25,-0.004686625823391367,KILL,maker_mid_passive_0.0010
DOGUSD,score_filtered_breakout__5bps__runner,12,7,5,0.5833333333333334,7,-0.054374576780208815,0.14285714285714285,-0.007767796682886974,-0.041695099876534074,0.001485814965857396,2.142857142857143,4,-0.018746503293565468,0.25,-0.004686625823391367,KILL,maker_mid_passive_0.0010
HYPEUSD,breakout_retest__flat__runner,50,31,11,0.62,31,-0.05489595001729035,0.3870967741935484,-0.0017708370973319467,-0.0827769739501037,0.006773977437699034,4.548387096774194,20,-0.047503108898429056,0.4,-0.002375155444921453,KILL,maker_mid_passive_0.0010
HYPEUSD,score_filtered_breakout__flat__runner,50,31,11,0.62,31,-0.05489595001729035,0.3870967741935484,-0.0017708370973319467,-0.0827769739501037,0.006773977437699034,4.548387096774194,20,-0.047503108898429056,0.4,-0.002375155444921453,KILL,maker_mid_passive_0.0010
COQUSD,breakout_retest__10bps__quick,7,6,1,0.8571428571428571,6,-0.05890137136742396,0.0,-0.009816895227903993,-0.04702019643805208,0.0021954118888815057,0.3333333333333333,4,-0.03691937136742403,0.0,-0.009229842841856007,KILL,maker_mid_passive_0.0010
COQUSD,score_filtered_breakout__10bps__quick,7,6,1,0.8571428571428571,6,-0.05890137136742396,0.0,-0.009816895227903993,-0.04702019643805208,0.0021954118888815057,0.3333333333333333,4,-0.03691937136742403,0.0,-0.009229842841856007,KILL,maker_mid_passive_0.0010
DOGUSD,breakout_retest__5bps__quick,12,7,5,0.5833333333333334,7,-0.05997189780584171,0.14285714285714285,-0.008567413972263101,-0.04804458456782427,0.001485814965857396,2.0,4,-0.026998897805841762,0.25,-0.0067497244514604406,KILL,maker_mid_passive_0.0010
DOGUSD,score_filtered_breakout__5bps__quick,12,7,5,0.5833333333333334,7,-0.05997189780584171,0.14285714285714285,-0.008567413972263101,-0.04804458456782427,0.001485814965857396,2.0,4,-0.026998897805841762,0.25,-0.0067497244514604406,KILL,maker_mid_passive_0.0010
HYPEUSD,breakout_retest__10bps__runner,50,27,15,0.54,27,-0.06102624475213826,0.2962962962962963,-0.002260231287116232,-0.09359556398056763,0.005990560107408431,4.2592592592592595,19,-0.04904160842081569,0.3157894736842105,-0.002581137285306089,KILL,maker_mid_passive_0.0010
HYPEUSD,score_filtered_breakout__10bps__runner,50,27,15,0.54,27,-0.06102624475213826,0.2962962962962963,-0.002260231287116232,-0.09359556398056763,0.005990560107408431,4.2592592592592595,19,-0.04904160842081569,0.3157894736842105,-0.002581137285306089,KILL,maker_mid_passive_0.0010
HYPEUSD,breakout_retest__flat__quick,50,32,11,0.64,32,-0.061437107711800165,0.28125,-0.0019199096159937552,-0.08173183955965807,0.006590210228264894,3.71875,20,-0.048909104045804015,0.3,-0.0024454552022902007,KILL,maker_mid_passive_0.0010
HYPEUSD,score_filtered_breakout__flat__quick,50,32,11,0.64,32,-0.061437107711800165,0.28125,-0.0019199096159937552,-0.08173183955965807,0.006590210228264894,3.71875,20,-0.048909104045804015,0.3,-0.0024454552022902007,KILL,maker_mid_passive_0.0010
COQUSD,breakout_retest__10bps__runner,7,6,1,0.8571428571428571,6,-0.06329447949989295,0.0,-0.010549079916648824,-0.05028658422722751,0.0021954118888815057,0.3333333333333333,4,-0.039314479499892904,0.0,-0.009828619874973226,KILL,maker_mid_passive_0.0010
COQUSD,score_filtered_breakout__10bps__runner,7,6,1,0.8571428571428571,6,-0.06329447949989295,0.0,-0.010549079916648824,-0.05028658422722751,0.0021954118888815057,0.3333333333333333,4,-0.039314479499892904,0.0,-0.009828619874973226,KILL,maker_mid_passive_0.0010
HYPEUSD,breakout_retest__5bps__runner,50,28,13,0.56,28,-0.06539441710174476,0.2857142857142857,-0.0023355148964908845,-0.09281788553660919,0.005867208155661336,4.214285714285714,20,-0.051904246207852126,0.3,-0.002595212310392606,KILL,maker_mid_passive_0.0010
HYPEUSD,score_filtered_breakout__5bps__runner,50,28,13,0.56,28,-0.06539441710174476,0.2857142857142857,-0.0023355148964908845,-0.09281788553660919,0.005867208155661336,4.214285714285714,20,-0.051904246207852126,0.3,-0.002595212310392606,KILL,maker_mid_passive_0.0010
HYPEUSD,breakout_retest__5bps__quick,50,29,13,0.58,29,-0.07005029575631329,0.2413793103448276,-0.002415527439872872,-0.09006780187929532,0.005759140111605085,3.3448275862068964,20,-0.05192485164568017,0.3,-0.0025962425822840087,KILL,maker_mid_passive_0.0010
HYPEUSD,score_filtered_breakout__5bps__quick,50,29,13,0.58,29,-0.07005029575631329,0.2413793103448276,-0.002415527439872872,-0.09006780187929532,0.005759140111605085,3.3448275862068964,20,-0.05192485164568017,0.3,-0.0025962425822840087,KILL,maker_mid_passive_0.0010
HYPEUSD,breakout_retest__10bps__quick,50,28,15,0.56,28,-0.0769675817243398,0.25,-0.0027488422044407075,-0.10104061266307782,0.0058921509379993775,3.357142857142857,19,-0.06084806189639067,0.2631578947368421,-0.003202529573494246,KILL,maker_mid_passive_0.0010
HYPEUSD,score_filtered_breakout__10bps__quick,50,28,15,0.56,28,-0.0769675817243398,0.25,-0.0027488422044407075,-0.10104061266307782,0.0058921509379993775,3.357142857142857,19,-0.06084806189639067,0.2631578947368421,-0.003202529573494246,KILL,maker_mid_passive_0.0010
