label,cost_model,trades_full,net_full,win_full,avg_full,max_dd,avg_mfe,avg_hold,trades_recent,net_recent,win_recent,avg_recent,branch,mask,exit
giga5_union::trend_t008__score_43__hold8_t30_s10,maker_mid,11,0.10889911537153839,0.7272727272727273,0.009899919579230762,-0.011990000000000145,0.019140824277508878,4.454545454545454,7,0.07385465229309436,0.7142857142857143,0.010550664613299194,giga5_union,trend_t008,score_43__hold8_t30_s10
giga5_union::trend_t008__hold8_t30_s10,maker_mid,16,0.10281151337615209,0.625,0.0064257195860095056,-0.023836239899999914,0.017170346121540545,5.0,8,0.06186465229309448,0.625,0.00773308153663681,giga5_union,trend_t008,hold8_t30_s10
baseline_tc15_tighter_volume_cap,maker_mid,5,0.10204504257173018,0.8,0.020409008514346037,-0.01698500000000024,0.03567680507583354,8.0,2,0.0637745468546427,1.0,0.03188727342732135,baseline_tc15_tighter_volume_cap,baseline,baseline
giga5_union::trend_t009__hold8_t35_s12,maker_mid,16,0.08832818181922639,0.6875,0.005520511363701649,-0.027780335855999837,0.019737438374039143,5.8125,8,0.042788573442219154,0.625,0.005348571680277394,giga5_union,trend_t009,hold8_t35_s12
giga5_union::trend_t008__score_43__shared_default,maker_mid,11,0.0853953843549319,0.5454545454545454,0.007763216759539263,-0.016985000000000104,0.022950711031063775,6.909090909090909,7,0.059072105599759686,0.5714285714285714,0.008438872228537097,giga5_union,trend_t008,score_43__shared_default
giga5_union::trend_t009__hold8_t30_s10,maker_mid,16,0.08492731273524384,0.5625,0.00530795704595274,-0.02383623990000025,0.016514952345762893,4.6875,8,0.04444442082560501,0.5,0.005555552603200627,giga5_union,trend_t009,hold8_t30_s10
giga5_union::trend_t008__hold8_t35_s12,maker_mid,16,0.0848443676178338,0.6875,0.005302772976114613,-0.027780335855999753,0.019526139318838235,5.8125,8,0.038840790067407795,0.625,0.004855098758425974,giga5_union,trend_t008,hold8_t35_s12
giga5_union::trend_t008__shared_default,maker_mid,16,0.08069519221162423,0.5625,0.0050434495132265144,-0.03368150977500006,0.02050234271355032,7.75,8,0.04208710559975963,0.5,0.005260888199969954,giga5_union,trend_t008,shared_default
giga5_union::trend_t008__vwap_003__score_43__shared_default,maker_mid,5,0.07734745068572785,0.6,0.01546949013714557,-0.00023982052033618423,0.027670427196759762,6.8,4,0.09209196782544612,0.75,0.02302299195636153,giga5_union,trend_t008,vwap_003__score_43__shared_default
giga5_union::trend_t008__vwap_0025__hold8_t35_s12,maker_mid,7,0.07641163618131686,0.7142857142857143,0.010915948025902409,-0.013988000000000134,0.022738541893931197,6.0,3,0.07442442082560471,1.0,0.024808140275201573,giga5_union,trend_t008,vwap_0025__hold8_t35_s12
coq3_momaccel::base__hold12_t35_s12,maker_mid,8,0.07590799999999956,0.5,0.009488499999999945,-0.027780335855999972,0.033008904849594796,2.625,5,0.023965999999999776,0.4,0.004793199999999955,coq3_momaccel,base,hold12_t35_s12
coq3_momaccel::base__hold8_t35_s12,maker_mid,8,0.07590799999999956,0.5,0.009488499999999945,-0.027780335855999972,0.033008904849594796,2.625,5,0.023965999999999776,0.4,0.004793199999999955,coq3_momaccel,base,hold8_t35_s12
giga5_union::trend_t008__vwap_0025__shared_default,maker_mid,7,0.07287039517731733,0.5714285714285714,0.010410056453902475,-0.014980801622281869,0.023593119309672,7.714285714285714,3,0.08567017947966371,0.6666666666666666,0.028556726493221236,giga5_union,trend_t008,vwap_0025__shared_default
giga5_union::trend_t008__score_43__hold12_t35_s12,maker_mid,11,0.07216590149465013,0.5454545454545454,0.006560536499513648,-0.014993923365685577,0.022950711031063775,6.818181818181818,7,0.045086105599759736,0.5714285714285714,0.006440872228537105,giga5_union,trend_t008,score_43__hold12_t35_s12
giga5_union::trend_t009__vwap_003__hold8_t35_s12,maker_mid,9,0.07180165102361755,0.6666666666666666,0.007977961224846394,-0.013988000000000134,0.020084085051623356,5.666666666666667,5,0.0698144356679054,0.8,0.01396288713358108,giga5_union,trend_t009,vwap_003__hold8_t35_s12
giga5_union::trend_t008__score_43__hold8_t35_s12,maker_mid,11,0.07173248447707609,0.7272727272727273,0.006521134952461463,-0.013988000000000092,0.021530778820573474,5.2727272727272725,7,0.05282879006740764,0.7142857142857143,0.0075469700096296635,giga5_union,trend_t008,score_43__hold8_t35_s12
coq3_momaccel::trend_t008__hold12_t35_s12,maker_mid,5,0.07091899999999982,0.6,0.014183799999999963,-0.013988000000000075,0.044151801073944036,2.2,2,0.018977000000000032,0.5,0.009488500000000016,coq3_momaccel,trend_t008,hold12_t35_s12
coq3_momaccel::trend_t008__hold8_t35_s12,maker_mid,5,0.07091899999999982,0.6,0.014183799999999963,-0.013988000000000075,0.044151801073944036,2.2,2,0.018977000000000032,0.5,0.009488500000000016,coq3_momaccel,trend_t008,hold8_t35_s12
coq3_momaccel::trend_t009__hold12_t35_s12,maker_mid,5,0.07091899999999982,0.6,0.014183799999999963,-0.013988000000000075,0.044151801073944036,2.2,2,0.018977000000000032,0.5,0.009488500000000016,coq3_momaccel,trend_t009,hold12_t35_s12
coq3_momaccel::trend_t009__hold8_t35_s12,maker_mid,5,0.07091899999999982,0.6,0.014183799999999963,-0.013988000000000075,0.044151801073944036,2.2,2,0.018977000000000032,0.5,0.009488500000000016,coq3_momaccel,trend_t009,hold8_t35_s12
giga5_union::trend_t008__hold12_t35_s12,maker_mid,16,0.0704627093513427,0.5625,0.004403919334458919,-0.02778033585599995,0.02050234271355032,7.625,8,0.031098105599759895,0.5,0.003887263199969987,giga5_union,trend_t008,hold12_t35_s12
giga5_union::trend_t009__shared_default,maker_mid,16,0.06885268455330357,0.5625,0.004303292784581473,-0.03368150977500013,0.02021705276300672,7.75,8,0.04256812872821747,0.5,0.005321016091027184,giga5_union,trend_t009,shared_default
giga5_union::trend_t008__vwap_003__hold8_t35_s12,maker_mid,9,0.06785386764880619,0.6666666666666666,0.007539318627645132,-0.013988000000000134,0.019369705478397697,5.666666666666667,5,0.06586665229309405,0.8,0.01317333045861881,giga5_union,trend_t008,vwap_003__hold8_t35_s12
giga5_union::trend_t008__vwap_003__score_43__hold8_t35_s12,maker_mid,5,0.06586665229309394,0.8,0.013173330458618788,0.0,0.024885939730369337,5.2,4,0.07985465229309405,1.0,0.019963663073273512,giga5_union,trend_t008,vwap_003__score_43__hold8_t35_s12
coq3_momaccel::base__hold8_t30_s10,maker_mid,8,0.06392000000000024,0.5,0.00799000000000003,-0.02383623989999992,0.033008904849594796,2.625,5,0.019970000000000168,0.4,0.003994000000000034,coq3_momaccel,base,hold8_t30_s10
giga5_union::trend_t009__vwap_003__shared_default,maker_mid,9,0.0627882066515576,0.5555555555555556,0.006976467405728622,-0.016984999999999993,0.020748756374977317,7.555555555555555,5,0.07558799095390396,0.6,0.015117598190780793,giga5_union,trend_t009,vwap_003__shared_default
giga5_union::score_43__hold8_t30_s10,maker_mid,21,0.062338014986814065,0.47619047619047616,0.002968476904134003,-0.028554053114933413,0.013322355012460945,3.9047619047619047,10,0.07214763062622905,0.6,0.007214763062622904,giga5_union,score_43,hold8_t30_s10
giga5_union::trend_t008__vwap_003__shared_default,maker_mid,9,0.06230718352309976,0.5555555555555556,0.006923020391455529,-0.016984999999999962,0.020916642959725708,7.555555555555555,5,0.07510696782544612,0.6,0.015021393565089225,giga5_union,trend_t008,vwap_003__shared_default
coq3_momaccel::trend_t008__hold8_t30_s10,maker_mid,5,0.059930000000000205,0.6,0.011986000000000042,-0.011990000000000008,0.044151801073944036,2.2,2,0.01598000000000013,0.5,0.007990000000000065,coq3_momaccel,trend_t008,hold8_t30_s10
coq3_momaccel::trend_t009__hold8_t30_s10,maker_mid,5,0.059930000000000205,0.6,0.011986000000000042,-0.011990000000000008,0.044151801073944036,2.2,2,0.01598000000000013,0.5,0.007990000000000065,coq3_momaccel,trend_t009,hold8_t30_s10
giga5_union::trend_t009__hold12_t35_s12,maker_mid,16,0.058620201693022025,0.5625,0.0036637626058138766,-0.027780335855999906,0.02021705276300672,7.625,8,0.031579128728217734,0.5,0.003947391091027217,giga5_union,trend_t009,hold12_t35_s12
giga5_union::trend_t008__vwap_003__score_43__hold12_t35_s12,maker_mid,5,0.05812396782544604,0.6,0.01162479356508921,-0.00023982052033622833,0.027670427196759762,6.8,4,0.07211196782544615,0.75,0.01802799195636154,giga5_union,trend_t008,vwap_003__score_43__hold12_t35_s12
giga5_union::trend_t008__vwap_003__score_43__hold8_t30_s10,maker_mid,5,0.0578746522930943,0.8,0.011574930458618859,0.0,0.01962803973562723,5.0,4,0.06986465229309433,1.0,0.01746616307327358,giga5_union,trend_t008,vwap_003__score_43__hold8_t30_s10
giga5_union::score_43__shared_default,maker_mid,20,0.05723758847504671,0.4,0.0028618794237523356,-0.032467160588218864,0.01639653808922691,6.25,10,0.07172126346764532,0.5,0.007172126346764532,giga5_union,score_43,shared_default
coq3_momaccel::score_43__hold12_t35_s12,maker_mid,6,0.056930999999999676,0.5,0.009488499999999947,-0.013988000000000018,0.0353447945810759,2.8333333333333335,4,0.03795399999999974,0.5,0.009488499999999934,coq3_momaccel,score_43,hold12_t35_s12
coq3_momaccel::score_43__hold8_t35_s12,maker_mid,6,0.056930999999999676,0.5,0.009488499999999947,-0.013988000000000018,0.0353447945810759,2.8333333333333335,4,0.03795399999999974,0.5,0.009488499999999934,coq3_momaccel,score_43,hold8_t35_s12
giga5_union::score_43__hold12_t35_s12,maker_mid,20,0.05431052389032609,0.4,0.0027155261945163043,-0.028772188365646472,0.01639653808922691,5.8,10,0.05773526346764539,0.5,0.005773526346764539,giga5_union,score_43,hold12_t35_s12
giga5_union::trend_t008__vwap_0025__hold12_t35_s12,maker_mid,7,0.05364691231703554,0.5714285714285714,0.0076638446167193635,-0.014224465910897913,0.023593119309672,7.714285714285714,3,0.06569017947966371,0.6666666666666666,0.021896726493221236,giga5_union,trend_t008,vwap_0025__hold12_t35_s12
coq3_momaccel::trend_t008__score_43__hold12_t35_s12,maker_mid,3,0.05194199999999994,0.6666666666666666,0.01731399999999998,0.0,0.05625217801980575,2.3333333333333335,1,0.032964999999999994,1.0,0.032964999999999994,coq3_momaccel,trend_t008,score_43__hold12_t35_s12
coq3_momaccel::trend_t008__score_43__hold8_t35_s12,maker_mid,3,0.05194199999999994,0.6666666666666666,0.01731399999999998,0.0,0.05625217801980575,2.3333333333333335,1,0.032964999999999994,1.0,0.032964999999999994,coq3_momaccel,trend_t008,score_43__hold8_t35_s12
coq3_momaccel::trend_t008__shared_default,maker_mid,5,0.05122712073320597,0.4,0.010245424146641193,-0.01768538448252424,0.044556235349346066,3.4,2,-0.017697879266793736,0.0,-0.008848939633396868,coq3_momaccel,trend_t008,shared_default
coq3_momaccel::trend_t009__shared_default,maker_mid,5,0.05122712073320597,0.4,0.010245424146641193,-0.01768538448252424,0.044556235349346066,3.4,2,-0.017697879266793736,0.0,-0.008848939633396868,coq3_momaccel,trend_t009,shared_default
coq3_momaccel::score_43__hold8_t30_s10,maker_mid,6,0.04794000000000022,0.5,0.007990000000000037,-0.011989999999999959,0.0353447945810759,2.8333333333333335,4,0.03196000000000018,0.5,0.007990000000000046,coq3_momaccel,score_43,hold8_t30_s10
giga5_union::trend_t008__vwap_0025__hold8_t30_s10,maker_mid,7,0.04722215104517324,0.5714285714285714,0.006746021577881891,-0.013513810019212188,0.01735387172867933,5.285714285714286,3,0.06443442082560501,1.0,0.02147814027520167,giga5_union,trend_t008,vwap_0025__hold8_t30_s10
giga5_union::vwap_0025__shared_default,maker_mid,23,0.04681911867551668,0.391304347826087,0.0020356138554572466,-0.08109235046062982,0.013407521493560793,7.3478260869565215,8,0.10444002609069561,0.5,0.013055003261336951,giga5_union,vwap_0025,shared_default
giga5_union::trend_t009__vwap_003__hold12_t35_s12,maker_mid,9,0.04656172379127581,0.5555555555555556,0.005173524865697312,-0.014224465910897913,0.020748756374977317,7.444444444444445,5,0.058604990953903986,0.6,0.011720998190780797,giga5_union,trend_t009,vwap_003__hold12_t35_s12
giga5_union::trend_t008__vwap_003__hold12_t35_s12,maker_mid,9,0.04608070066281797,0.5555555555555556,0.005120077851424219,-0.014224465910897913,0.020916642959725708,7.444444444444445,5,0.05812396782544616,0.6,0.011624793565089232,giga5_union,trend_t008,vwap_003__hold12_t35_s12
coq3_momaccel::trend_t008__score_43__hold8_t30_s10,maker_mid,3,0.043950000000000176,0.6666666666666666,0.014650000000000059,0.0,0.05625217801980575,2.3333333333333335,1,0.027970000000000144,1.0,0.027970000000000144,coq3_momaccel,trend_t008,score_43__hold8_t30_s10
coq3_momaccel::close_075__hold12_t35_s12,maker_mid,7,0.042942999999999565,0.42857142857142855,0.006134714285714223,-0.02778033585599988,0.03161533659338877,2.2857142857142856,4,-0.008999000000000222,0.25,-0.0022497500000000555,coq3_momaccel,close_075,hold12_t35_s12
coq3_momaccel::close_075__hold8_t35_s12,maker_mid,7,0.042942999999999565,0.42857142857142855,0.006134714285714223,-0.02778033585599988,0.03161533659338877,2.2857142857142856,4,-0.008999000000000222,0.25,-0.0022497500000000555,coq3_momaccel,close_075,hold8_t35_s12
giga5_union::trend_t008__vwap_003__hold8_t30_s10,maker_mid,9,0.04066238251266259,0.5555555555555556,0.004518042501406954,-0.013513810019212188,0.0151816286832018,5.111111111111111,5,0.05787465229309434,0.8,0.011574930458618867,giga5_union,trend_t008,vwap_003__hold8_t30_s10
coq3_momaccel::close_075__hold8_t30_s10,maker_mid,7,0.0359500000000001,0.42857142857142855,0.0051357142857143,-0.02383623989999987,0.03161533659338877,2.2857142857142856,4,-0.007999999999999976,0.25,-0.001999999999999994,coq3_momaccel,close_075,hold8_t30_s10
coq3_momaccel::close_075__shared_default,maker_mid,7,0.03497398886269858,0.42857142857142855,0.004996284123242654,-0.033941464806982624,0.03216393510389653,3.4285714285714284,4,-0.03395101113730114,0.25,-0.008487752784325285,coq3_momaccel,close_075,shared_default
giga5_union::vwap_0025__hold12_t35_s12,maker_mid,23,0.03490105409079593,0.391304347826087,0.0015174371343824316,-0.07353861185019711,0.013407521493560793,6.956521739130435,8,0.08446002609069563,0.5,0.010557503261336953,giga5_union,vwap_0025,hold12_t35_s12
giga5_union::trend_t008__vwap_003__close_075__hold8_t35_s12,maker_mid,8,0.03488886764880615,0.625,0.004361108456100769,-0.013988000000000134,0.01561215295641555,6.25,4,0.03290165229309401,0.75,0.008225413073273503,giga5_union,trend_t008,vwap_003__close_075__hold8_t35_s12
coq3_momaccel::base__shared_default,maker_mid,8,0.03423732069702754,0.375,0.004279665087128443,-0.034653129376033986,0.03348892854628908,3.875,5,-0.03468767930297217,0.2,-0.006937535860594433,coq3_momaccel,base,shared_default
giga5_union::vwap_003__shared_default,maker_mid,24,0.029834118675516677,0.375,0.0012430882781465282,-0.08109235046062982,0.013170536719305547,7.125,9,0.0874550260906956,0.4444444444444444,0.009717225121188399,giga5_union,vwap_003,shared_default
coq3_momaccel::trend_t008__score_43__shared_default,maker_mid,3,0.02523333183432879,0.3333333333333333,0.00841111061144293,-0.0007366681656710418,0.05692623514547579,4.333333333333333,1,-0.000736668165671028,0.0,-0.000736668165671028,coq3_momaccel,trend_t008,score_43__shared_default
giga5_union::trend_t009__vwap_003__hold8_t30_s10,maker_mid,9,0.02324215104517312,0.4444444444444444,0.0025824612272414577,-0.017062622350485425,0.014355221001354466,4.555555555555555,5,0.04045442082560488,0.6,0.008090884165120975,giga5_union,trend_t009,vwap_003__hold8_t30_s10
giga5_union::vwap_003__hold12_t35_s12,maker_mid,24,0.020913054090795916,0.375,0.0008713772537831632,-0.07353861185019711,0.013170536719305547,6.708333333333333,9,0.07047202609069562,0.4444444444444444,0.007830225121188403,giga5_union,vwap_003,hold12_t35_s12
giga5_union::trend_t008__vwap_003__close_075__shared_default,maker_mid,8,0.01935218352309979,0.5,0.002419022940387474,-0.016985000000000087,0.017352457622909566,8.375,4,0.03215196782544616,0.5,0.00803799195636154,giga5_union,trend_t008,vwap_003__close_075__shared_default
coq3_momaccel::vwap_003__hold12_t35_s12,maker_mid,2,0.018976999999999775,0.5,0.009488499999999888,-0.013988000000000075,0.01949869966248498,4.5,2,0.018976999999999775,0.5,0.009488499999999888,coq3_momaccel,vwap_003,hold12_t35_s12
coq3_momaccel::vwap_003__hold8_t35_s12,maker_mid,2,0.018976999999999775,0.5,0.009488499999999888,-0.013988000000000075,0.01949869966248498,4.5,2,0.018976999999999775,0.5,0.009488499999999888,coq3_momaccel,vwap_003,hold8_t35_s12
coq3_momaccel::vwap_0025__hold12_t35_s12,maker_mid,2,0.018976999999999775,0.5,0.009488499999999888,-0.013988000000000075,0.01949869966248498,4.5,2,0.018976999999999775,0.5,0.009488499999999888,coq3_momaccel,vwap_0025,hold12_t35_s12
coq3_momaccel::vwap_0025__hold8_t35_s12,maker_mid,2,0.018976999999999775,0.5,0.009488499999999888,-0.013988000000000075,0.01949869966248498,4.5,2,0.018976999999999775,0.5,0.009488499999999888,coq3_momaccel,vwap_0025,hold8_t35_s12
coq3_momaccel::vwap_003__hold8_t30_s10,maker_mid,2,0.01597999999999998,0.5,0.00798999999999999,-0.011989999999999976,0.01949869966248498,4.5,2,0.01597999999999998,0.5,0.00798999999999999,coq3_momaccel,vwap_003,hold8_t30_s10
coq3_momaccel::vwap_0025__hold8_t30_s10,maker_mid,2,0.01597999999999998,0.5,0.00798999999999999,-0.011989999999999976,0.01949869966248498,4.5,2,0.01597999999999998,0.5,0.00798999999999999,coq3_momaccel,vwap_0025,hold8_t30_s10
giga5_union::base__hold12_t35_s12,maker_mid,35,0.015116937626429223,0.37142857142857144,0.0004319125036122635,-0.04704407933933676,0.013307997085614929,6.457142857142857,12,0.04344616386500939,0.4166666666666667,0.0036205136554174496,giga5_union,base,hold12_t35_s12
giga5_union::base__hold8_t30_s10,maker_mid,36,0.014122425773890173,0.3888888888888889,0.0003922896048302826,-0.04915705769677705,0.011017259122817896,4.638888888888889,12,0.05438370027157901,0.5,0.004531975022631584,giga5_union,base,hold8_t30_s10
giga5_union::trend_t008__vwap_003__close_075__hold12_t35_s12,maker_mid,8,0.013115700662817937,0.5,0.0016394625828522421,-0.014224465910897913,0.017352457622909566,8.25,4,0.02515896782544612,0.5,0.00628974195636153,giga5_union,trend_t008,vwap_003__close_075__hold12_t35_s12
giga5_union::trend_t008__vwap_003__close_075__hold8_t30_s10,maker_mid,8,0.012692382512662411,0.5,0.0015865478140828014,-0.013513810019212188,0.010900566561820169,5.625,4,0.029904652293094174,0.75,0.0074761630732735436,giga5_union,trend_t008,vwap_003__close_075__hold8_t30_s10
giga5_union::base__shared_default,maker_mid,35,0.012050002211149826,0.37142857142857144,0.0003442857774614236,-0.053555043208901136,0.013307997085614929,6.771428571428571,12,0.05443516386500912,0.4166666666666667,0.0045362636554174265,giga5_union,base,shared_default
coq3_momaccel::score_43__shared_default,maker_mid,6,0.008243531798150364,0.3333333333333333,0.0013739219663583939,-0.017997172110297336,0.03598482617666828,4.5,4,-0.017726468201849456,0.25,-0.004431617050462364,coq3_momaccel,score_43,shared_default
giga5_union::vwap_0025__hold8_t35_s12,maker_mid,24,0.00402568497055536,0.4166666666666667,0.00016773687377314,-0.06321520127413015,0.01160858738435005,5.458333333333333,8,0.07237370027157856,0.625,0.00904671253394732,giga5_union,vwap_0025,hold8_t35_s12
coq3_momaccel::trend_t008__vwap_003__shared_default,maker_mid,0,0.0,0.0,0.0,0.0,0.0,0.0,0,0.0,0.0,0.0,coq3_momaccel,trend_t008,vwap_003__shared_default
coq3_momaccel::trend_t008__vwap_003__hold12_t35_s12,maker_mid,0,0.0,0.0,0.0,0.0,0.0,0.0,0,0.0,0.0,0.0,coq3_momaccel,trend_t008,vwap_003__hold12_t35_s12
coq3_momaccel::trend_t008__vwap_003__hold8_t35_s12,maker_mid,0,0.0,0.0,0.0,0.0,0.0,0.0,0,0.0,0.0,0.0,coq3_momaccel,trend_t008,vwap_003__hold8_t35_s12
coq3_momaccel::trend_t008__vwap_003__hold8_t30_s10,maker_mid,0,0.0,0.0,0.0,0.0,0.0,0.0,0,0.0,0.0,0.0,coq3_momaccel,trend_t008,vwap_003__hold8_t30_s10
coq3_momaccel::trend_t008__vwap_0025__shared_default,maker_mid,0,0.0,0.0,0.0,0.0,0.0,0.0,0,0.0,0.0,0.0,coq3_momaccel,trend_t008,vwap_0025__shared_default
coq3_momaccel::trend_t008__vwap_0025__hold12_t35_s12,maker_mid,0,0.0,0.0,0.0,0.0,0.0,0.0,0,0.0,0.0,0.0,coq3_momaccel,trend_t008,vwap_0025__hold12_t35_s12
coq3_momaccel::trend_t008__vwap_0025__hold8_t35_s12,maker_mid,0,0.0,0.0,0.0,0.0,0.0,0.0,0,0.0,0.0,0.0,coq3_momaccel,trend_t008,vwap_0025__hold8_t35_s12
coq3_momaccel::trend_t008__vwap_0025__hold8_t30_s10,maker_mid,0,0.0,0.0,0.0,0.0,0.0,0.0,0,0.0,0.0,0.0,coq3_momaccel,trend_t008,vwap_0025__hold8_t30_s10
coq3_momaccel::trend_t009__vwap_003__shared_default,maker_mid,0,0.0,0.0,0.0,0.0,0.0,0.0,0,0.0,0.0,0.0,coq3_momaccel,trend_t009,vwap_003__shared_default
coq3_momaccel::trend_t009__vwap_003__hold12_t35_s12,maker_mid,0,0.0,0.0,0.0,0.0,0.0,0.0,0,0.0,0.0,0.0,coq3_momaccel,trend_t009,vwap_003__hold12_t35_s12
coq3_momaccel::trend_t009__vwap_003__hold8_t35_s12,maker_mid,0,0.0,0.0,0.0,0.0,0.0,0.0,0,0.0,0.0,0.0,coq3_momaccel,trend_t009,vwap_003__hold8_t35_s12
coq3_momaccel::trend_t009__vwap_003__hold8_t30_s10,maker_mid,0,0.0,0.0,0.0,0.0,0.0,0.0,0,0.0,0.0,0.0,coq3_momaccel,trend_t009,vwap_003__hold8_t30_s10
coq3_momaccel::trend_t008__vwap_003__score_43__shared_default,maker_mid,0,0.0,0.0,0.0,0.0,0.0,0.0,0,0.0,0.0,0.0,coq3_momaccel,trend_t008,vwap_003__score_43__shared_default
coq3_momaccel::trend_t008__vwap_003__score_43__hold12_t35_s12,maker_mid,0,0.0,0.0,0.0,0.0,0.0,0.0,0,0.0,0.0,0.0,coq3_momaccel,trend_t008,vwap_003__score_43__hold12_t35_s12
coq3_momaccel::trend_t008__vwap_003__score_43__hold8_t35_s12,maker_mid,0,0.0,0.0,0.0,0.0,0.0,0.0,0,0.0,0.0,0.0,coq3_momaccel,trend_t008,vwap_003__score_43__hold8_t35_s12
coq3_momaccel::trend_t008__vwap_003__score_43__hold8_t30_s10,maker_mid,0,0.0,0.0,0.0,0.0,0.0,0.0,0,0.0,0.0,0.0,coq3_momaccel,trend_t008,vwap_003__score_43__hold8_t30_s10
coq3_momaccel::trend_t008__vwap_003__close_075__shared_default,maker_mid,0,0.0,0.0,0.0,0.0,0.0,0.0,0,0.0,0.0,0.0,coq3_momaccel,trend_t008,vwap_003__close_075__shared_default
coq3_momaccel::trend_t008__vwap_003__close_075__hold12_t35_s12,maker_mid,0,0.0,0.0,0.0,0.0,0.0,0.0,0,0.0,0.0,0.0,coq3_momaccel,trend_t008,vwap_003__close_075__hold12_t35_s12
coq3_momaccel::trend_t008__vwap_003__close_075__hold8_t35_s12,maker_mid,0,0.0,0.0,0.0,0.0,0.0,0.0,0,0.0,0.0,0.0,coq3_momaccel,trend_t008,vwap_003__close_075__hold8_t35_s12
coq3_momaccel::trend_t008__vwap_003__close_075__hold8_t30_s10,maker_mid,0,0.0,0.0,0.0,0.0,0.0,0.0,0,0.0,0.0,0.0,coq3_momaccel,trend_t008,vwap_003__close_075__hold8_t30_s10
coq3_momaccel::vwap_003__shared_default,maker_mid,2,-4.800036178427558e-06,0.5,-2.400018089213779e-06,-0.016984999999999983,0.020407708760757055,6.5,2,-4.800036178427558e-06,0.5,-2.400018089213779e-06,coq3_momaccel,vwap_003,shared_default
coq3_momaccel::vwap_0025__shared_default,maker_mid,2,-4.800036178427558e-06,0.5,-2.400018089213779e-06,-0.016984999999999983,0.020407708760757055,6.5,2,-4.800036178427558e-06,0.5,-2.400018089213779e-06,coq3_momaccel,vwap_0025,shared_default
giga5_union::close_075__hold8_t30_s10,maker_mid,30,-0.006169341418567679,0.36666666666666664,-0.00020564471395225596,-0.04398283651213888,0.00977264721683286,4.466666666666667,9,0.03822968383143968,0.5555555555555556,0.004247742647937742,giga5_union,close_075,hold8_t30_s10
giga5_union::vwap_003__hold8_t35_s12,maker_mid,25,-0.009962315029444635,0.4,-0.0003984926011777854,-0.06321520127413015,0.011453039365433446,5.28,9,0.05838570027157857,0.5555555555555556,0.006487300030175397,giga5_union,vwap_003,hold8_t35_s12
giga5_union::score_43__hold8_t35_s12,maker_mid,21,-0.010394053286595444,0.47619047619047616,-0.0004949549184093069,-0.05898411930806706,0.014574235963590016,4.523809523809524,10,0.051121768400542306,0.6,0.0051121768400542306,giga5_union,score_43,hold8_t35_s12
giga5_union::vwap_0025__hold8_t30_s10,maker_mid,24,-0.019169800165588217,0.375,-0.0007987416735661758,-0.07543537797341819,0.01003805858615159,5.208333333333333,8,0.06238370027157886,0.625,0.007797962533947357,giga5_union,vwap_0025,hold8_t30_s10
giga5_union::vwap_003__hold8_t30_s10,maker_mid,25,-0.0311598001655882,0.36,-0.001246392006623528,-0.07543537797341819,0.009945331719162924,5.04,9,0.05039370027157888,0.5555555555555556,0.0055993000301754305,giga5_union,vwap_003,hold8_t30_s10
giga5_union::close_075__hold12_t35_s12,maker_mid,30,-0.039044000274833346,0.3333333333333333,-0.0013014666758277781,-0.05598145648748268,0.01234860494128407,6.3,9,0.02229714742487019,0.4444444444444444,0.0024774608249855767,giga5_union,close_075,hold12_t35_s12
giga5_union::base__hold8_t35_s12,maker_mid,36,-0.04140815736337542,0.4166666666666667,-0.001150226593427095,-0.0870962874547904,0.01206427832161687,5.111111111111111,12,0.03135983804589233,0.5,0.0026133198371576945,giga5_union,base,hold8_t35_s12
giga5_union::close_075__shared_default,maker_mid,30,-0.04910393569011269,0.3333333333333333,-0.0016367978563370897,-0.06652430961603492,0.01234860494128407,6.666666666666667,9,0.023296147424869986,0.4444444444444444,0.002588460824985554,giga5_union,close_075,shared_default
giga5_union::close_075__hold8_t35_s12,maker_mid,30,-0.06469692455583329,0.4,-0.0021565641518611093,-0.07560998857593036,0.01102907025539163,5.033333333333333,9,0.010210821605753134,0.5555555555555556,0.0011345357339725703,giga5_union,close_075,hold8_t35_s12
giga5_union::trend_t008__hold8_t30_s10,maker_optimistic,16,0.1521682387693648,0.6875,0.0095105149230853,-0.02108170359099967,0.018551613132112114,5.25,8,0.07453092464423186,0.625,0.009316365580528983,giga5_union,trend_t008,hold8_t30_s10
giga5_union::trend_t009__hold8_t30_s10,maker_optimistic,16,0.13356639837654102,0.625,0.008347899898533814,-0.02108170359100005,0.017852023839346504,4.9375,8,0.05639370343687304,0.5,0.00704921292960913,giga5_union,trend_t009,hold8_t30_s10
giga5_union::trend_t008__score_43__hold8_t30_s10,maker_optimistic,11,0.12721786085161788,0.7272727272727273,0.011565260077419807,-0.010596999999999981,0.019726774342210953,4.454545454545454,7,0.08512792464423184,0.7142857142857143,0.01216113209203312,giga5_union,trend_t008,score_43__hold8_t30_s10
giga5_union::trend_t009__hold8_t35_s12,maker_optimistic,16,0.1178771698254539,0.6875,0.007367323114090869,-0.025034130707039942,0.020407303621326707,5.9375,8,0.056145889776526924,0.625,0.0070182362220658654,giga5_union,trend_t009,hold8_t35_s12
giga5_union::trend_t008__hold8_t35_s12,maker_optimistic,16,0.11438847486618467,0.6875,0.007149279679136542,-0.025034130707039883,0.02019585670114667,5.9375,8,0.05219257563179271,0.625,0.006524071953974089,giga5_union,trend_t008,hold8_t35_s12
giga5_union::trend_t008__shared_default,maker_optimistic,16,0.11091697632668564,0.6875,0.006932311020417852,-0.03094778037975014,0.021172743233293823,7.8125,8,0.05543574380948742,0.625,0.006929467976185927,giga5_union,trend_t008,shared_default
baseline_tc15_tighter_volume_cap,maker_optimistic,5,0.11086452854374788,0.8,0.022172905708749576,-0.015279678758242961,0.03640156141248547,8.0,2,0.06733759673462,1.0,0.03366879836731,baseline_tc15_tighter_volume_cap,baseline,baseline
giga5_union::trend_t008__score_43__shared_default,maker_optimistic,11,0.10580092933357685,0.7272727272727273,0.009618266303052441,-0.015595500000000059,0.02353932721665707,7.0,7,0.07103124380948742,0.7142857142857143,0.010147320544212487,giga5_union,trend_t008,score_43__shared_default
giga5_union::base__hold8_t30_s10,maker_optimistic,36,0.1012190520412411,0.4444444444444444,0.002811640334478919,-0.0351500443160927,0.011889030691726974,4.777777777777778,12,0.07544902030297629,0.5,0.006287418358581358,giga5_union,base,hold8_t30_s10
giga5_union::trend_t008__hold12_t35_s12,maker_optimistic,16,0.09998666816817371,0.6875,0.006249166760510857,-0.025034130707039973,0.021172743233293823,7.75,8,0.04443904380948756,0.625,0.005554880476185945,giga5_union,trend_t008,hold12_t35_s12
giga5_union::trend_t009__shared_default,maker_optimistic,16,0.09905787753887527,0.6875,0.006191117346179704,-0.03094778037974992,0.020887253639677743,7.8125,8,0.055917440842260246,0.625,0.006989680105282531,giga5_union,trend_t009,shared_default
giga5_union::score_43__hold8_t30_s10,maker_optimistic,21,0.09812444529814228,0.47619047619047616,0.00467259263324487,-0.021708937225093514,0.013798204572768194,3.9523809523809526,10,0.08972565773679066,0.6,0.008972565773679065,giga5_union,score_43,hold8_t30_s10
giga5_union::score_43__shared_default,maker_optimistic,20,0.09445786443501555,0.5,0.004722893221750778,-0.028060809271324094,0.01686287576458671,6.3,10,0.09000526917309508,0.6,0.009000526917309508,giga5_union,score_43,shared_default
giga5_union::vwap_0025__shared_default,maker_optimistic,23,0.09239920409287877,0.4782608695652174,0.004017356699690382,-0.06284609010961664,0.013938528426506459,7.3478260869565215,8,0.11994327883621947,0.625,0.014992909854527434,giga5_union,vwap_0025,shared_default
giga5_union::trend_t008__score_43__hold12_t35_s12,maker_optimistic,11,0.09187152117506489,0.7272727272727273,0.008351956470460444,-0.012596400000000042,0.02353932721665707,6.909090909090909,7,0.057035443809487545,0.7142857142857143,0.008147920544212506,giga5_union,trend_t008,score_43__hold12_t35_s12
giga5_union::trend_t008__score_43__hold8_t35_s12,maker_optimistic,11,0.09143749694843775,0.7272727272727273,0.00831249972258525,-0.012596400000000021,0.02211840135171576,5.363636363636363,7,0.0647889756317927,0.7142857142857143,0.009255567947398957,giga5_union,trend_t008,score_43__hold8_t35_s12
giga5_union::score_43__hold12_t35_s12,maker_optimistic,20,0.09014782665984172,0.5,0.0045073913329920865,-0.025034130707039928,0.01686287576458671,5.85,10,0.07600946917309521,0.6,0.007600946917309522,giga5_union,score_43,hold12_t35_s12
giga5_union::trend_t008__vwap_0025__hold8_t35_s12,maker_optimistic,7,0.0890960460320091,0.7142857142857143,0.0127280065760013,-0.012596399999999865,0.023354274153578963,6.0,3,0.07938770343687293,1.0,0.026462567812290977,giga5_union,trend_t008,vwap_0025__hold8_t35_s12
giga5_union::trend_t009__hold12_t35_s12,maker_optimistic,16,0.08812756938036331,0.6875,0.005507973086272707,-0.025034130707039918,0.020887253639677743,7.75,8,0.044920740842260394,0.625,0.005615092605282549,giga5_union,trend_t009,hold12_t35_s12
giga5_union::trend_t009__vwap_003__hold8_t35_s12,maker_optimistic,9,0.0879931813841022,0.6666666666666666,0.009777020153789133,-0.012596399999999898,0.020720175306305242,5.777777777777778,5,0.07828483878896605,0.8,0.01565696775779321,giga5_union,trend_t009,vwap_003__hold8_t35_s12
coq3_momaccel::base__hold12_t35_s12,maker_optimistic,8,0.08717239999999994,0.5,0.010896549999999993,-0.02503413070703989,0.033556846700434205,2.625,5,0.030989799999999956,0.4,0.006197959999999991,coq3_momaccel,base,hold12_t35_s12
coq3_momaccel::base__hold8_t35_s12,maker_optimistic,8,0.08717239999999994,0.5,0.010896549999999993,-0.02503413070703989,0.033556846700434205,2.625,5,0.030989799999999956,0.4,0.006197959999999991,coq3_momaccel,base,hold8_t35_s12
giga5_union::trend_t008__vwap_003__score_43__shared_default,maker_optimistic,5,0.08650560098043861,0.8,0.017301120196087722,0.0,0.028249622737135306,6.8,4,0.09916839282192644,1.0,0.02479209820548161,giga5_union,trend_t008,vwap_003__score_43__shared_default
giga5_union::trend_t008__vwap_0025__shared_default,maker_optimistic,7,0.08622703737819828,0.7142857142857143,0.012318148196885469,-0.012662791841487832,0.02420944959410335,7.714285714285714,3,0.09063522558382175,1.0,0.030211741861273917,giga5_union,trend_t008,vwap_0025__shared_default
giga5_union::trend_t008__vwap_003__hold8_t35_s12,maker_optimistic,9,0.08403986723936799,0.6666666666666666,0.009337763026596443,-0.012596399999999926,0.020005295817353046,5.777777777777778,5,0.07433152464423184,0.8,0.014866304928846368,giga5_union,trend_t008,vwap_003__hold8_t35_s12
giga5_union::trend_t008__vwap_0025__hold8_t30_s10,maker_optimistic,7,0.08109844603200912,0.7142857142857143,0.011585492290287018,-0.01059700000000011,0.019596003138642838,5.857142857142857,3,0.06939070343687312,1.0,0.023130234478957706,giga5_union,trend_t008,vwap_0025__hold8_t30_s10
giga5_union::base__hold12_t35_s12,maker_optimistic,35,0.08105269191581392,0.45714285714285713,0.0023157911975946834,-0.040987580380391936,0.013860031710602804,6.514285714285714,12,0.06521392982378059,0.5,0.005434494151981716,giga5_union,base,hold12_t35_s12
giga5_union::trend_t009__vwap_003__shared_default,maker_optimistic,9,0.07964640164907584,0.6666666666666666,0.008849600183230649,-0.015595500000000045,0.021385311760046426,7.555555555555555,5,0.08405458985469931,0.8,0.01681091797093986,giga5_union,trend_t009,vwap_003__shared_default
giga5_union::base__shared_default,maker_optimistic,35,0.07936452969098774,0.45714285714285713,0.0022675579911710783,-0.04686855623112935,0.013860031710602804,6.8,12,0.07621062982378045,0.5,0.006350885818648371,giga5_union,base,shared_default
giga5_union::trend_t008__vwap_003__shared_default,maker_optimistic,9,0.079164704616303,0.6666666666666666,0.008796078290700332,-0.015595499999999991,0.021553315830158546,7.555555555555555,5,0.08357289282192647,0.8,0.016714578564385293,giga5_union,trend_t008,vwap_003__shared_default
giga5_union::vwap_0025__hold12_t35_s12,maker_optimistic,23,0.07909186631770507,0.4782608695652174,0.0034387767964219594,-0.056469268033811554,0.013938528426506459,6.956521739130435,8,0.09994927883621951,0.625,0.012493659854527439,giga5_union,vwap_0025,hold12_t35_s12
giga5_union::trend_t008__vwap_003__hold8_t30_s10,maker_optimistic,9,0.07804166723936787,0.6666666666666666,0.008671296359929763,-0.01059700000000011,0.017082196139069392,5.555555555555555,5,0.06633392464423186,0.8,0.013266784928846373,giga5_union,trend_t008,vwap_003__hold8_t30_s10
coq3_momaccel::trend_t008__hold12_t35_s12,maker_optimistic,5,0.07797569999999987,0.6,0.015595139999999974,-0.012596399999999976,0.04474253011598314,2.2,2,0.021793099999999888,0.5,0.010896549999999944,coq3_momaccel,trend_t008,hold12_t35_s12
coq3_momaccel::trend_t008__hold8_t35_s12,maker_optimistic,5,0.07797569999999987,0.6,0.015595139999999974,-0.012596399999999976,0.04474253011598314,2.2,2,0.021793099999999888,0.5,0.010896549999999944,coq3_momaccel,trend_t008,hold8_t35_s12
coq3_momaccel::trend_t009__hold12_t35_s12,maker_optimistic,5,0.07797569999999987,0.6,0.015595139999999974,-0.012596399999999976,0.04474253011598314,2.2,2,0.021793099999999888,0.5,0.010896549999999944,coq3_momaccel,trend_t009,hold12_t35_s12
coq3_momaccel::trend_t009__hold8_t35_s12,maker_optimistic,5,0.07797569999999987,0.6,0.015595139999999974,-0.012596399999999976,0.04474253011598314,2.2,2,0.021793099999999888,0.5,0.010896549999999944,coq3_momaccel,trend_t009,hold8_t35_s12
giga5_union::vwap_003__shared_default,maker_optimistic,24,0.07680370409287877,0.4583333333333333,0.0032001543372032824,-0.06284609010961664,0.013708801378508861,7.125,9,0.10434777883621948,0.5555555555555556,0.011594197648468831,giga5_union,vwap_003,shared_default
coq3_momaccel::base__hold8_t30_s10,maker_optimistic,8,0.07517600000000048,0.5,0.00939700000000006,-0.02108170359099985,0.033556846700434205,2.625,5,0.026991000000000317,0.4,0.005398200000000063,coq3_momaccel,base,hold8_t30_s10
giga5_union::trend_t008__vwap_003__score_43__hold8_t35_s12,maker_optimistic,5,0.07433152464423173,0.8,0.014866304928846347,0.0,0.025463186714085408,5.2,4,0.08692792464423166,1.0,0.021731981161057914,giga5_union,trend_t008,vwap_003__score_43__hold8_t35_s12
giga5_union::close_075__hold8_t30_s10,maker_optimistic,30,0.06969771579170328,0.43333333333333335,0.002323257193056776,-0.03515004431609284,0.010699728501625098,4.633333333333334,9,0.053685793656213385,0.5555555555555556,0.00596508818402371,giga5_union,close_075,hold8_t30_s10
coq3_momaccel::trend_t008__hold8_t30_s10,maker_optimistic,5,0.06697900000000023,0.6,0.013395800000000046,-0.010596999999999898,0.04474253011598314,2.2,2,0.01879400000000007,0.5,0.009397000000000036,coq3_momaccel,trend_t008,hold8_t30_s10
coq3_momaccel::trend_t009__hold8_t30_s10,maker_optimistic,5,0.06697900000000023,0.6,0.013395800000000046,-0.010596999999999898,0.04474253011598314,2.2,2,0.01879400000000007,0.5,0.009397000000000036,coq3_momaccel,trend_t009,hold8_t30_s10
giga5_union::trend_t008__vwap_003__score_43__hold12_t35_s12,maker_optimistic,5,0.06657799282192657,0.8,0.013315598564385314,0.0,0.028249622737135306,6.8,4,0.07917439282192648,1.0,0.01979359820548162,giga5_union,trend_t008,vwap_003__score_43__hold12_t35_s12
giga5_union::vwap_003__hold12_t35_s12,maker_optimistic,24,0.06649546631770524,0.4583333333333333,0.002770644429904385,-0.056469268033811554,0.013708801378508861,6.75,9,0.0873528788362197,0.5555555555555556,0.009705875426246633,giga5_union,vwap_003,hold12_t35_s12
giga5_union::trend_t008__vwap_003__score_43__hold8_t30_s10,maker_optimistic,5,0.06633392464423175,0.8,0.01326678492884635,0.0,0.020201607293174828,5.0,4,0.07693092464423183,1.0,0.019232731161057958,giga5_union,trend_t008,vwap_003__score_43__hold8_t30_s10
giga5_union::trend_t008__vwap_0025__hold12_t35_s12,maker_optimistic,7,0.06629942921968625,0.7142857142857143,0.00947134703138375,-0.012596399999999912,0.02420944959410335,7.714285714285714,3,0.0706412255838218,1.0,0.023547075194607265,giga5_union,trend_t008,vwap_0025__hold12_t35_s12
coq3_momaccel::score_43__hold12_t35_s12,maker_optimistic,6,0.06537930000000003,0.5,0.010896550000000005,-0.012596399999999912,0.03583605522575587,2.8333333333333335,4,0.04358619999999999,0.5,0.010896549999999998,coq3_momaccel,score_43,hold12_t35_s12
coq3_momaccel::score_43__hold8_t35_s12,maker_optimistic,6,0.06537930000000003,0.5,0.010896550000000005,-0.012596399999999912,0.03583605522575587,2.8333333333333335,4,0.04358619999999999,0.5,0.010896549999999998,coq3_momaccel,score_43,hold8_t35_s12
giga5_union::trend_t009__vwap_003__hold12_t35_s12,maker_optimistic,9,0.06271789349056396,0.6666666666666666,0.006968654832284885,-0.012596399999999912,0.021385311760046426,7.555555555555555,5,0.06705968985469951,0.8,0.013411937970939902,giga5_union,trend_t009,vwap_003__hold12_t35_s12
giga5_union::trend_t008__vwap_003__hold12_t35_s12,maker_optimistic,9,0.06223619645779112,0.6666666666666666,0.0069151329397545685,-0.012596399999999912,0.021553315830158546,7.555555555555555,5,0.06657799282192667,0.8,0.013315598564385333,giga5_union,trend_t008,vwap_003__hold12_t35_s12
giga5_union::trend_t009__vwap_003__hold8_t30_s10,maker_optimistic,9,0.05990444603200906,0.5555555555555556,0.006656049559112118,-0.010696649695468399,0.01617745569389599,5.0,5,0.04819670343687305,0.6,0.00963934068737461,giga5_union,trend_t009,vwap_003__hold8_t30_s10
coq3_momaccel::trend_t008__shared_default,maker_optimistic,5,0.059659590515070755,0.6,0.01193191810301415,-0.015595499999999986,0.04528720542306843,3.4,2,-0.01351790948492913,0.5,-0.006758954742464565,coq3_momaccel,trend_t008,shared_default
coq3_momaccel::trend_t009__shared_default,maker_optimistic,5,0.059659590515070755,0.6,0.01193191810301415,-0.015595499999999986,0.04528720542306843,3.4,2,-0.01351790948492913,0.5,-0.006758954742464565,coq3_momaccel,trend_t009,shared_default
coq3_momaccel::score_43__hold8_t30_s10,maker_optimistic,6,0.05638200000000042,0.5,0.00939700000000007,-0.010597000000000054,0.03583605522575587,2.8333333333333335,4,0.03758800000000034,0.5,0.009397000000000086,coq3_momaccel,score_43,hold8_t30_s10
coq3_momaccel::trend_t008__score_43__hold12_t35_s12,maker_optimistic,3,0.056182599999999944,0.6666666666666666,0.018727533333333313,0.0,0.056758069443659104,2.3333333333333335,1,0.03438949999999992,1.0,0.03438949999999992,coq3_momaccel,trend_t008,score_43__hold12_t35_s12
coq3_momaccel::trend_t008__score_43__hold8_t35_s12,maker_optimistic,3,0.056182599999999944,0.6666666666666666,0.018727533333333313,0.0,0.056758069443659104,2.3333333333333335,1,0.03438949999999992,1.0,0.03438949999999992,coq3_momaccel,trend_t008,score_43__hold8_t35_s12
coq3_momaccel::close_075__hold12_t35_s12,maker_optimistic,7,0.052782900000000015,0.42857142857142855,0.007540414285714288,-0.02503413070703982,0.03213731073676107,2.2857142857142856,4,-0.003399699999999964,0.25,-0.000849924999999991,coq3_momaccel,close_075,hold12_t35_s12
coq3_momaccel::close_075__hold8_t35_s12,maker_optimistic,7,0.052782900000000015,0.42857142857142855,0.007540414285714288,-0.02503413070703982,0.03213731073676107,2.2857142857142856,4,-0.003399699999999964,0.25,-0.000849924999999991,coq3_momaccel,close_075,hold8_t35_s12
giga5_union::vwap_0025__hold8_t35_s12,maker_optimistic,24,0.05027562347682967,0.4583333333333333,0.002094817644867903,-0.043507475079842275,0.012145759006929874,5.458333333333333,8,0.08784602030297606,0.625,0.010980752537872007,giga5_union,vwap_0025,hold8_t35_s12
giga5_union::trend_t008__vwap_003__close_075__hold8_t35_s12,maker_optimistic,8,0.04965036723936809,0.625,0.006206295904921011,-0.0125963999999999,0.016235394491024603,6.375,4,0.039942024644231924,0.75,0.009985506161057981,giga5_union,trend_t008,vwap_003__close_075__hold8_t35_s12
giga5_union::trend_t008__vwap_003__close_075__hold8_t30_s10,maker_optimistic,8,0.04865066723936777,0.625,0.006081333404920971,-0.01059700000000011,0.012946907352955495,6.125,4,0.03694292464423177,0.75,0.009235731161057942,giga5_union,trend_t008,vwap_003__close_075__hold8_t30_s10
giga5_union::vwap_0025__hold8_t30_s10,maker_optimistic,24,0.04827622347682946,0.4583333333333333,0.0020115093115345606,-0.03573668031907324,0.011049596627573507,5.416666666666667,8,0.07784902030297625,0.625,0.00973112753787203,giga5_union,vwap_0025,hold8_t30_s10
coq3_momaccel::trend_t008__score_43__hold8_t30_s10,maker_optimistic,3,0.04818500000000017,0.6666666666666666,0.016061666666666724,0.0,0.056758069443659104,2.3333333333333335,1,0.029391000000000094,1.0,0.029391000000000094,coq3_momaccel,trend_t008,score_43__hold8_t30_s10
coq3_momaccel::base__shared_default,maker_optimistic,8,0.04809475237518012,0.5,0.006011844046897515,-0.029733934862184147,0.03412468007081406,3.875,5,-0.025082747624819768,0.4,-0.005016549524963954,coq3_momaccel,base,shared_default
coq3_momaccel::close_075__shared_default,maker_optimistic,7,0.04673007051085707,0.42857142857142855,0.006675724358693867,-0.029733934862184192,0.032786263160052335,3.4285714285714284,4,-0.02644742948914281,0.25,-0.006611857372285703,coq3_momaccel,close_075,shared_default
coq3_momaccel::close_075__hold8_t30_s10,maker_optimistic,7,0.04578500000000038,0.42857142857142855,0.00654071428571434,-0.021081703590999947,0.03213731073676107,2.2857142857142856,4,-0.0023999999999997773,0.25,-0.0005999999999999443,coq3_momaccel,close_075,hold8_t30_s10
giga5_union::vwap_003__hold8_t35_s12,maker_optimistic,25,0.03767922347682986,0.44,0.0015071689390731943,-0.043507475079842275,0.011996931817635241,5.32,9,0.07524962030297626,0.5555555555555556,0.008361068922552917,giga5_union,vwap_003,hold8_t35_s12
giga5_union::vwap_003__hold8_t30_s10,maker_optimistic,25,0.0376792234768295,0.44,0.0015071689390731798,-0.03573668031907324,0.010944615933453125,5.24,9,0.06725202030297629,0.5555555555555556,0.0074724467003306995,giga5_union,vwap_003,hold8_t30_s10
giga5_union::trend_t008__vwap_003__close_075__shared_default,maker_optimistic,8,0.03477820461630304,0.625,0.00434727557703788,-0.015595499999999998,0.01797691700543079,8.375,4,0.03918639282192652,0.75,0.00979659820548163,giga5_union,trend_t008,vwap_003__close_075__shared_default
coq3_momaccel::trend_t008__score_43__shared_default,maker_optimistic,3,0.030155681864322974,0.6666666666666666,0.010051893954774325,0.0,0.057665861622134586,4.333333333333333,1,0.0013646818643230456,1.0,0.0013646818643230456,coq3_momaccel,trend_t008,score_43__shared_default
giga5_union::trend_t008__vwap_003__close_075__hold12_t35_s12,maker_optimistic,8,0.027846696457791226,0.625,0.003480837057223903,-0.012596399999999912,0.01797691700543079,8.375,4,0.032188492821926776,0.75,0.008047123205481694,giga5_union,trend_t008,vwap_003__close_075__hold12_t35_s12
giga5_union::score_43__hold8_t35_s12,maker_optimistic,21,0.027454981680931023,0.47619047619047616,0.0013073800800443344,-0.04767621725644228,0.015050961577746904,4.571428571428571,10,0.06938670872435151,0.6,0.006938670872435151,giga5_union,score_43,hold8_t35_s12
giga5_union::base__hold8_t35_s12,maker_optimistic,36,0.02655078842402995,0.4444444444444444,0.0007375219006674986,-0.05790733567331338,0.012619805611297889,5.166666666666667,12,0.05311067129053713,0.5,0.0044258892742114276,giga5_union,base,hold8_t35_s12
coq3_momaccel::vwap_003__hold12_t35_s12,maker_optimistic,2,0.02179309999999996,0.5,0.01089654999999998,-0.012596399999999853,0.019862239690240358,4.5,2,0.02179309999999996,0.5,0.01089654999999998,coq3_momaccel,vwap_003,hold12_t35_s12
coq3_momaccel::vwap_003__hold8_t35_s12,maker_optimistic,2,0.02179309999999996,0.5,0.01089654999999998,-0.012596399999999853,0.019862239690240358,4.5,2,0.02179309999999996,0.5,0.01089654999999998,coq3_momaccel,vwap_003,hold8_t35_s12
coq3_momaccel::vwap_0025__hold12_t35_s12,maker_optimistic,2,0.02179309999999996,0.5,0.01089654999999998,-0.012596399999999853,0.019862239690240358,4.5,2,0.02179309999999996,0.5,0.01089654999999998,coq3_momaccel,vwap_0025,hold12_t35_s12
coq3_momaccel::vwap_0025__hold8_t35_s12,maker_optimistic,2,0.02179309999999996,0.5,0.01089654999999998,-0.012596399999999853,0.019862239690240358,4.5,2,0.02179309999999996,0.5,0.01089654999999998,coq3_momaccel,vwap_0025,hold8_t35_s12
coq3_momaccel::vwap_003__hold8_t30_s10,maker_optimistic,2,0.018794000000000186,0.5,0.009397000000000093,-0.010596999999999893,0.019862239690240358,4.5,2,0.018794000000000186,0.5,0.009397000000000093,coq3_momaccel,vwap_003,hold8_t30_s10
coq3_momaccel::vwap_0025__hold8_t30_s10,maker_optimistic,2,0.018794000000000186,0.5,0.009397000000000093,-0.010596999999999893,0.019862239690240358,4.5,2,0.018794000000000186,0.5,0.009397000000000093,coq3_momaccel,vwap_0025,hold8_t30_s10
coq3_momaccel::score_43__shared_default,maker_optimistic,6,0.018590843724432343,0.5,0.003098473954072057,-0.015595499999999981,0.03659316638626235,4.5,4,-0.010200156275567591,0.5,-0.002550039068891898,coq3_momaccel,score_43,shared_default
giga5_union::close_075__hold12_t35_s12,maker_optimistic,30,0.017719215717750765,0.43333333333333335,0.0005906405239250255,-0.04098758038039189,0.012897116488263584,6.366666666666666,9,0.03845220317701788,0.5555555555555556,0.004272467019668653,giga5_union,close_075,hold12_t35_s12
giga5_union::close_075__shared_default,maker_optimistic,30,0.009033153492924455,0.43333333333333335,0.00030110511643081516,-0.04686855623112947,0.012897116488263584,6.7,9,0.03945190317701769,0.5555555555555556,0.00438354479744641,giga5_union,close_075,shared_default
coq3_momaccel::vwap_003__shared_default,maker_optimistic,2,0.0035108709913415827,0.5,0.0017554354956707914,-0.015595499999999967,0.02077188490404656,6.5,2,0.0035108709913415827,0.5,0.0017554354956707914,coq3_momaccel,vwap_003,shared_default
coq3_momaccel::vwap_0025__shared_default,maker_optimistic,2,0.0035108709913415827,0.5,0.0017554354956707914,-0.015595499999999967,0.02077188490404656,6.5,2,0.0035108709913415827,0.5,0.0017554354956707914,coq3_momaccel,vwap_0025,shared_default
coq3_momaccel::trend_t008__vwap_003__shared_default,maker_optimistic,0,0.0,0.0,0.0,0.0,0.0,0.0,0,0.0,0.0,0.0,coq3_momaccel,trend_t008,vwap_003__shared_default
coq3_momaccel::trend_t008__vwap_003__hold12_t35_s12,maker_optimistic,0,0.0,0.0,0.0,0.0,0.0,0.0,0,0.0,0.0,0.0,coq3_momaccel,trend_t008,vwap_003__hold12_t35_s12
coq3_momaccel::trend_t008__vwap_003__hold8_t35_s12,maker_optimistic,0,0.0,0.0,0.0,0.0,0.0,0.0,0,0.0,0.0,0.0,coq3_momaccel,trend_t008,vwap_003__hold8_t35_s12
coq3_momaccel::trend_t008__vwap_003__hold8_t30_s10,maker_optimistic,0,0.0,0.0,0.0,0.0,0.0,0.0,0,0.0,0.0,0.0,coq3_momaccel,trend_t008,vwap_003__hold8_t30_s10
coq3_momaccel::trend_t008__vwap_0025__shared_default,maker_optimistic,0,0.0,0.0,0.0,0.0,0.0,0.0,0,0.0,0.0,0.0,coq3_momaccel,trend_t008,vwap_0025__shared_default
coq3_momaccel::trend_t008__vwap_0025__hold12_t35_s12,maker_optimistic,0,0.0,0.0,0.0,0.0,0.0,0.0,0,0.0,0.0,0.0,coq3_momaccel,trend_t008,vwap_0025__hold12_t35_s12
coq3_momaccel::trend_t008__vwap_0025__hold8_t35_s12,maker_optimistic,0,0.0,0.0,0.0,0.0,0.0,0.0,0,0.0,0.0,0.0,coq3_momaccel,trend_t008,vwap_0025__hold8_t35_s12
coq3_momaccel::trend_t008__vwap_0025__hold8_t30_s10,maker_optimistic,0,0.0,0.0,0.0,0.0,0.0,0.0,0,0.0,0.0,0.0,coq3_momaccel,trend_t008,vwap_0025__hold8_t30_s10
coq3_momaccel::trend_t009__vwap_003__shared_default,maker_optimistic,0,0.0,0.0,0.0,0.0,0.0,0.0,0,0.0,0.0,0.0,coq3_momaccel,trend_t009,vwap_003__shared_default
coq3_momaccel::trend_t009__vwap_003__hold12_t35_s12,maker_optimistic,0,0.0,0.0,0.0,0.0,0.0,0.0,0,0.0,0.0,0.0,coq3_momaccel,trend_t009,vwap_003__hold12_t35_s12
coq3_momaccel::trend_t009__vwap_003__hold8_t35_s12,maker_optimistic,0,0.0,0.0,0.0,0.0,0.0,0.0,0,0.0,0.0,0.0,coq3_momaccel,trend_t009,vwap_003__hold8_t35_s12
coq3_momaccel::trend_t009__vwap_003__hold8_t30_s10,maker_optimistic,0,0.0,0.0,0.0,0.0,0.0,0.0,0,0.0,0.0,0.0,coq3_momaccel,trend_t009,vwap_003__hold8_t30_s10
coq3_momaccel::trend_t008__vwap_003__score_43__shared_default,maker_optimistic,0,0.0,0.0,0.0,0.0,0.0,0.0,0,0.0,0.0,0.0,coq3_momaccel,trend_t008,vwap_003__score_43__shared_default
coq3_momaccel::trend_t008__vwap_003__score_43__hold12_t35_s12,maker_optimistic,0,0.0,0.0,0.0,0.0,0.0,0.0,0,0.0,0.0,0.0,coq3_momaccel,trend_t008,vwap_003__score_43__hold12_t35_s12
coq3_momaccel::trend_t008__vwap_003__score_43__hold8_t35_s12,maker_optimistic,0,0.0,0.0,0.0,0.0,0.0,0.0,0,0.0,0.0,0.0,coq3_momaccel,trend_t008,vwap_003__score_43__hold8_t35_s12
coq3_momaccel::trend_t008__vwap_003__score_43__hold8_t30_s10,maker_optimistic,0,0.0,0.0,0.0,0.0,0.0,0.0,0,0.0,0.0,0.0,coq3_momaccel,trend_t008,vwap_003__score_43__hold8_t30_s10
coq3_momaccel::trend_t008__vwap_003__close_075__shared_default,maker_optimistic,0,0.0,0.0,0.0,0.0,0.0,0.0,0,0.0,0.0,0.0,coq3_momaccel,trend_t008,vwap_003__close_075__shared_default
coq3_momaccel::trend_t008__vwap_003__close_075__hold12_t35_s12,maker_optimistic,0,0.0,0.0,0.0,0.0,0.0,0.0,0,0.0,0.0,0.0,coq3_momaccel,trend_t008,vwap_003__close_075__hold12_t35_s12
coq3_momaccel::trend_t008__vwap_003__close_075__hold8_t35_s12,maker_optimistic,0,0.0,0.0,0.0,0.0,0.0,0.0,0,0.0,0.0,0.0,coq3_momaccel,trend_t008,vwap_003__close_075__hold8_t35_s12
coq3_momaccel::trend_t008__vwap_003__close_075__hold8_t30_s10,maker_optimistic,0,0.0,0.0,0.0,0.0,0.0,0.0,0,0.0,0.0,0.0,coq3_momaccel,trend_t008,vwap_003__close_075__hold8_t30_s10
giga5_union::close_075__hold8_t35_s12,maker_optimistic,30,-0.007969647825507653,0.43333333333333335,-0.00026565492751692176,-0.05262713663847736,0.011576658405110194,5.1,9,0.026348944643774436,0.5555555555555556,0.002927660515974937,giga5_union,close_075,hold8_t35_s12
baseline_tc15_tighter_volume_cap,taker_like,5,0.07655792414979742,0.8,0.015311584829959484,-0.02115350000000003,0.03350860520477432,8.0,2,0.053097385071346426,1.0,0.026548692535673213,baseline_tc15_tighter_volume_cap,baseline,baseline
giga5_union::trend_t008__vwap_003__score_43__shared_default,taker_like,5,0.049908130159957195,0.6,0.00998162603199144,-0.006534218041987991,0.025937690782530463,6.8,4,0.07088625257079607,0.75,0.01772156314269902,giga5_union,trend_t008,vwap_003__score_43__shared_default
coq3_momaccel::trend_t008__hold12_t35_s12,taker_like,5,0.049748899999999874,0.6,0.009949779999999974,-0.018162800000000097,0.04256218388993693,2.2,2,0.010528699999999953,0.5,0.005264349999999977,coq3_momaccel,trend_t008,hold12_t35_s12
coq3_momaccel::trend_t008__hold8_t35_s12,taker_like,5,0.049748899999999874,0.6,0.009949779999999974,-0.018162800000000097,0.04256218388993693,2.2,2,0.010528699999999953,0.5,0.005264349999999977,coq3_momaccel,trend_t008,hold8_t35_s12
coq3_momaccel::trend_t009__hold12_t35_s12,taker_like,5,0.049748899999999874,0.6,0.009949779999999974,-0.018162800000000097,0.04256218388993693,2.2,2,0.010528699999999953,0.5,0.005264349999999977,coq3_momaccel,trend_t009,hold12_t35_s12
coq3_momaccel::trend_t009__hold8_t35_s12,taker_like,5,0.049748899999999874,0.6,0.009949779999999974,-0.018162800000000097,0.04256218388993693,2.2,2,0.010528699999999953,0.5,0.005264349999999977,coq3_momaccel,trend_t009,hold8_t35_s12
coq3_momaccel::base__hold12_t35_s12,taker_like,8,0.042114799999999855,0.5,0.005264349999999982,-0.03599571269616001,0.031480682255064715,2.625,5,0.002894599999999928,0.4,0.0005789199999999856,coq3_momaccel,base,hold12_t35_s12
coq3_momaccel::base__hold8_t35_s12,taker_like,8,0.042114799999999855,0.5,0.005264349999999982,-0.03599571269616001,0.031480682255064715,2.625,5,0.002894599999999928,0.4,0.0005789199999999856,coq3_momaccel,base,hold8_t35_s12
coq3_momaccel::trend_t008__score_43__hold12_t35_s12,taker_like,3,0.03922019999999997,0.6666666666666666,0.01307339999999999,0.0,0.054738740103504546,2.3333333333333335,1,0.028691499999999932,1.0,0.028691499999999932,coq3_momaccel,trend_t008,score_43__hold12_t35_s12
coq3_momaccel::trend_t008__score_43__hold8_t35_s12,taker_like,3,0.03922019999999997,0.6666666666666666,0.01307339999999999,0.0,0.054738740103504546,2.3333333333333335,1,0.028691499999999932,1.0,0.028691499999999932,coq3_momaccel,trend_t008,score_43__hold8_t35_s12
coq3_momaccel::trend_t008__hold8_t30_s10,taker_like,5,0.038782999999999936,0.6,0.007756599999999987,-0.01616900000000018,0.04256218388993693,2.2,2,0.007537999999999864,0.5,0.003768999999999932,coq3_momaccel,trend_t008,hold8_t30_s10
coq3_momaccel::trend_t009__hold8_t30_s10,taker_like,5,0.038782999999999936,0.6,0.007756599999999987,-0.01616900000000018,0.04256218388993693,2.2,2,0.007537999999999864,0.5,0.003768999999999932,coq3_momaccel,trend_t009,hold8_t30_s10
giga5_union::trend_t008__vwap_0025__shared_default,taker_like,7,0.03285903361752594,0.2857142857142857,0.004694147659646563,-0.03248058262065244,0.02174928963112498,7.714285714285714,3,0.07078678195801189,0.6666666666666666,0.02359559398600396,giga5_union,trend_t008,vwap_0025__shared_default
coq3_momaccel::score_43__hold12_t35_s12,taker_like,6,0.031586099999999936,0.5,0.00526434999999999,-0.018162799999999972,0.03387512648355779,2.8333333333333335,4,0.02105739999999991,0.5,0.0052643499999999776,coq3_momaccel,score_43,hold12_t35_s12
coq3_momaccel::score_43__hold8_t35_s12,taker_like,6,0.031586099999999936,0.5,0.00526434999999999,-0.018162799999999972,0.03387512648355779,2.8333333333333335,4,0.02105739999999991,0.5,0.0052643499999999776,coq3_momaccel,score_43,hold8_t35_s12
coq3_momaccel::trend_t008__score_43__hold8_t30_s10,taker_like,3,0.03124499999999994,0.6666666666666666,0.01041499999999998,0.0,0.054738740103504546,2.3333333333333335,1,0.023707,1.0,0.023707,coq3_momaccel,trend_t008,score_43__hold8_t30_s10
coq3_momaccel::base__hold8_t30_s10,taker_like,8,0.03015200000000006,0.5,0.0037690000000000076,-0.032076563439000075,0.031480682255064715,2.625,5,-0.001093000000000014,0.4,-0.00021860000000000282,coq3_momaccel,base,hold8_t30_s10
coq3_momaccel::trend_t008__shared_default,taker_like,5,0.027985016706216177,0.4,0.005597003341243236,-0.028033795695678543,0.04256218388993693,2.6,2,-0.028182483293783527,0.0,-0.014091241646891763,coq3_momaccel,trend_t008,shared_default
coq3_momaccel::trend_t009__shared_default,taker_like,5,0.027985016706216177,0.4,0.005597003341243236,-0.028033795695678543,0.04256218388993693,2.6,2,-0.028182483293783527,0.0,-0.014091241646891763,coq3_momaccel,trend_t009,shared_default
giga5_union::trend_t008__score_43__shared_default,taker_like,11,0.024261347143867074,0.45454545454545453,0.0022055770130788247,-0.046380312815139504,0.02132102271904249,6.909090909090909,7,0.02323000545662996,0.42857142857142855,0.0033185722080899946,giga5_union,trend_t008,score_43__shared_default
giga5_union::trend_t008__vwap_003__score_43__hold8_t35_s12,taker_like,5,0.023220816251628015,0.6,0.004644163250325603,-0.018162799999999923,0.02209331503234674,4.4,4,0.041383616251627904,0.75,0.010345904062906976,giga5_union,trend_t008,vwap_003__score_43__hold8_t35_s12
coq3_momaccel::score_43__hold8_t30_s10,taker_like,6,0.02261400000000006,0.5,0.00376900000000001,-0.016168999999999975,0.03387512648355779,2.8333333333333335,4,0.01507600000000012,0.5,0.00376900000000003,coq3_momaccel,score_43,hold8_t30_s10
giga5_union::trend_t008__score_43__hold8_t30_s10,taker_like,12,0.02254017081383006,0.5833333333333334,0.0018783475678191717,-0.03207656343899999,0.016482711866906037,3.5833333333333335,8,0.008608416251627934,0.5,0.0010760520314534918,giga5_union,trend_t008,score_43__hold8_t30_s10
giga5_union::trend_t008__vwap_0025__hold8_t35_s12,taker_like,7,0.017369376162494135,0.5714285714285714,0.0024813394517848764,-0.031913382722853184,0.01927088435514746,5.428571428571429,3,0.05954641625162786,1.0,0.01984880541720929,giga5_union,trend_t008,vwap_0025__hold8_t35_s12
giga5_union::trend_t008__vwap_003__score_43__hold12_t35_s12,taker_like,5,0.014523181958012027,0.4,0.0029046363916024054,-0.024578338346534844,0.023287218721330053,5.2,4,0.032685981958011916,0.5,0.008171495489502979,giga5_union,trend_t008,vwap_003__score_43__hold12_t35_s12
coq3_momaccel::close_075__hold12_t35_s12,taker_like,7,0.013423299999999905,0.42857142857142855,0.0019176142857142721,-0.03599571269615979,0.03018065887673408,2.2857142857142856,4,-0.0257969,0.25,-0.006449225,coq3_momaccel,close_075,hold12_t35_s12
coq3_momaccel::close_075__hold8_t35_s12,taker_like,7,0.013423299999999905,0.42857142857142855,0.0019176142857142721,-0.03599571269615979,0.03018065887673408,2.2857142857142856,4,-0.0257969,0.25,-0.006449225,coq3_momaccel,close_075,hold8_t35_s12
giga5_union::trend_t009__vwap_003__shared_default,taker_like,9,0.012284011289125138,0.3333333333333333,0.0013648901432361264,-0.03248058262065244,0.018844420760328412,7.555555555555555,5,0.050211759629611066,0.6,0.010042351925922214,giga5_union,trend_t009,vwap_003__shared_default
giga5_union::trend_t008__vwap_003__shared_default,taker_like,9,0.011805004230310306,0.3333333333333333,0.001311667136701145,-0.03248058262065244,0.01901195587281285,7.555555555555555,5,0.049732752570796235,0.6,0.009946550514159247,giga5_union,trend_t008,vwap_003__shared_default
coq3_momaccel::vwap_003__hold12_t35_s12,taker_like,2,0.010528699999999943,0.5,0.0052643499999999715,-0.01816279999999995,0.01841112387812514,4.5,2,0.010528699999999943,0.5,0.0052643499999999715,coq3_momaccel,vwap_003,hold12_t35_s12
coq3_momaccel::vwap_003__hold8_t35_s12,taker_like,2,0.010528699999999943,0.5,0.0052643499999999715,-0.01816279999999995,0.01841112387812514,4.5,2,0.010528699999999943,0.5,0.0052643499999999715,coq3_momaccel,vwap_003,hold8_t35_s12
coq3_momaccel::vwap_0025__hold12_t35_s12,taker_like,2,0.010528699999999943,0.5,0.0052643499999999715,-0.01816279999999995,0.01841112387812514,4.5,2,0.010528699999999943,0.5,0.0052643499999999715,coq3_momaccel,vwap_0025,hold12_t35_s12
coq3_momaccel::vwap_0025__hold8_t35_s12,taker_like,2,0.010528699999999943,0.5,0.0052643499999999715,-0.01816279999999995,0.01841112387812514,4.5,2,0.010528699999999943,0.5,0.0052643499999999715,coq3_momaccel,vwap_0025,hold8_t35_s12
coq3_momaccel::trend_t008__score_43__shared_default,taker_like,3,0.010478016706216384,0.3333333333333333,0.0034926722354054612,-0.0070289832937834515,0.054738740103504546,3.0,1,-0.007028983293783493,0.0,-0.007028983293783493,coq3_momaccel,trend_t008,score_43__shared_default
coq3_momaccel::vwap_003__hold8_t30_s10,taker_like,2,0.0075380000000000655,0.5,0.0037690000000000327,-0.016168999999999878,0.01841112387812514,4.5,2,0.0075380000000000655,0.5,0.0037690000000000327,coq3_momaccel,vwap_003,hold8_t30_s10
coq3_momaccel::vwap_0025__hold8_t30_s10,taker_like,2,0.0075380000000000655,0.5,0.0037690000000000327,-0.016168999999999878,0.01841112387812514,4.5,2,0.0075380000000000655,0.5,0.0037690000000000327,coq3_momaccel,vwap_0025,hold8_t30_s10
coq3_momaccel::close_075__hold8_t30_s10,taker_like,7,0.006445000000000058,0.42857142857142855,0.000920714285714294,-0.03207656343900015,0.03018065887673408,2.2857142857142856,4,-0.02480000000000001,0.25,-0.006200000000000002,coq3_momaccel,close_075,hold8_t30_s10
coq3_momaccel::close_075__shared_default,taker_like,7,0.003320629695169469,0.42857142857142855,0.0004743756707384956,-0.05217332303738665,0.030439832042027486,2.857142857142857,4,-0.05284687030483024,0.25,-0.01321171757620756,coq3_momaccel,close_075,shared_default
giga5_union::trend_t008__vwap_0025__hold12_t35_s12,taker_like,7,0.001992662883538561,0.2857142857142857,0.0002846661262197944,-0.043093058252140305,0.020123672704421253,6.714285714285714,3,0.050848781958011874,0.6666666666666666,0.016949593986003958,giga5_union,trend_t008,vwap_0025__hold12_t35_s12
giga5_union::trend_t008__vwap_003__score_43__hold8_t30_s10,taker_like,6,0.0010704162516278135,0.5,0.00017840270860463558,-0.016169000000000135,0.01577383518099572,3.1666666666666665,5,0.017239416251627813,0.6,0.0034478832503255625,giga5_union,trend_t008,vwap_003__score_43__hold8_t30_s10
coq3_momaccel::trend_t008__vwap_003__shared_default,taker_like,0,0.0,0.0,0.0,0.0,0.0,0.0,0,0.0,0.0,0.0,coq3_momaccel,trend_t008,vwap_003__shared_default
coq3_momaccel::trend_t008__vwap_003__hold12_t35_s12,taker_like,0,0.0,0.0,0.0,0.0,0.0,0.0,0,0.0,0.0,0.0,coq3_momaccel,trend_t008,vwap_003__hold12_t35_s12
coq3_momaccel::trend_t008__vwap_003__hold8_t35_s12,taker_like,0,0.0,0.0,0.0,0.0,0.0,0.0,0,0.0,0.0,0.0,coq3_momaccel,trend_t008,vwap_003__hold8_t35_s12
coq3_momaccel::trend_t008__vwap_003__hold8_t30_s10,taker_like,0,0.0,0.0,0.0,0.0,0.0,0.0,0,0.0,0.0,0.0,coq3_momaccel,trend_t008,vwap_003__hold8_t30_s10
coq3_momaccel::trend_t008__vwap_0025__shared_default,taker_like,0,0.0,0.0,0.0,0.0,0.0,0.0,0,0.0,0.0,0.0,coq3_momaccel,trend_t008,vwap_0025__shared_default
coq3_momaccel::trend_t008__vwap_0025__hold12_t35_s12,taker_like,0,0.0,0.0,0.0,0.0,0.0,0.0,0,0.0,0.0,0.0,coq3_momaccel,trend_t008,vwap_0025__hold12_t35_s12
coq3_momaccel::trend_t008__vwap_0025__hold8_t35_s12,taker_like,0,0.0,0.0,0.0,0.0,0.0,0.0,0,0.0,0.0,0.0,coq3_momaccel,trend_t008,vwap_0025__hold8_t35_s12
coq3_momaccel::trend_t008__vwap_0025__hold8_t30_s10,taker_like,0,0.0,0.0,0.0,0.0,0.0,0.0,0,0.0,0.0,0.0,coq3_momaccel,trend_t008,vwap_0025__hold8_t30_s10
coq3_momaccel::trend_t009__vwap_003__shared_default,taker_like,0,0.0,0.0,0.0,0.0,0.0,0.0,0,0.0,0.0,0.0,coq3_momaccel,trend_t009,vwap_003__shared_default
coq3_momaccel::trend_t009__vwap_003__hold12_t35_s12,taker_like,0,0.0,0.0,0.0,0.0,0.0,0.0,0,0.0,0.0,0.0,coq3_momaccel,trend_t009,vwap_003__hold12_t35_s12
coq3_momaccel::trend_t009__vwap_003__hold8_t35_s12,taker_like,0,0.0,0.0,0.0,0.0,0.0,0.0,0,0.0,0.0,0.0,coq3_momaccel,trend_t009,vwap_003__hold8_t35_s12
coq3_momaccel::trend_t009__vwap_003__hold8_t30_s10,taker_like,0,0.0,0.0,0.0,0.0,0.0,0.0,0,0.0,0.0,0.0,coq3_momaccel,trend_t009,vwap_003__hold8_t30_s10
coq3_momaccel::trend_t008__vwap_003__score_43__shared_default,taker_like,0,0.0,0.0,0.0,0.0,0.0,0.0,0,0.0,0.0,0.0,coq3_momaccel,trend_t008,vwap_003__score_43__shared_default
coq3_momaccel::trend_t008__vwap_003__score_43__hold12_t35_s12,taker_like,0,0.0,0.0,0.0,0.0,0.0,0.0,0,0.0,0.0,0.0,coq3_momaccel,trend_t008,vwap_003__score_43__hold12_t35_s12
coq3_momaccel::trend_t008__vwap_003__score_43__hold8_t35_s12,taker_like,0,0.0,0.0,0.0,0.0,0.0,0.0,0,0.0,0.0,0.0,coq3_momaccel,trend_t008,vwap_003__score_43__hold8_t35_s12
coq3_momaccel::trend_t008__vwap_003__score_43__hold8_t30_s10,taker_like,0,0.0,0.0,0.0,0.0,0.0,0.0,0,0.0,0.0,0.0,coq3_momaccel,trend_t008,vwap_003__score_43__hold8_t30_s10
coq3_momaccel::trend_t008__vwap_003__close_075__shared_default,taker_like,0,0.0,0.0,0.0,0.0,0.0,0.0,0,0.0,0.0,0.0,coq3_momaccel,trend_t008,vwap_003__close_075__shared_default
coq3_momaccel::trend_t008__vwap_003__close_075__hold12_t35_s12,taker_like,0,0.0,0.0,0.0,0.0,0.0,0.0,0,0.0,0.0,0.0,coq3_momaccel,trend_t008,vwap_003__close_075__hold12_t35_s12
coq3_momaccel::trend_t008__vwap_003__close_075__hold8_t35_s12,taker_like,0,0.0,0.0,0.0,0.0,0.0,0.0,0,0.0,0.0,0.0,coq3_momaccel,trend_t008,vwap_003__close_075__hold8_t35_s12
coq3_momaccel::trend_t008__vwap_003__close_075__hold8_t30_s10,taker_like,0,0.0,0.0,0.0,0.0,0.0,0.0,0,0.0,0.0,0.0,coq3_momaccel,trend_t008,vwap_003__close_075__hold8_t30_s10
coq3_momaccel::base__shared_default,taker_like,8,-0.003708353598614024,0.375,-0.000463544199826753,-0.058835580915159294,0.03170745877469645,3.375,5,-0.05987585359861373,0.2,-0.011975170719722745,coq3_momaccel,base,shared_default
giga5_union::trend_t008__score_43__hold8_t35_s12,taker_like,11,-0.004586400479533126,0.5454545454545454,-0.00041694549813937507,-0.052148371193925465,0.019419646043511984,4.909090909090909,7,-0.00029123086253817626,0.42857142857142855,-4.160440893402518e-05,giga5_union,trend_t008,score_43__hold8_t35_s12
giga5_union::trend_t008__vwap_0025__hold8_t30_s10,taker_like,8,-0.0047810238375062195,0.5,-0.0005976279796882774,-0.02797763679626649,0.014884078301284102,4.375,4,0.0334084162516278,0.75,0.00835210406290695,giga5_union,trend_t008,vwap_0025__hold8_t30_s10
giga5_union::trend_t008__score_43__hold12_t35_s12,taker_like,11,-0.005142201058078062,0.36363636363636365,-0.000467472823461642,-0.05823299679489863,0.02011626269122412,6.090909090909091,7,-0.008988865156154172,0.2857142857142857,-0.0012841235937363102,giga5_union,trend_t008,score_43__hold12_t35_s12
giga5_union::trend_t008__shared_default,taker_like,16,-0.009840443867422829,0.375,-0.0006150277417139268,-0.04717523847024415,0.018586976530341213,7.75,8,0.002076505456630205,0.375,0.00025956318207877565,giga5_union,trend_t008,shared_default
coq3_momaccel::vwap_003__shared_default,taker_like,2,-0.010539870304830255,0.5,-0.005269935152415127,-0.021153499999999905,0.019318229956652052,6.5,2,-0.010539870304830255,0.5,-0.005269935152415127,coq3_momaccel,vwap_003,shared_default
coq3_momaccel::vwap_0025__shared_default,taker_like,2,-0.010539870304830255,0.5,-0.005269935152415127,-0.021153499999999905,0.019318229956652052,6.5,2,-0.010539870304830255,0.5,-0.005269935152415127,coq3_momaccel,vwap_0025,shared_default
giga5_union::trend_t008__hold8_t30_s10,taker_like,17,-0.010866629985404561,0.5294117647058824,-0.0006392135285532095,-0.03405174988742516,0.014663152852466962,4.352941176470588,9,-0.007560583748372096,0.4444444444444444,-0.0008400648609302329,giga5_union,trend_t008,hold8_t30_s10
giga5_union::trend_t009__hold8_t30_s10,taker_like,17,-0.011328654565911866,0.5294117647058824,-0.0006663914450536392,-0.034051749887425126,0.014484197032737985,4.294117647058823,9,-0.007560583748372207,0.4444444444444444,-0.0008400648609302452,giga5_union,trend_t009,hold8_t30_s10
giga5_union::trend_t008__vwap_003__hold8_t35_s12,taker_like,9,-0.018956223837505736,0.4444444444444444,-0.002106247093056193,-0.0474402117162473,0.01561182284638566,4.777777777777778,5,0.02322081625162799,0.6,0.0046441632503255986,giga5_union,trend_t008,vwap_003__hold8_t35_s12
giga5_union::trend_t009__vwap_003__hold8_t35_s12,taker_like,9,-0.018956223837505757,0.4444444444444444,-0.002106247093056195,-0.04744021171624741,0.01561182284638566,4.666666666666667,5,0.02322081625162797,0.6,0.004644163250325594,giga5_union,trend_t009,vwap_003__hold8_t35_s12
coq3_momaccel::score_43__shared_default,taker_like,6,-0.021215353598613818,0.3333333333333333,-0.0035358922664356363,-0.03849641482618488,0.03417749517640009,3.8333333333333335,4,-0.038722353598613694,0.25,-0.009680588399653424,coq3_momaccel,score_43,shared_default
giga5_union::trend_t009__shared_default,taker_like,16,-0.021633317072064423,0.375,-0.0013520823170040264,-0.05825191093678005,0.01830228383719581,7.75,8,0.0025555125154450437,0.375,0.00031943906443063046,giga5_union,trend_t009,shared_default
giga5_union::trend_t008__vwap_003__close_075__shared_default,taker_like,8,-0.026855495769689652,0.25,-0.0033569369712112065,-0.03248058262065244,0.015484308723489467,8.375,4,0.01107225257079629,0.5,0.0027680631426990725,giga5_union,trend_t008,vwap_003__close_075__shared_default
giga5_union::trend_t008__vwap_003__hold12_t35_s12,taker_like,9,-0.03433293711646132,0.2222222222222222,-0.0038147707907179246,-0.06047316765371831,0.016275102673598614,5.777777777777778,5,0.014523181958012003,0.4,0.0029046363916024006,giga5_union,trend_t008,vwap_003__hold12_t35_s12
giga5_union::trend_t009__vwap_003__hold12_t35_s12,taker_like,9,-0.03433293711646135,0.2222222222222222,-0.0038147707907179276,-0.06047316765371842,0.016275102673598614,5.666666666666667,5,0.014523181958011975,0.4,0.002904636391602395,giga5_union,trend_t009,vwap_003__hold12_t35_s12
giga5_union::trend_t008__vwap_003__hold8_t30_s10,taker_like,10,-0.03711902383750623,0.4,-0.0037119023837506233,-0.0416253790212841,0.012468284154171156,4.0,6,0.0010704162516277822,0.5,0.00017840270860463038,giga5_union,trend_t008,vwap_003__hold8_t30_s10
giga5_union::trend_t009__vwap_003__hold8_t30_s10,taker_like,10,-0.03711902383750634,0.4,-0.003711902383750634,-0.041625379021284215,0.012468284154171156,3.9,6,0.0010704162516276781,0.5,0.00017840270860461303,giga5_union,trend_t009,vwap_003__hold8_t30_s10
giga5_union::trend_t008__hold8_t35_s12,taker_like,16,-0.04198080127876756,0.5,-0.0026238000799229727,-0.052280761800908855,0.01656857266048111,5.3125,8,-0.018454030862538218,0.375,-0.002306753857817277,giga5_union,trend_t008,hold8_t35_s12
giga5_union::trend_t009__hold8_t35_s12,taker_like,16,-0.042442825859274794,0.5,-0.0026526766162046746,-0.052716606758603235,0.016378432102019072,5.25,8,-0.01845403086253824,0.375,-0.00230675385781728,giga5_union,trend_t009,hold8_t35_s12
giga5_union::trend_t008__vwap_003__close_075__hold8_t35_s12,taker_like,8,-0.04764772383750561,0.375,-0.005955965479688201,-0.0474402117162473,0.011659159068758878,5.25,4,-0.005470683748371886,0.5,-0.0013676709370929714,giga5_union,trend_t008,vwap_003__close_075__hold8_t35_s12
giga5_union::trend_t008__hold12_t35_s12,taker_like,16,-0.04999698521419461,0.3125,-0.003124811575887163,-0.05901804219825943,0.017047496605783204,6.6875,8,-0.027151665156154213,0.25,-0.0033939581445192766,giga5_union,trend_t008,hold12_t35_s12
giga5_union::score_43__shared_default,taker_like,20,-0.0538927147612097,0.35,-0.002694635738060485,-0.07810870410122385,0.01512665135821816,5.85,10,0.01693994004875682,0.4,0.0016939940048756818,giga5_union,score_43,shared_default
giga5_union::trend_t008__vwap_003__close_075__hold8_t30_s10,taker_like,9,-0.06082602383750607,0.3333333333333333,-0.00675844709305623,-0.057121338267889024,0.008605523163812405,4.333333333333333,5,-0.022636583748372057,0.4,-0.004527316749674411,giga5_union,trend_t008,vwap_003__close_075__hold8_t30_s10
giga5_union::trend_t009__hold12_t35_s12,taker_like,16,-0.062268865477651064,0.3125,-0.0038918040923531915,-0.07040228060097663,0.016857042413410298,6.625,8,-0.027151665156154227,0.25,-0.0033939581445192784,giga5_union,trend_t009,hold12_t35_s12
giga5_union::trend_t008__vwap_003__close_075__hold12_t35_s12,taker_like,8,-0.06302443711646119,0.125,-0.007878054639557649,-0.06047316765371831,0.012405348874373447,6.375,4,-0.014168318041987874,0.25,-0.0035420795104969685,giga5_union,trend_t008,vwap_003__close_075__hold12_t35_s12
giga5_union::score_43__hold12_t35_s12,taker_like,20,-0.07222727901198461,0.3,-0.0036113639505992307,-0.08203215879123979,0.014464033342918056,5.35,10,-0.016172746612857305,0.3,-0.0016172746612857305,giga5_union,score_43,hold12_t35_s12
giga5_union::vwap_0025__shared_default,taker_like,23,-0.08932087133244103,0.2608695652173913,-0.0038835161448887404,-0.14386427918042166,0.011940983345726753,6.956521739130435,8,0.058000946872226455,0.5,0.007250118359028307,giga5_union,vwap_0025,shared_default
giga5_union::vwap_003__shared_default,taker_like,24,-0.11047437133244087,0.25,-0.00460309880551837,-0.14386427918042166,0.011677201336798088,6.75,9,0.036847446872226616,0.4444444444444444,0.004094160763580735,giga5_union,vwap_003,shared_default
giga5_union::score_43__hold8_t30_s10,taker_like,22,-0.11123093681659783,0.3181818181818182,-0.0050559516734817195,-0.10191444160567195,0.01111785009089305,3.272727272727273,11,-0.017235515835093904,0.45454545454545453,-0.0015668650759176276,giga5_union,score_43,hold8_t30_s10
giga5_union::vwap_0025__hold12_t35_s12,taker_like,23,-0.1121089581152584,0.2608695652173913,-0.004874302526750365,-0.14624723372310755,0.011446230368034315,6.608695652173913,8,0.03716913082339646,0.5,0.004646141352924557,giga5_union,vwap_0025,hold12_t35_s12
giga5_union::vwap_003__hold12_t35_s12,taker_like,24,-0.13027175811525832,0.25,-0.005427989921469097,-0.14624723372310755,0.0112030630665095,6.375,9,0.019006330823396547,0.4444444444444444,0.0021118145359329495,giga5_union,vwap_003,hold12_t35_s12
giga5_union::score_43__hold8_t35_s12,taker_like,21,-0.14196866723066734,0.2857142857142857,-0.006760412725269873,-0.1433433940660416,0.013013567198214731,4.285714285714286,10,-0.021771122069966488,0.4,-0.0021771122069966487,giga5_union,score_43,hold8_t35_s12
giga5_union::vwap_0025__hold8_t35_s12,taker_like,24,-0.15644292350916,0.2916666666666667,-0.006518455146215,-0.1790634931912759,0.009644383688291519,5.25,8,0.025133461351425357,0.625,0.0031416826689281696,giga5_union,vwap_0025,hold8_t35_s12
giga5_union::vwap_003__hold8_t35_s12,taker_like,25,-0.17460572350915993,0.28,-0.006984228940366397,-0.1790634931912759,0.009483016946017409,5.08,9,0.0069706613514254456,0.5555555555555556,0.0007745179279361606,giga5_union,vwap_003,hold8_t35_s12
giga5_union::vwap_0025__hold8_t30_s10,taker_like,25,-0.17687008937851384,0.28,-0.007074803575140553,-0.1689183602513972,0.008110919974245368,4.4,9,-0.006991473053963675,0.5555555555555556,-0.0007768303393292972,giga5_union,vwap_0025,hold8_t30_s10
giga5_union::base__shared_default,taker_like,35,-0.18921052033123759,0.2571428571428571,-0.005406014866606788,-0.18624640728255998,0.011777955117241636,6.514285714285714,12,-0.010808800241939422,0.3333333333333333,-0.0009007333534949519,giga5_union,base,shared_default
giga5_union::vwap_003__hold8_t30_s10,taker_like,26,-0.19303908937851386,0.2692307692307692,-0.007424580360712071,-0.16927646679397076,0.008014739018752805,4.269230769230769,10,-0.023160473053963706,0.5,-0.0023160473053963704,giga5_union,vwap_003,hold8_t30_s10
giga5_union::base__hold12_t35_s12,taker_like,35,-0.197045107114055,0.2571428571428571,-0.005629860203258715,-0.18105054836150697,0.01145283173190089,6.228571428571429,12,-0.022668516290769658,0.3333333333333333,-0.0018890430242308048,giga5_union,base,hold12_t35_s12
giga5_union::close_075__hold8_t30_s10,taker_like,31,-0.2107594401471894,0.2903225806451613,-0.00679869161765127,-0.1843199386222436,0.008347555725957296,4.161290322580645,10,-0.023160473053963453,0.5,-0.0023160473053963453,giga5_union,close_075,hold8_t30_s10
giga5_union::close_075__shared_default,taker_like,30,-0.2228677869286712,0.2,-0.007428926230955707,-0.19371361998180459,0.010849342562254363,6.366666666666666,9,-0.025112034647328196,0.3333333333333333,-0.0027902260719253552,giga5_union,close_075,shared_default
giga5_union::close_075__hold12_t35_s12,taker_like,30,-0.22372407371148859,0.2,-0.007457469123716286,-0.19389813302040593,0.010470031946023493,6.033333333333333,9,-0.027002750696158363,0.3333333333333333,-0.0030003056329064846,giga5_union,close_075,hold12_t35_s12
giga5_union::base__hold8_t30_s10,taker_like,37,-0.2320900895287901,0.2972972972972973,-0.006272705122399733,-0.20208170709214254,0.009153064514907614,4.1891891891891895,13,-0.031791473053963584,0.46153846153846156,-0.002445497927227968,giga5_union,base,hold8_t30_s10
giga5_union::close_075__hold8_t35_s12,taker_like,30,-0.2565620799765877,0.26666666666666666,-0.008552069332552923,-0.22073014061202573,0.009153259719347853,4.866666666666666,9,-0.03903842016812946,0.4444444444444444,-0.004337602240903273,giga5_union,close_075,hold8_t35_s12
giga5_union::base__hold8_t35_s12,taker_like,36,-0.2669212949527996,0.2777777777777778,-0.007414480415355544,-0.23704144259692134,0.010204322117067888,4.972222222222222,12,-0.03470418576274076,0.4166666666666667,-0.0028920154802283965,giga5_union,base,hold8_t35_s12
