cost_model,branch,mask,exit,trades_full,net_full,net_recent,win_full,max_dd
maker_mid,giga5_union,trend_t008,score_43__hold8_t30_s10,11.0,0.10889911537153839,0.07385465229309436,0.7272727272727273,-0.011990000000000145
maker_mid,giga5_union,trend_t008,hold8_t30_s10,16.0,0.10281151337615209,0.06186465229309448,0.625,-0.023836239899999914
maker_mid,giga5_union,trend_t009,hold8_t35_s12,16.0,0.08832818181922639,0.042788573442219154,0.6875,-0.027780335855999837
maker_mid,giga5_union,trend_t008,score_43__shared_default,11.0,0.0853953843549319,0.059072105599759686,0.5454545454545454,-0.016985000000000104
maker_mid,giga5_union,trend_t009,hold8_t30_s10,16.0,0.08492731273524384,0.04444442082560501,0.5625,-0.02383623990000025
maker_mid,giga5_union,trend_t008,hold8_t35_s12,16.0,0.0848443676178338,0.038840790067407795,0.6875,-0.027780335855999753
maker_mid,giga5_union,trend_t008,shared_default,16.0,0.08069519221162423,0.04208710559975963,0.5625,-0.03368150977500006
maker_mid,giga5_union,trend_t008,vwap_003__score_43__shared_default,5.0,0.07734745068572785,0.09209196782544612,0.6,-0.00023982052033618423
maker_mid,giga5_union,trend_t008,vwap_0025__hold8_t35_s12,7.0,0.07641163618131686,0.07442442082560471,0.7142857142857143,-0.013988000000000134
maker_mid,coq3_momaccel,base,hold12_t35_s12,8.0,0.07590799999999956,0.023965999999999776,0.5,-0.027780335855999972
maker_mid,coq3_momaccel,base,hold8_t35_s12,8.0,0.07590799999999956,0.023965999999999776,0.5,-0.027780335855999972
maker_mid,giga5_union,trend_t008,vwap_0025__shared_default,7.0,0.07287039517731733,0.08567017947966371,0.5714285714285714,-0.014980801622281869
maker_mid,giga5_union,trend_t008,score_43__hold12_t35_s12,11.0,0.07216590149465013,0.045086105599759736,0.5454545454545454,-0.014993923365685577
maker_mid,giga5_union,trend_t009,vwap_003__hold8_t35_s12,9.0,0.07180165102361755,0.0698144356679054,0.6666666666666666,-0.013988000000000134
maker_mid,giga5_union,trend_t008,score_43__hold8_t35_s12,11.0,0.07173248447707609,0.05282879006740764,0.7272727272727273,-0.013988000000000092
maker_mid,coq3_momaccel,trend_t008,hold12_t35_s12,5.0,0.07091899999999982,0.018977000000000032,0.6,-0.013988000000000075
maker_mid,coq3_momaccel,trend_t008,hold8_t35_s12,5.0,0.07091899999999982,0.018977000000000032,0.6,-0.013988000000000075
maker_mid,coq3_momaccel,trend_t009,hold12_t35_s12,5.0,0.07091899999999982,0.018977000000000032,0.6,-0.013988000000000075
maker_mid,coq3_momaccel,trend_t009,hold8_t35_s12,5.0,0.07091899999999982,0.018977000000000032,0.6,-0.013988000000000075
maker_mid,giga5_union,trend_t008,hold12_t35_s12,16.0,0.0704627093513427,0.031098105599759895,0.5625,-0.02778033585599995
maker_mid,giga5_union,trend_t009,shared_default,16.0,0.06885268455330357,0.04256812872821747,0.5625,-0.03368150977500013
maker_mid,giga5_union,trend_t008,vwap_003__hold8_t35_s12,9.0,0.06785386764880619,0.06586665229309405,0.6666666666666666,-0.013988000000000134
maker_mid,giga5_union,trend_t008,vwap_003__score_43__hold8_t35_s12,5.0,0.06586665229309394,0.07985465229309405,0.8,0.0
maker_mid,coq3_momaccel,base,hold8_t30_s10,8.0,0.06392000000000024,0.019970000000000168,0.5,-0.02383623989999992
maker_mid,giga5_union,trend_t009,vwap_003__shared_default,9.0,0.0627882066515576,0.07558799095390396,0.5555555555555556,-0.016984999999999993
maker_mid,giga5_union,score_43,hold8_t30_s10,21.0,0.062338014986814065,0.07214763062622905,0.47619047619047616,-0.028554053114933413
maker_mid,giga5_union,trend_t008,vwap_003__shared_default,9.0,0.06230718352309976,0.07510696782544612,0.5555555555555556,-0.016984999999999962
maker_mid,coq3_momaccel,trend_t008,hold8_t30_s10,5.0,0.059930000000000205,0.01598000000000013,0.6,-0.011990000000000008
maker_mid,coq3_momaccel,trend_t009,hold8_t30_s10,5.0,0.059930000000000205,0.01598000000000013,0.6,-0.011990000000000008
maker_mid,giga5_union,trend_t009,hold12_t35_s12,16.0,0.058620201693022025,0.031579128728217734,0.5625,-0.027780335855999906
maker_mid,giga5_union,trend_t008,vwap_003__score_43__hold12_t35_s12,5.0,0.05812396782544604,0.07211196782544615,0.6,-0.00023982052033622833
maker_mid,giga5_union,trend_t008,vwap_003__score_43__hold8_t30_s10,5.0,0.0578746522930943,0.06986465229309433,0.8,0.0
maker_mid,giga5_union,score_43,shared_default,20.0,0.05723758847504671,0.07172126346764532,0.4,-0.032467160588218864
maker_mid,coq3_momaccel,score_43,hold12_t35_s12,6.0,0.056930999999999676,0.03795399999999974,0.5,-0.013988000000000018
maker_mid,coq3_momaccel,score_43,hold8_t35_s12,6.0,0.056930999999999676,0.03795399999999974,0.5,-0.013988000000000018
maker_mid,giga5_union,score_43,hold12_t35_s12,20.0,0.05431052389032609,0.05773526346764539,0.4,-0.028772188365646472
maker_mid,giga5_union,trend_t008,vwap_0025__hold12_t35_s12,7.0,0.05364691231703554,0.06569017947966371,0.5714285714285714,-0.014224465910897913
maker_mid,coq3_momaccel,trend_t008,score_43__hold12_t35_s12,3.0,0.05194199999999994,0.032964999999999994,0.6666666666666666,0.0
maker_mid,coq3_momaccel,trend_t008,score_43__hold8_t35_s12,3.0,0.05194199999999994,0.032964999999999994,0.6666666666666666,0.0
maker_mid,coq3_momaccel,trend_t008,shared_default,5.0,0.05122712073320597,-0.017697879266793736,0.4,-0.01768538448252424
maker_mid,coq3_momaccel,trend_t009,shared_default,5.0,0.05122712073320597,-0.017697879266793736,0.4,-0.01768538448252424
maker_mid,coq3_momaccel,score_43,hold8_t30_s10,6.0,0.04794000000000022,0.03196000000000018,0.5,-0.011989999999999959
maker_mid,giga5_union,trend_t008,vwap_0025__hold8_t30_s10,7.0,0.04722215104517324,0.06443442082560501,0.5714285714285714,-0.013513810019212188
maker_mid,giga5_union,vwap_0025,shared_default,23.0,0.04681911867551668,0.10444002609069561,0.391304347826087,-0.08109235046062982
maker_mid,giga5_union,trend_t009,vwap_003__hold12_t35_s12,9.0,0.04656172379127581,0.058604990953903986,0.5555555555555556,-0.014224465910897913
maker_mid,giga5_union,trend_t008,vwap_003__hold12_t35_s12,9.0,0.04608070066281797,0.05812396782544616,0.5555555555555556,-0.014224465910897913
maker_mid,coq3_momaccel,trend_t008,score_43__hold8_t30_s10,3.0,0.043950000000000176,0.027970000000000144,0.6666666666666666,0.0
maker_mid,coq3_momaccel,close_075,hold12_t35_s12,7.0,0.042942999999999565,-0.008999000000000222,0.42857142857142855,-0.02778033585599988
maker_mid,coq3_momaccel,close_075,hold8_t35_s12,7.0,0.042942999999999565,-0.008999000000000222,0.42857142857142855,-0.02778033585599988
maker_mid,giga5_union,trend_t008,vwap_003__hold8_t30_s10,9.0,0.04066238251266259,0.05787465229309434,0.5555555555555556,-0.013513810019212188
maker_mid,coq3_momaccel,close_075,hold8_t30_s10,7.0,0.0359500000000001,-0.007999999999999976,0.42857142857142855,-0.02383623989999987
maker_mid,coq3_momaccel,close_075,shared_default,7.0,0.03497398886269858,-0.03395101113730114,0.42857142857142855,-0.033941464806982624
maker_mid,giga5_union,vwap_0025,hold12_t35_s12,23.0,0.03490105409079593,0.08446002609069563,0.391304347826087,-0.07353861185019711
maker_mid,giga5_union,trend_t008,vwap_003__close_075__hold8_t35_s12,8.0,0.03488886764880615,0.03290165229309401,0.625,-0.013988000000000134
maker_mid,coq3_momaccel,base,shared_default,8.0,0.03423732069702754,-0.03468767930297217,0.375,-0.034653129376033986
maker_mid,giga5_union,vwap_003,shared_default,24.0,0.029834118675516677,0.0874550260906956,0.375,-0.08109235046062982
maker_mid,coq3_momaccel,trend_t008,score_43__shared_default,3.0,0.02523333183432879,-0.000736668165671028,0.3333333333333333,-0.0007366681656710418
maker_mid,giga5_union,trend_t009,vwap_003__hold8_t30_s10,9.0,0.02324215104517312,0.04045442082560488,0.4444444444444444,-0.017062622350485425
maker_mid,giga5_union,vwap_003,hold12_t35_s12,24.0,0.020913054090795916,0.07047202609069562,0.375,-0.07353861185019711
maker_mid,giga5_union,trend_t008,vwap_003__close_075__shared_default,8.0,0.01935218352309979,0.03215196782544616,0.5,-0.016985000000000087
maker_mid,coq3_momaccel,vwap_0025,hold12_t35_s12,2.0,0.018976999999999775,0.018976999999999775,0.5,-0.013988000000000075
maker_mid,coq3_momaccel,vwap_0025,hold8_t35_s12,2.0,0.018976999999999775,0.018976999999999775,0.5,-0.013988000000000075
maker_mid,coq3_momaccel,vwap_003,hold12_t35_s12,2.0,0.018976999999999775,0.018976999999999775,0.5,-0.013988000000000075
maker_mid,coq3_momaccel,vwap_003,hold8_t35_s12,2.0,0.018976999999999775,0.018976999999999775,0.5,-0.013988000000000075
maker_mid,coq3_momaccel,vwap_0025,hold8_t30_s10,2.0,0.01597999999999998,0.01597999999999998,0.5,-0.011989999999999976
maker_mid,coq3_momaccel,vwap_003,hold8_t30_s10,2.0,0.01597999999999998,0.01597999999999998,0.5,-0.011989999999999976
maker_mid,giga5_union,base,hold12_t35_s12,35.0,0.015116937626429223,0.04344616386500939,0.37142857142857144,-0.04704407933933676
maker_mid,giga5_union,base,hold8_t30_s10,36.0,0.014122425773890173,0.05438370027157901,0.3888888888888889,-0.04915705769677705
maker_mid,giga5_union,trend_t008,vwap_003__close_075__hold12_t35_s12,8.0,0.013115700662817937,0.02515896782544612,0.5,-0.014224465910897913
maker_mid,giga5_union,trend_t008,vwap_003__close_075__hold8_t30_s10,8.0,0.012692382512662411,0.029904652293094174,0.5,-0.013513810019212188
maker_mid,giga5_union,base,shared_default,35.0,0.012050002211149826,0.05443516386500912,0.37142857142857144,-0.053555043208901136
maker_mid,coq3_momaccel,score_43,shared_default,6.0,0.008243531798150364,-0.017726468201849456,0.3333333333333333,-0.017997172110297336
maker_mid,giga5_union,vwap_0025,hold8_t35_s12,24.0,0.00402568497055536,0.07237370027157856,0.4166666666666667,-0.06321520127413015
maker_mid,coq3_momaccel,trend_t008,vwap_0025__hold12_t35_s12,0.0,0.0,0.0,0.0,0.0
maker_mid,coq3_momaccel,trend_t008,vwap_0025__hold8_t30_s10,0.0,0.0,0.0,0.0,0.0
maker_mid,coq3_momaccel,trend_t008,vwap_0025__hold8_t35_s12,0.0,0.0,0.0,0.0,0.0
maker_mid,coq3_momaccel,trend_t008,vwap_0025__shared_default,0.0,0.0,0.0,0.0,0.0
maker_mid,coq3_momaccel,trend_t008,vwap_003__close_075__hold12_t35_s12,0.0,0.0,0.0,0.0,0.0
maker_mid,coq3_momaccel,trend_t008,vwap_003__close_075__hold8_t30_s10,0.0,0.0,0.0,0.0,0.0
maker_mid,coq3_momaccel,trend_t008,vwap_003__close_075__hold8_t35_s12,0.0,0.0,0.0,0.0,0.0
maker_mid,coq3_momaccel,trend_t008,vwap_003__close_075__shared_default,0.0,0.0,0.0,0.0,0.0
maker_mid,coq3_momaccel,trend_t008,vwap_003__hold12_t35_s12,0.0,0.0,0.0,0.0,0.0
maker_mid,coq3_momaccel,trend_t008,vwap_003__hold8_t30_s10,0.0,0.0,0.0,0.0,0.0
maker_mid,coq3_momaccel,trend_t008,vwap_003__hold8_t35_s12,0.0,0.0,0.0,0.0,0.0
maker_mid,coq3_momaccel,trend_t008,vwap_003__score_43__hold12_t35_s12,0.0,0.0,0.0,0.0,0.0
maker_mid,coq3_momaccel,trend_t008,vwap_003__score_43__hold8_t30_s10,0.0,0.0,0.0,0.0,0.0
maker_mid,coq3_momaccel,trend_t008,vwap_003__score_43__hold8_t35_s12,0.0,0.0,0.0,0.0,0.0
maker_mid,coq3_momaccel,trend_t008,vwap_003__score_43__shared_default,0.0,0.0,0.0,0.0,0.0
maker_mid,coq3_momaccel,trend_t008,vwap_003__shared_default,0.0,0.0,0.0,0.0,0.0
maker_mid,coq3_momaccel,trend_t009,vwap_003__hold12_t35_s12,0.0,0.0,0.0,0.0,0.0
maker_mid,coq3_momaccel,trend_t009,vwap_003__hold8_t30_s10,0.0,0.0,0.0,0.0,0.0
maker_mid,coq3_momaccel,trend_t009,vwap_003__hold8_t35_s12,0.0,0.0,0.0,0.0,0.0
maker_mid,coq3_momaccel,trend_t009,vwap_003__shared_default,0.0,0.0,0.0,0.0,0.0
maker_mid,coq3_momaccel,vwap_0025,shared_default,2.0,-4.800036178427558e-06,-4.800036178427558e-06,0.5,-0.016984999999999983
maker_mid,coq3_momaccel,vwap_003,shared_default,2.0,-4.800036178427558e-06,-4.800036178427558e-06,0.5,-0.016984999999999983
maker_mid,giga5_union,close_075,hold8_t30_s10,30.0,-0.006169341418567679,0.03822968383143968,0.36666666666666664,-0.04398283651213888
maker_mid,giga5_union,vwap_003,hold8_t35_s12,25.0,-0.009962315029444635,0.05838570027157857,0.4,-0.06321520127413015
maker_mid,giga5_union,score_43,hold8_t35_s12,21.0,-0.010394053286595444,0.051121768400542306,0.47619047619047616,-0.05898411930806706
maker_mid,giga5_union,vwap_0025,hold8_t30_s10,24.0,-0.019169800165588217,0.06238370027157886,0.375,-0.07543537797341819
maker_mid,giga5_union,vwap_003,hold8_t30_s10,25.0,-0.0311598001655882,0.05039370027157888,0.36,-0.07543537797341819
maker_mid,giga5_union,close_075,hold12_t35_s12,30.0,-0.039044000274833346,0.02229714742487019,0.3333333333333333,-0.05598145648748268
maker_mid,giga5_union,base,hold8_t35_s12,36.0,-0.04140815736337542,0.03135983804589233,0.4166666666666667,-0.0870962874547904
maker_mid,giga5_union,close_075,shared_default,30.0,-0.04910393569011269,0.023296147424869986,0.3333333333333333,-0.06652430961603492
maker_mid,giga5_union,close_075,hold8_t35_s12,30.0,-0.06469692455583329,0.010210821605753134,0.4,-0.07560998857593036
maker_optimistic,giga5_union,trend_t008,hold8_t30_s10,16.0,0.1521682387693648,0.07453092464423186,0.6875,-0.02108170359099967
maker_optimistic,giga5_union,trend_t009,hold8_t30_s10,16.0,0.13356639837654102,0.05639370343687304,0.625,-0.02108170359100005
maker_optimistic,giga5_union,trend_t008,score_43__hold8_t30_s10,11.0,0.12721786085161788,0.08512792464423184,0.7272727272727273,-0.010596999999999981
maker_optimistic,giga5_union,trend_t009,hold8_t35_s12,16.0,0.1178771698254539,0.056145889776526924,0.6875,-0.025034130707039942
maker_optimistic,giga5_union,trend_t008,hold8_t35_s12,16.0,0.11438847486618467,0.05219257563179271,0.6875,-0.025034130707039883
maker_optimistic,giga5_union,trend_t008,shared_default,16.0,0.11091697632668564,0.05543574380948742,0.6875,-0.03094778037975014
maker_optimistic,giga5_union,trend_t008,score_43__shared_default,11.0,0.10580092933357685,0.07103124380948742,0.7272727272727273,-0.015595500000000059
maker_optimistic,giga5_union,base,hold8_t30_s10,36.0,0.1012190520412411,0.07544902030297629,0.4444444444444444,-0.0351500443160927
maker_optimistic,giga5_union,trend_t008,hold12_t35_s12,16.0,0.09998666816817371,0.04443904380948756,0.6875,-0.025034130707039973
maker_optimistic,giga5_union,trend_t009,shared_default,16.0,0.09905787753887527,0.055917440842260246,0.6875,-0.03094778037974992
maker_optimistic,giga5_union,score_43,hold8_t30_s10,21.0,0.09812444529814228,0.08972565773679066,0.47619047619047616,-0.021708937225093514
maker_optimistic,giga5_union,score_43,shared_default,20.0,0.09445786443501555,0.09000526917309508,0.5,-0.028060809271324094
maker_optimistic,giga5_union,vwap_0025,shared_default,23.0,0.09239920409287877,0.11994327883621947,0.4782608695652174,-0.06284609010961664
maker_optimistic,giga5_union,trend_t008,score_43__hold12_t35_s12,11.0,0.09187152117506489,0.057035443809487545,0.7272727272727273,-0.012596400000000042
maker_optimistic,giga5_union,trend_t008,score_43__hold8_t35_s12,11.0,0.09143749694843775,0.0647889756317927,0.7272727272727273,-0.012596400000000021
maker_optimistic,giga5_union,score_43,hold12_t35_s12,20.0,0.09014782665984172,0.07600946917309521,0.5,-0.025034130707039928
maker_optimistic,giga5_union,trend_t008,vwap_0025__hold8_t35_s12,7.0,0.0890960460320091,0.07938770343687293,0.7142857142857143,-0.012596399999999865
maker_optimistic,giga5_union,trend_t009,hold12_t35_s12,16.0,0.08812756938036331,0.044920740842260394,0.6875,-0.025034130707039918
maker_optimistic,giga5_union,trend_t009,vwap_003__hold8_t35_s12,9.0,0.0879931813841022,0.07828483878896605,0.6666666666666666,-0.012596399999999898
maker_optimistic,coq3_momaccel,base,hold12_t35_s12,8.0,0.08717239999999994,0.030989799999999956,0.5,-0.02503413070703989
maker_optimistic,coq3_momaccel,base,hold8_t35_s12,8.0,0.08717239999999994,0.030989799999999956,0.5,-0.02503413070703989
maker_optimistic,giga5_union,trend_t008,vwap_003__score_43__shared_default,5.0,0.08650560098043861,0.09916839282192644,0.8,0.0
maker_optimistic,giga5_union,trend_t008,vwap_0025__shared_default,7.0,0.08622703737819828,0.09063522558382175,0.7142857142857143,-0.012662791841487832
maker_optimistic,giga5_union,trend_t008,vwap_003__hold8_t35_s12,9.0,0.08403986723936799,0.07433152464423184,0.6666666666666666,-0.012596399999999926
maker_optimistic,giga5_union,trend_t008,vwap_0025__hold8_t30_s10,7.0,0.08109844603200912,0.06939070343687312,0.7142857142857143,-0.01059700000000011
maker_optimistic,giga5_union,base,hold12_t35_s12,35.0,0.08105269191581392,0.06521392982378059,0.45714285714285713,-0.040987580380391936
maker_optimistic,giga5_union,trend_t009,vwap_003__shared_default,9.0,0.07964640164907584,0.08405458985469931,0.6666666666666666,-0.015595500000000045
maker_optimistic,giga5_union,base,shared_default,35.0,0.07936452969098774,0.07621062982378045,0.45714285714285713,-0.04686855623112935
maker_optimistic,giga5_union,trend_t008,vwap_003__shared_default,9.0,0.079164704616303,0.08357289282192647,0.6666666666666666,-0.015595499999999991
maker_optimistic,giga5_union,vwap_0025,hold12_t35_s12,23.0,0.07909186631770507,0.09994927883621951,0.4782608695652174,-0.056469268033811554
maker_optimistic,giga5_union,trend_t008,vwap_003__hold8_t30_s10,9.0,0.07804166723936787,0.06633392464423186,0.6666666666666666,-0.01059700000000011
maker_optimistic,coq3_momaccel,trend_t008,hold12_t35_s12,5.0,0.07797569999999987,0.021793099999999888,0.6,-0.012596399999999976
maker_optimistic,coq3_momaccel,trend_t008,hold8_t35_s12,5.0,0.07797569999999987,0.021793099999999888,0.6,-0.012596399999999976
maker_optimistic,coq3_momaccel,trend_t009,hold12_t35_s12,5.0,0.07797569999999987,0.021793099999999888,0.6,-0.012596399999999976
maker_optimistic,coq3_momaccel,trend_t009,hold8_t35_s12,5.0,0.07797569999999987,0.021793099999999888,0.6,-0.012596399999999976
maker_optimistic,giga5_union,vwap_003,shared_default,24.0,0.07680370409287877,0.10434777883621948,0.4583333333333333,-0.06284609010961664
maker_optimistic,coq3_momaccel,base,hold8_t30_s10,8.0,0.07517600000000048,0.026991000000000317,0.5,-0.02108170359099985
maker_optimistic,giga5_union,trend_t008,vwap_003__score_43__hold8_t35_s12,5.0,0.07433152464423173,0.08692792464423166,0.8,0.0
maker_optimistic,giga5_union,close_075,hold8_t30_s10,30.0,0.06969771579170328,0.053685793656213385,0.43333333333333335,-0.03515004431609284
maker_optimistic,coq3_momaccel,trend_t008,hold8_t30_s10,5.0,0.06697900000000023,0.01879400000000007,0.6,-0.010596999999999898
maker_optimistic,coq3_momaccel,trend_t009,hold8_t30_s10,5.0,0.06697900000000023,0.01879400000000007,0.6,-0.010596999999999898
maker_optimistic,giga5_union,trend_t008,vwap_003__score_43__hold12_t35_s12,5.0,0.06657799282192657,0.07917439282192648,0.8,0.0
maker_optimistic,giga5_union,vwap_003,hold12_t35_s12,24.0,0.06649546631770524,0.0873528788362197,0.4583333333333333,-0.056469268033811554
maker_optimistic,giga5_union,trend_t008,vwap_003__score_43__hold8_t30_s10,5.0,0.06633392464423175,0.07693092464423183,0.8,0.0
maker_optimistic,giga5_union,trend_t008,vwap_0025__hold12_t35_s12,7.0,0.06629942921968625,0.0706412255838218,0.7142857142857143,-0.012596399999999912
maker_optimistic,coq3_momaccel,score_43,hold12_t35_s12,6.0,0.06537930000000003,0.04358619999999999,0.5,-0.012596399999999912
maker_optimistic,coq3_momaccel,score_43,hold8_t35_s12,6.0,0.06537930000000003,0.04358619999999999,0.5,-0.012596399999999912
maker_optimistic,giga5_union,trend_t009,vwap_003__hold12_t35_s12,9.0,0.06271789349056396,0.06705968985469951,0.6666666666666666,-0.012596399999999912
maker_optimistic,giga5_union,trend_t008,vwap_003__hold12_t35_s12,9.0,0.06223619645779112,0.06657799282192667,0.6666666666666666,-0.012596399999999912
maker_optimistic,giga5_union,trend_t009,vwap_003__hold8_t30_s10,9.0,0.05990444603200906,0.04819670343687305,0.5555555555555556,-0.010696649695468399
maker_optimistic,coq3_momaccel,trend_t008,shared_default,5.0,0.059659590515070755,-0.01351790948492913,0.6,-0.015595499999999986
maker_optimistic,coq3_momaccel,trend_t009,shared_default,5.0,0.059659590515070755,-0.01351790948492913,0.6,-0.015595499999999986
maker_optimistic,coq3_momaccel,score_43,hold8_t30_s10,6.0,0.05638200000000042,0.03758800000000034,0.5,-0.010597000000000054
maker_optimistic,coq3_momaccel,trend_t008,score_43__hold12_t35_s12,3.0,0.056182599999999944,0.03438949999999992,0.6666666666666666,0.0
maker_optimistic,coq3_momaccel,trend_t008,score_43__hold8_t35_s12,3.0,0.056182599999999944,0.03438949999999992,0.6666666666666666,0.0
maker_optimistic,coq3_momaccel,close_075,hold12_t35_s12,7.0,0.052782900000000015,-0.003399699999999964,0.42857142857142855,-0.02503413070703982
maker_optimistic,coq3_momaccel,close_075,hold8_t35_s12,7.0,0.052782900000000015,-0.003399699999999964,0.42857142857142855,-0.02503413070703982
maker_optimistic,giga5_union,vwap_0025,hold8_t35_s12,24.0,0.05027562347682967,0.08784602030297606,0.4583333333333333,-0.043507475079842275
maker_optimistic,giga5_union,trend_t008,vwap_003__close_075__hold8_t35_s12,8.0,0.04965036723936809,0.039942024644231924,0.625,-0.0125963999999999
maker_optimistic,giga5_union,trend_t008,vwap_003__close_075__hold8_t30_s10,8.0,0.04865066723936777,0.03694292464423177,0.625,-0.01059700000000011
maker_optimistic,giga5_union,vwap_0025,hold8_t30_s10,24.0,0.04827622347682946,0.07784902030297625,0.4583333333333333,-0.03573668031907324
maker_optimistic,coq3_momaccel,trend_t008,score_43__hold8_t30_s10,3.0,0.04818500000000017,0.029391000000000094,0.6666666666666666,0.0
maker_optimistic,coq3_momaccel,base,shared_default,8.0,0.04809475237518012,-0.025082747624819768,0.5,-0.029733934862184147
maker_optimistic,coq3_momaccel,close_075,shared_default,7.0,0.04673007051085707,-0.02644742948914281,0.42857142857142855,-0.029733934862184192
maker_optimistic,coq3_momaccel,close_075,hold8_t30_s10,7.0,0.04578500000000038,-0.0023999999999997773,0.42857142857142855,-0.021081703590999947
maker_optimistic,giga5_union,vwap_003,hold8_t35_s12,25.0,0.03767922347682986,0.07524962030297626,0.44,-0.043507475079842275
maker_optimistic,giga5_union,vwap_003,hold8_t30_s10,25.0,0.0376792234768295,0.06725202030297629,0.44,-0.03573668031907324
maker_optimistic,giga5_union,trend_t008,vwap_003__close_075__shared_default,8.0,0.03477820461630304,0.03918639282192652,0.625,-0.015595499999999998
maker_optimistic,coq3_momaccel,trend_t008,score_43__shared_default,3.0,0.030155681864322974,0.0013646818643230456,0.6666666666666666,0.0
maker_optimistic,giga5_union,trend_t008,vwap_003__close_075__hold12_t35_s12,8.0,0.027846696457791226,0.032188492821926776,0.625,-0.012596399999999912
maker_optimistic,giga5_union,score_43,hold8_t35_s12,21.0,0.027454981680931023,0.06938670872435151,0.47619047619047616,-0.04767621725644228
maker_optimistic,giga5_union,base,hold8_t35_s12,36.0,0.02655078842402995,0.05311067129053713,0.4444444444444444,-0.05790733567331338
maker_optimistic,coq3_momaccel,vwap_0025,hold12_t35_s12,2.0,0.02179309999999996,0.02179309999999996,0.5,-0.012596399999999853
maker_optimistic,coq3_momaccel,vwap_0025,hold8_t35_s12,2.0,0.02179309999999996,0.02179309999999996,0.5,-0.012596399999999853
maker_optimistic,coq3_momaccel,vwap_003,hold12_t35_s12,2.0,0.02179309999999996,0.02179309999999996,0.5,-0.012596399999999853
maker_optimistic,coq3_momaccel,vwap_003,hold8_t35_s12,2.0,0.02179309999999996,0.02179309999999996,0.5,-0.012596399999999853
maker_optimistic,coq3_momaccel,vwap_0025,hold8_t30_s10,2.0,0.018794000000000186,0.018794000000000186,0.5,-0.010596999999999893
maker_optimistic,coq3_momaccel,vwap_003,hold8_t30_s10,2.0,0.018794000000000186,0.018794000000000186,0.5,-0.010596999999999893
maker_optimistic,coq3_momaccel,score_43,shared_default,6.0,0.018590843724432343,-0.010200156275567591,0.5,-0.015595499999999981
maker_optimistic,giga5_union,close_075,hold12_t35_s12,30.0,0.017719215717750765,0.03845220317701788,0.43333333333333335,-0.04098758038039189
maker_optimistic,giga5_union,close_075,shared_default,30.0,0.009033153492924455,0.03945190317701769,0.43333333333333335,-0.04686855623112947
maker_optimistic,coq3_momaccel,vwap_0025,shared_default,2.0,0.0035108709913415827,0.0035108709913415827,0.5,-0.015595499999999967
maker_optimistic,coq3_momaccel,vwap_003,shared_default,2.0,0.0035108709913415827,0.0035108709913415827,0.5,-0.015595499999999967
maker_optimistic,coq3_momaccel,trend_t008,vwap_0025__hold12_t35_s12,0.0,0.0,0.0,0.0,0.0
maker_optimistic,coq3_momaccel,trend_t008,vwap_0025__hold8_t30_s10,0.0,0.0,0.0,0.0,0.0
maker_optimistic,coq3_momaccel,trend_t008,vwap_0025__hold8_t35_s12,0.0,0.0,0.0,0.0,0.0
maker_optimistic,coq3_momaccel,trend_t008,vwap_0025__shared_default,0.0,0.0,0.0,0.0,0.0
maker_optimistic,coq3_momaccel,trend_t008,vwap_003__close_075__hold12_t35_s12,0.0,0.0,0.0,0.0,0.0
maker_optimistic,coq3_momaccel,trend_t008,vwap_003__close_075__hold8_t30_s10,0.0,0.0,0.0,0.0,0.0
maker_optimistic,coq3_momaccel,trend_t008,vwap_003__close_075__hold8_t35_s12,0.0,0.0,0.0,0.0,0.0
maker_optimistic,coq3_momaccel,trend_t008,vwap_003__close_075__shared_default,0.0,0.0,0.0,0.0,0.0
maker_optimistic,coq3_momaccel,trend_t008,vwap_003__hold12_t35_s12,0.0,0.0,0.0,0.0,0.0
maker_optimistic,coq3_momaccel,trend_t008,vwap_003__hold8_t30_s10,0.0,0.0,0.0,0.0,0.0
maker_optimistic,coq3_momaccel,trend_t008,vwap_003__hold8_t35_s12,0.0,0.0,0.0,0.0,0.0
maker_optimistic,coq3_momaccel,trend_t008,vwap_003__score_43__hold12_t35_s12,0.0,0.0,0.0,0.0,0.0
maker_optimistic,coq3_momaccel,trend_t008,vwap_003__score_43__hold8_t30_s10,0.0,0.0,0.0,0.0,0.0
maker_optimistic,coq3_momaccel,trend_t008,vwap_003__score_43__hold8_t35_s12,0.0,0.0,0.0,0.0,0.0
maker_optimistic,coq3_momaccel,trend_t008,vwap_003__score_43__shared_default,0.0,0.0,0.0,0.0,0.0
maker_optimistic,coq3_momaccel,trend_t008,vwap_003__shared_default,0.0,0.0,0.0,0.0,0.0
maker_optimistic,coq3_momaccel,trend_t009,vwap_003__hold12_t35_s12,0.0,0.0,0.0,0.0,0.0
maker_optimistic,coq3_momaccel,trend_t009,vwap_003__hold8_t30_s10,0.0,0.0,0.0,0.0,0.0
maker_optimistic,coq3_momaccel,trend_t009,vwap_003__hold8_t35_s12,0.0,0.0,0.0,0.0,0.0
maker_optimistic,coq3_momaccel,trend_t009,vwap_003__shared_default,0.0,0.0,0.0,0.0,0.0
maker_optimistic,giga5_union,close_075,hold8_t35_s12,30.0,-0.007969647825507653,0.026348944643774436,0.43333333333333335,-0.05262713663847736
taker_like,giga5_union,trend_t008,vwap_003__score_43__shared_default,5.0,0.049908130159957195,0.07088625257079607,0.6,-0.006534218041987991
taker_like,coq3_momaccel,trend_t008,hold12_t35_s12,5.0,0.049748899999999874,0.010528699999999953,0.6,-0.018162800000000097
taker_like,coq3_momaccel,trend_t008,hold8_t35_s12,5.0,0.049748899999999874,0.010528699999999953,0.6,-0.018162800000000097
taker_like,coq3_momaccel,trend_t009,hold12_t35_s12,5.0,0.049748899999999874,0.010528699999999953,0.6,-0.018162800000000097
taker_like,coq3_momaccel,trend_t009,hold8_t35_s12,5.0,0.049748899999999874,0.010528699999999953,0.6,-0.018162800000000097
taker_like,coq3_momaccel,base,hold12_t35_s12,8.0,0.042114799999999855,0.002894599999999928,0.5,-0.03599571269616001
taker_like,coq3_momaccel,base,hold8_t35_s12,8.0,0.042114799999999855,0.002894599999999928,0.5,-0.03599571269616001
taker_like,coq3_momaccel,trend_t008,score_43__hold12_t35_s12,3.0,0.03922019999999997,0.028691499999999932,0.6666666666666666,0.0
taker_like,coq3_momaccel,trend_t008,score_43__hold8_t35_s12,3.0,0.03922019999999997,0.028691499999999932,0.6666666666666666,0.0
taker_like,coq3_momaccel,trend_t008,hold8_t30_s10,5.0,0.038782999999999936,0.007537999999999864,0.6,-0.01616900000000018
taker_like,coq3_momaccel,trend_t009,hold8_t30_s10,5.0,0.038782999999999936,0.007537999999999864,0.6,-0.01616900000000018
taker_like,giga5_union,trend_t008,vwap_0025__shared_default,7.0,0.03285903361752594,0.07078678195801189,0.2857142857142857,-0.03248058262065244
taker_like,coq3_momaccel,score_43,hold12_t35_s12,6.0,0.031586099999999936,0.02105739999999991,0.5,-0.018162799999999972
taker_like,coq3_momaccel,score_43,hold8_t35_s12,6.0,0.031586099999999936,0.02105739999999991,0.5,-0.018162799999999972
taker_like,coq3_momaccel,trend_t008,score_43__hold8_t30_s10,3.0,0.03124499999999994,0.023707,0.6666666666666666,0.0
taker_like,coq3_momaccel,base,hold8_t30_s10,8.0,0.03015200000000006,-0.001093000000000014,0.5,-0.032076563439000075
taker_like,coq3_momaccel,trend_t008,shared_default,5.0,0.027985016706216177,-0.028182483293783527,0.4,-0.028033795695678543
taker_like,coq3_momaccel,trend_t009,shared_default,5.0,0.027985016706216177,-0.028182483293783527,0.4,-0.028033795695678543
taker_like,giga5_union,trend_t008,score_43__shared_default,11.0,0.024261347143867074,0.02323000545662996,0.45454545454545453,-0.046380312815139504
taker_like,giga5_union,trend_t008,vwap_003__score_43__hold8_t35_s12,5.0,0.023220816251628015,0.041383616251627904,0.6,-0.018162799999999923
taker_like,coq3_momaccel,score_43,hold8_t30_s10,6.0,0.02261400000000006,0.01507600000000012,0.5,-0.016168999999999975
taker_like,giga5_union,trend_t008,score_43__hold8_t30_s10,12.0,0.02254017081383006,0.008608416251627934,0.5833333333333334,-0.03207656343899999
taker_like,giga5_union,trend_t008,vwap_0025__hold8_t35_s12,7.0,0.017369376162494135,0.05954641625162786,0.5714285714285714,-0.031913382722853184
taker_like,giga5_union,trend_t008,vwap_003__score_43__hold12_t35_s12,5.0,0.014523181958012027,0.032685981958011916,0.4,-0.024578338346534844
taker_like,coq3_momaccel,close_075,hold12_t35_s12,7.0,0.013423299999999905,-0.0257969,0.42857142857142855,-0.03599571269615979
taker_like,coq3_momaccel,close_075,hold8_t35_s12,7.0,0.013423299999999905,-0.0257969,0.42857142857142855,-0.03599571269615979
taker_like,giga5_union,trend_t009,vwap_003__shared_default,9.0,0.012284011289125138,0.050211759629611066,0.3333333333333333,-0.03248058262065244
taker_like,giga5_union,trend_t008,vwap_003__shared_default,9.0,0.011805004230310306,0.049732752570796235,0.3333333333333333,-0.03248058262065244
taker_like,coq3_momaccel,vwap_0025,hold12_t35_s12,2.0,0.010528699999999943,0.010528699999999943,0.5,-0.01816279999999995
taker_like,coq3_momaccel,vwap_0025,hold8_t35_s12,2.0,0.010528699999999943,0.010528699999999943,0.5,-0.01816279999999995
taker_like,coq3_momaccel,vwap_003,hold12_t35_s12,2.0,0.010528699999999943,0.010528699999999943,0.5,-0.01816279999999995
taker_like,coq3_momaccel,vwap_003,hold8_t35_s12,2.0,0.010528699999999943,0.010528699999999943,0.5,-0.01816279999999995
taker_like,coq3_momaccel,trend_t008,score_43__shared_default,3.0,0.010478016706216384,-0.007028983293783493,0.3333333333333333,-0.0070289832937834515
taker_like,coq3_momaccel,vwap_0025,hold8_t30_s10,2.0,0.0075380000000000655,0.0075380000000000655,0.5,-0.016168999999999878
taker_like,coq3_momaccel,vwap_003,hold8_t30_s10,2.0,0.0075380000000000655,0.0075380000000000655,0.5,-0.016168999999999878
taker_like,coq3_momaccel,close_075,hold8_t30_s10,7.0,0.006445000000000058,-0.02480000000000001,0.42857142857142855,-0.03207656343900015
taker_like,coq3_momaccel,close_075,shared_default,7.0,0.003320629695169469,-0.05284687030483024,0.42857142857142855,-0.05217332303738665
taker_like,giga5_union,trend_t008,vwap_0025__hold12_t35_s12,7.0,0.001992662883538561,0.050848781958011874,0.2857142857142857,-0.043093058252140305
taker_like,giga5_union,trend_t008,vwap_003__score_43__hold8_t30_s10,6.0,0.0010704162516278135,0.017239416251627813,0.5,-0.016169000000000135
taker_like,coq3_momaccel,trend_t008,vwap_0025__hold12_t35_s12,0.0,0.0,0.0,0.0,0.0
taker_like,coq3_momaccel,trend_t008,vwap_0025__hold8_t30_s10,0.0,0.0,0.0,0.0,0.0
taker_like,coq3_momaccel,trend_t008,vwap_0025__hold8_t35_s12,0.0,0.0,0.0,0.0,0.0
taker_like,coq3_momaccel,trend_t008,vwap_0025__shared_default,0.0,0.0,0.0,0.0,0.0
taker_like,coq3_momaccel,trend_t008,vwap_003__close_075__hold12_t35_s12,0.0,0.0,0.0,0.0,0.0
taker_like,coq3_momaccel,trend_t008,vwap_003__close_075__hold8_t30_s10,0.0,0.0,0.0,0.0,0.0
taker_like,coq3_momaccel,trend_t008,vwap_003__close_075__hold8_t35_s12,0.0,0.0,0.0,0.0,0.0
taker_like,coq3_momaccel,trend_t008,vwap_003__close_075__shared_default,0.0,0.0,0.0,0.0,0.0
taker_like,coq3_momaccel,trend_t008,vwap_003__hold12_t35_s12,0.0,0.0,0.0,0.0,0.0
taker_like,coq3_momaccel,trend_t008,vwap_003__hold8_t30_s10,0.0,0.0,0.0,0.0,0.0
taker_like,coq3_momaccel,trend_t008,vwap_003__hold8_t35_s12,0.0,0.0,0.0,0.0,0.0
taker_like,coq3_momaccel,trend_t008,vwap_003__score_43__hold12_t35_s12,0.0,0.0,0.0,0.0,0.0
taker_like,coq3_momaccel,trend_t008,vwap_003__score_43__hold8_t30_s10,0.0,0.0,0.0,0.0,0.0
taker_like,coq3_momaccel,trend_t008,vwap_003__score_43__hold8_t35_s12,0.0,0.0,0.0,0.0,0.0
taker_like,coq3_momaccel,trend_t008,vwap_003__score_43__shared_default,0.0,0.0,0.0,0.0,0.0
taker_like,coq3_momaccel,trend_t008,vwap_003__shared_default,0.0,0.0,0.0,0.0,0.0
taker_like,coq3_momaccel,trend_t009,vwap_003__hold12_t35_s12,0.0,0.0,0.0,0.0,0.0
taker_like,coq3_momaccel,trend_t009,vwap_003__hold8_t30_s10,0.0,0.0,0.0,0.0,0.0
taker_like,coq3_momaccel,trend_t009,vwap_003__hold8_t35_s12,0.0,0.0,0.0,0.0,0.0
taker_like,coq3_momaccel,trend_t009,vwap_003__shared_default,0.0,0.0,0.0,0.0,0.0
taker_like,coq3_momaccel,base,shared_default,8.0,-0.003708353598614024,-0.05987585359861373,0.375,-0.058835580915159294
taker_like,giga5_union,trend_t008,score_43__hold8_t35_s12,11.0,-0.004586400479533126,-0.00029123086253817626,0.5454545454545454,-0.052148371193925465
taker_like,giga5_union,trend_t008,vwap_0025__hold8_t30_s10,8.0,-0.0047810238375062195,0.0334084162516278,0.5,-0.02797763679626649
taker_like,giga5_union,trend_t008,score_43__hold12_t35_s12,11.0,-0.005142201058078062,-0.008988865156154172,0.36363636363636365,-0.05823299679489863
taker_like,giga5_union,trend_t008,shared_default,16.0,-0.009840443867422829,0.002076505456630205,0.375,-0.04717523847024415
taker_like,coq3_momaccel,vwap_0025,shared_default,2.0,-0.010539870304830255,-0.010539870304830255,0.5,-0.021153499999999905
taker_like,coq3_momaccel,vwap_003,shared_default,2.0,-0.010539870304830255,-0.010539870304830255,0.5,-0.021153499999999905
taker_like,giga5_union,trend_t008,hold8_t30_s10,17.0,-0.010866629985404561,-0.007560583748372096,0.5294117647058824,-0.03405174988742516
taker_like,giga5_union,trend_t009,hold8_t30_s10,17.0,-0.011328654565911866,-0.007560583748372207,0.5294117647058824,-0.034051749887425126
taker_like,giga5_union,trend_t008,vwap_003__hold8_t35_s12,9.0,-0.018956223837505736,0.02322081625162799,0.4444444444444444,-0.0474402117162473
taker_like,giga5_union,trend_t009,vwap_003__hold8_t35_s12,9.0,-0.018956223837505757,0.02322081625162797,0.4444444444444444,-0.04744021171624741
taker_like,coq3_momaccel,score_43,shared_default,6.0,-0.021215353598613818,-0.038722353598613694,0.3333333333333333,-0.03849641482618488
taker_like,giga5_union,trend_t009,shared_default,16.0,-0.021633317072064423,0.0025555125154450437,0.375,-0.05825191093678005
taker_like,giga5_union,trend_t008,vwap_003__close_075__shared_default,8.0,-0.026855495769689652,0.01107225257079629,0.25,-0.03248058262065244
taker_like,giga5_union,trend_t008,vwap_003__hold12_t35_s12,9.0,-0.03433293711646132,0.014523181958012003,0.2222222222222222,-0.06047316765371831
taker_like,giga5_union,trend_t009,vwap_003__hold12_t35_s12,9.0,-0.03433293711646135,0.014523181958011975,0.2222222222222222,-0.06047316765371842
taker_like,giga5_union,trend_t008,vwap_003__hold8_t30_s10,10.0,-0.03711902383750623,0.0010704162516277822,0.4,-0.0416253790212841
taker_like,giga5_union,trend_t009,vwap_003__hold8_t30_s10,10.0,-0.03711902383750634,0.0010704162516276781,0.4,-0.041625379021284215
taker_like,giga5_union,trend_t008,hold8_t35_s12,16.0,-0.04198080127876756,-0.018454030862538218,0.5,-0.052280761800908855
taker_like,giga5_union,trend_t009,hold8_t35_s12,16.0,-0.042442825859274794,-0.01845403086253824,0.5,-0.052716606758603235
taker_like,giga5_union,trend_t008,vwap_003__close_075__hold8_t35_s12,8.0,-0.04764772383750561,-0.005470683748371886,0.375,-0.0474402117162473
taker_like,giga5_union,trend_t008,hold12_t35_s12,16.0,-0.04999698521419461,-0.027151665156154213,0.3125,-0.05901804219825943
taker_like,giga5_union,score_43,shared_default,20.0,-0.0538927147612097,0.01693994004875682,0.35,-0.07810870410122385
taker_like,giga5_union,trend_t008,vwap_003__close_075__hold8_t30_s10,9.0,-0.06082602383750607,-0.022636583748372057,0.3333333333333333,-0.057121338267889024
taker_like,giga5_union,trend_t009,hold12_t35_s12,16.0,-0.062268865477651064,-0.027151665156154227,0.3125,-0.07040228060097663
taker_like,giga5_union,trend_t008,vwap_003__close_075__hold12_t35_s12,8.0,-0.06302443711646119,-0.014168318041987874,0.125,-0.06047316765371831
taker_like,giga5_union,score_43,hold12_t35_s12,20.0,-0.07222727901198461,-0.016172746612857305,0.3,-0.08203215879123979
taker_like,giga5_union,vwap_0025,shared_default,23.0,-0.08932087133244103,0.058000946872226455,0.2608695652173913,-0.14386427918042166
taker_like,giga5_union,vwap_003,shared_default,24.0,-0.11047437133244087,0.036847446872226616,0.25,-0.14386427918042166
taker_like,giga5_union,score_43,hold8_t30_s10,22.0,-0.11123093681659783,-0.017235515835093904,0.3181818181818182,-0.10191444160567195
taker_like,giga5_union,vwap_0025,hold12_t35_s12,23.0,-0.1121089581152584,0.03716913082339646,0.2608695652173913,-0.14624723372310755
taker_like,giga5_union,vwap_003,hold12_t35_s12,24.0,-0.13027175811525832,0.019006330823396547,0.25,-0.14624723372310755
taker_like,giga5_union,score_43,hold8_t35_s12,21.0,-0.14196866723066734,-0.021771122069966488,0.2857142857142857,-0.1433433940660416
taker_like,giga5_union,vwap_0025,hold8_t35_s12,24.0,-0.15644292350916,0.025133461351425357,0.2916666666666667,-0.1790634931912759
taker_like,giga5_union,vwap_003,hold8_t35_s12,25.0,-0.17460572350915993,0.0069706613514254456,0.28,-0.1790634931912759
taker_like,giga5_union,vwap_0025,hold8_t30_s10,25.0,-0.17687008937851384,-0.006991473053963675,0.28,-0.1689183602513972
taker_like,giga5_union,base,shared_default,35.0,-0.18921052033123759,-0.010808800241939422,0.2571428571428571,-0.18624640728255998
taker_like,giga5_union,vwap_003,hold8_t30_s10,26.0,-0.19303908937851386,-0.023160473053963706,0.2692307692307692,-0.16927646679397076
taker_like,giga5_union,base,hold12_t35_s12,35.0,-0.197045107114055,-0.022668516290769658,0.2571428571428571,-0.18105054836150697
taker_like,giga5_union,close_075,hold8_t30_s10,31.0,-0.2107594401471894,-0.023160473053963453,0.2903225806451613,-0.1843199386222436
taker_like,giga5_union,close_075,shared_default,30.0,-0.2228677869286712,-0.025112034647328196,0.2,-0.19371361998180459
taker_like,giga5_union,close_075,hold12_t35_s12,30.0,-0.22372407371148859,-0.027002750696158363,0.2,-0.19389813302040593
taker_like,giga5_union,base,hold8_t30_s10,37.0,-0.2320900895287901,-0.031791473053963584,0.2972972972972973,-0.20208170709214254
taker_like,giga5_union,close_075,hold8_t35_s12,30.0,-0.2565620799765877,-0.03903842016812946,0.26666666666666666,-0.22073014061202573
taker_like,giga5_union,base,hold8_t35_s12,36.0,-0.2669212949527996,-0.03470418576274076,0.2777777777777778,-0.23704144259692134
