cost_model,pair,interval,strategy,trades_full,net_full,trades_recent,net_recent,score,keep
taker_like,GIGAUSD,1,momentum_breakout,14,-0.10706045982521184,9,-0.07666624779678555,-0.25788797417979953,False
taker_like,GIGAUSD,1,momentum_breakout_trail,47,-0.19871858811052068,22,-0.055509962582529715,-0.30286835703335035,False
taker_like,GIGAUSD,1,macd_trend_long,0,0.0,0,0.0,0.0,False
taker_like,GIGAUSD,1,rsi_momentum_thrust,84,-0.47772032344390514,38,-0.22451788875824163,-0.8681868174205459,False
taker_like,GIGAUSD,1,rsi_oversold_trend,1,-0.013068999999999997,1,-0.013068999999999997,-0.03267249999999999,False
taker_like,GIGAUSD,1,bb_lower_bounce,12,-0.07612117259006779,6,-0.04182114339981191,-0.1693477443903469,False
taker_like,GIGAUSD,1,deep_vwap_pullback,50,-0.24479194032321894,23,-0.13760338693711782,-0.4878653674219971,False
taker_like,GIGAUSD,1,ema_fast_bounce,85,-0.3681213275505737,40,-0.19354058063062685,-0.6999875875172183,False
taker_like,GIGAUSD,1,red_streak_reversal,21,-0.13666055202648786,7,-0.0633195411562344,-0.27932327537322066,False
taker_like,GIGAUSD,1,bb_squeeze_breakout,14,-0.008229837727121159,4,-0.012522205225982352,-0.029209006871642157,False
taker_like,GIGAUSD,1,atr_squeeze_expand,28,-0.20335338040068263,12,-0.09240787420770569,-0.3867577545476931,False
taker_like,GIGAUSD,1,quiet_then_burst,36,-0.08564783146994581,13,0.0009222051710784385,-0.09787384781917015,False
taker_like,GIGAUSD,1,higher_low_structure,146,-0.6490916872766543,65,-0.20546713537998396,-1.0071847602499455,False
taker_like,GIGAUSD,1,vwap_reclaim_trend,3,1.579503570481311e-05,2,0.0009154698120141802,0.0014026418089798259,False
taker_like,GIGAUSD,1,momentum_accel,122,-0.49701794066972693,58,-0.16292184627042483,-0.7776558129432322,False
taker_like,GIGAUSD,1,volume_spike_trend,83,-0.3779368792533797,36,-0.14393339299449326,-0.6324279323780178,False
taker_like,GIGAUSD,1,volume_climax_reversal,10,-0.06749068615962972,5,-0.03248204299688018,-0.14090551932516424,False
taker_like,GIGAUSD,1,triple_confluence,36,-0.2166814098596701,16,-0.08927049076703464,-0.3928671658734583,False
taker_like,GIGAUSD,1,dip_buy_confluence,0,0.0,0,0.0,0.0,False
taker_like,GIGAUSD,1,breakout_asymmetric,3,-0.007385800408523768,1,-0.0011822062169690728,-0.044479968750491206,False
taker_like,GIGAUSD,1,breakout_scalp,114,-0.5383579411779832,56,-0.24529002609770212,-0.9721568525588927,False
taker_like,GIGAUSD,3,momentum_breakout,16,-0.0640340127338771,7,-0.025298510859094514,-0.11140770826026632,False
taker_like,GIGAUSD,3,momentum_breakout_trail,48,-0.10494701078901425,22,0.008628575844909947,-0.10037901548926854,False
taker_like,GIGAUSD,3,macd_trend_long,0,0.0,0,0.0,0.0,False
taker_like,GIGAUSD,3,rsi_momentum_thrust,72,-0.21862072806440513,33,-0.07474929676514697,-0.35297811255507594,False
taker_like,GIGAUSD,3,rsi_oversold_trend,1,0.00874680388837401,0,0.0,0.00874680388837401,False
taker_like,GIGAUSD,3,bb_lower_bounce,10,-0.09382444442239524,4,-0.04795983515511881,-0.21803854412592272,False
taker_like,GIGAUSD,3,deep_vwap_pullback,30,-0.10417708168185247,10,-0.00150140999206827,-0.12134480036774778,False
taker_like,GIGAUSD,3,ema_fast_bounce,167,-0.931516343329489,75,-0.39717406594058025,-1.6054906284569201,False
taker_like,GIGAUSD,3,red_streak_reversal,8,-0.0676325268278547,1,-0.010927438373876885,-0.1301752660586597,False
taker_like,GIGAUSD,3,bb_squeeze_breakout,14,-0.031091341568904807,4,0.014103711942395791,-0.01675780685263705,False
taker_like,GIGAUSD,3,atr_squeeze_expand,24,-0.08017698834966136,12,0.009591426251502222,-0.07774754258812012,False
taker_like,GIGAUSD,3,quiet_then_burst,39,-0.18412025511968888,13,-0.07628013404803324,-0.3256890199950421,False
taker_like,GIGAUSD,3,higher_low_structure,127,-0.6839653353937207,54,-0.19177147800052297,-1.0266989373658963,False
taker_like,GIGAUSD,3,vwap_reclaim_trend,6,0.002528984702047654,3,0.01907811117314928,0.03244184728878458,False
taker_like,GIGAUSD,3,momentum_accel,111,-0.5231742608372438,46,-0.14734763182710142,-0.7860194315732875,False
taker_like,GIGAUSD,3,volume_spike_trend,84,-0.1998278682564093,35,-0.04793571542405517,-0.2892214397265171,False
taker_like,GIGAUSD,3,volume_climax_reversal,11,-0.11690286364089864,6,-0.06116145973400411,-0.31014601962030486,False
taker_like,GIGAUSD,3,triple_confluence,28,-0.09175604686449457,13,0.015977462536070575,-0.08217164593629872,False
taker_like,GIGAUSD,3,dip_buy_confluence,0,0.0,0,0.0,0.0,False
taker_like,GIGAUSD,3,breakout_asymmetric,3,-0.017283753760920728,1,-0.013068999999999997,-0.044771010378182804,False
taker_like,GIGAUSD,3,breakout_scalp,102,-0.5188078373384107,41,-0.19370300792064132,-0.8764818779161874,False
taker_like,GIGAUSD,5,momentum_breakout,11,-0.052826552909807534,5,-0.06246421685061598,-0.15786300687551888,False
taker_like,GIGAUSD,5,momentum_breakout_trail,45,-0.038388282432919474,22,0.107206737322591,0.11918190824204974,False
taker_like,GIGAUSD,5,macd_trend_long,0,0.0,0,0.0,0.0,False
taker_like,GIGAUSD,5,rsi_momentum_thrust,72,-0.3172215867393763,29,-0.0864646143140263,-0.48197320970400176,False
taker_like,GIGAUSD,5,rsi_oversold_trend,0,0.0,0,0.0,0.0,False
taker_like,GIGAUSD,5,bb_lower_bounce,6,-0.0447516197977581,3,-0.012432780399891152,-0.08383202733611322,False
taker_like,GIGAUSD,5,deep_vwap_pullback,21,-0.02449714759378907,9,0.006911394196335352,-0.018174679816429222,False
taker_like,GIGAUSD,5,ema_fast_bounce,166,-0.8149413957605403,69,-0.32114556985150455,-1.3581748942939138,False
taker_like,GIGAUSD,5,red_streak_reversal,12,-0.09904350258700034,4,-0.03500765684038987,-0.18533648385420737,False
taker_like,GIGAUSD,5,bb_squeeze_breakout,11,-0.06571428344336838,2,-0.00044750452103570204,-0.09244407007201229,False
taker_like,GIGAUSD,5,atr_squeeze_expand,11,-0.08269015310469874,5,-0.0003961024799706836,-0.10737344666014297,False
taker_like,GIGAUSD,5,quiet_then_burst,38,-0.12924572055382866,17,-0.01941756981468401,-0.1737963120925784,False
taker_like,GIGAUSD,5,higher_low_structure,120,-0.5339697619777548,53,-0.14534309992493788,-0.7930485423673261,False
taker_like,GIGAUSD,5,vwap_reclaim_trend,1,-0.011098523053567844,0,0.0,-0.011098523053567844,False
taker_like,GIGAUSD,5,momentum_accel,108,-0.4754820156798103,44,-0.11800489090481847,-0.6875567326293107,False
taker_like,GIGAUSD,5,volume_spike_trend,80,-0.21542416709094092,33,-0.06024669375296754,-0.324618866178189,False
taker_like,GIGAUSD,5,volume_climax_reversal,12,-0.11660707745916687,5,-0.05900273623376173,-0.2645606521127763,False
taker_like,GIGAUSD,5,triple_confluence,30,-0.12113779299432204,13,-0.04035100326540286,-0.19961374364399703,False
taker_like,GIGAUSD,5,dip_buy_confluence,0,0.0,0,0.0,0.0,False
taker_like,GIGAUSD,5,breakout_asymmetric,2,-0.008830767552844287,1,-0.013068999999999997,-0.033536624373790284,False
taker_like,GIGAUSD,5,breakout_scalp,100,-0.46099999024890526,42,-0.09299733344528194,-0.656659876425101,False
taker_like,DOGUSD,1,momentum_breakout,10,-0.08919778947778445,1,0.018633621541013,-0.0840875323343069,False
taker_like,DOGUSD,1,momentum_breakout_trail,43,-0.31309548689170064,11,-0.06356761882835216,-0.4483506411404553,False
taker_like,DOGUSD,1,macd_trend_long,1,-0.015062800000000043,1,-0.015062800000000043,-0.03765700000000011,False
taker_like,DOGUSD,1,rsi_momentum_thrust,133,-0.7246258687228476,59,-0.3118010763287715,-1.2513768647880912,False
taker_like,DOGUSD,1,rsi_oversold_trend,0,0.0,0,0.0,0.0,False
taker_like,DOGUSD,1,bb_lower_bounce,8,-0.048398671676718186,3,-0.019547380844731177,-0.09658592978304206,False
taker_like,DOGUSD,1,deep_vwap_pullback,57,-0.39379492125920934,13,-0.10033769060651276,-0.60903962621209,False
taker_like,DOGUSD,1,ema_fast_bounce,106,-0.7620147444770496,50,-0.3791616042809549,-1.426991332720772,False
taker_like,DOGUSD,1,red_streak_reversal,17,-0.07709158822736795,7,-0.041255445156708426,-0.16080794069209847,False
taker_like,DOGUSD,1,bb_squeeze_breakout,27,-0.15355975013163914,11,-0.08312873639664653,-0.3158423573334577,False
taker_like,DOGUSD,1,atr_squeeze_expand,17,-0.09614176445330869,5,-0.01418572485713987,-0.13937923645834885,False
taker_like,DOGUSD,1,quiet_then_burst,57,-0.3296453348426268,24,-0.1447674329345393,-0.5858790906199777,False
taker_like,DOGUSD,1,higher_low_structure,171,-1.005505074273655,69,-0.35714615881300327,-1.610326711604877,False
taker_like,DOGUSD,1,vwap_reclaim_trend,3,-0.022599336604691822,2,-0.009530336604691714,-0.05050261767311049,False
taker_like,DOGUSD,1,momentum_accel,144,-0.8352335412902044,47,-0.13181344658526195,-1.089190729025825,False
taker_like,DOGUSD,1,volume_spike_trend,128,-0.8620544178330083,51,-0.3204411831943983,-1.4138506523032541,False
taker_like,DOGUSD,1,volume_climax_reversal,21,-0.10224399423658681,9,-0.05995492139224734,-0.220768150202746,False
taker_like,DOGUSD,1,triple_confluence,30,-0.11452607422037586,13,-0.05367728952375028,-0.20976335684315764,False
taker_like,DOGUSD,1,dip_buy_confluence,0,0.0,0,0.0,0.0,False
taker_like,DOGUSD,1,breakout_asymmetric,1,0.012729038922258518,0,0.0,0.012729038922258518,False
taker_like,DOGUSD,1,breakout_scalp,130,-0.718825305993661,47,-0.266104964701101,-1.2026170658072992,False
taker_like,DOGUSD,3,momentum_breakout,12,-0.10115752842518033,3,-0.019028742921023634,-0.1576465455687799,False
taker_like,DOGUSD,3,momentum_breakout_trail,44,-0.43478822283179297,13,-0.08460445290297036,-0.6194972357503923,False
taker_like,DOGUSD,3,macd_trend_long,0,0.0,0,0.0,0.0,False
taker_like,DOGUSD,3,rsi_momentum_thrust,115,-0.8825450367446371,42,-0.3158111523382633,-1.4392959712230333,False
taker_like,DOGUSD,3,rsi_oversold_trend,1,-0.0074517078896852995,1,-0.0074517078896852995,-0.01862926972421325,False
taker_like,DOGUSD,3,bb_lower_bounce,13,-0.03893411612229403,7,-0.04387486522959205,-0.11693824659601064,False
taker_like,DOGUSD,3,deep_vwap_pullback,41,-0.22881322453228947,12,-0.10926415571065473,-0.42341733467092113,False
taker_like,DOGUSD,3,ema_fast_bounce,244,-1.8468024452378788,109,-0.8517266950829081,-3.264143557431815,False
taker_like,DOGUSD,3,red_streak_reversal,18,-0.15270079550640592,9,-0.06652993881883151,-0.317475731085028,False
taker_like,DOGUSD,3,bb_squeeze_breakout,21,-0.09043337279903152,7,-0.02766089346270706,-0.14915874830052497,False
taker_like,DOGUSD,3,atr_squeeze_expand,22,-0.11028870346296193,10,-0.06867576485825788,-0.23136060500894418,False
taker_like,DOGUSD,3,quiet_then_burst,47,-0.3302534414956666,19,-0.11084510269051806,-0.5456836322391241,False
taker_like,DOGUSD,3,higher_low_structure,139,-1.031493667531584,58,-0.36186254428861053,-1.6579991432437655,False
taker_like,DOGUSD,3,vwap_reclaim_trend,3,-0.012339132006587539,2,-0.008207404280065389,-0.0325964212466435,False
taker_like,DOGUSD,3,momentum_accel,134,-0.9520934694994344,50,-0.29198214469069517,-1.459237441644017,False
taker_like,DOGUSD,3,volume_spike_trend,115,-0.7721948312902981,47,-0.28023694134942034,-1.2625417881710705,False
taker_like,DOGUSD,3,volume_climax_reversal,20,-0.09605274871668057,11,-0.04855491983024629,-0.19198770070401705,False
taker_like,DOGUSD,3,triple_confluence,25,-0.17092734839548918,11,-0.07290387931585651,-0.31342376882983397,False
taker_like,DOGUSD,3,dip_buy_confluence,0,0.0,0,0.0,0.0,False
taker_like,DOGUSD,3,breakout_asymmetric,4,-0.05227599999999988,0,0.0,-1569534494136.1824,False
taker_like,DOGUSD,3,breakout_scalp,120,-0.7703172597683259,52,-0.3363076044332749,-1.3701343882458514,False
taker_like,DOGUSD,5,momentum_breakout,11,-0.046028953543634454,5,-0.03115898919822846,-0.10338369940019995,False
taker_like,DOGUSD,5,momentum_breakout_trail,29,-0.27060898676638656,11,-0.07225845061546288,-0.42184444575722235,False
taker_like,DOGUSD,5,macd_trend_long,0,0.0,0,0.0,0.0,False
taker_like,DOGUSD,5,rsi_momentum_thrust,87,-0.5564639785652681,36,-0.17710898749968973,-0.8810463609577165,False
taker_like,DOGUSD,5,rsi_oversold_trend,0,0.0,0,0.0,0.0,False
taker_like,DOGUSD,5,bb_lower_bounce,9,-0.022719553029817985,5,-0.01183376994533547,-0.048316297361994304,False
taker_like,DOGUSD,5,deep_vwap_pullback,30,-0.24846268494337131,10,-0.11251571517882819,-0.4673763267043385,False
taker_like,DOGUSD,5,ema_fast_bounce,235,-2.0106576356956403,103,-0.9380315354755252,-3.591399200596937,False
taker_like,DOGUSD,5,red_streak_reversal,17,-0.09897949590926103,7,-0.02877375003556104,-0.16992645086449507,False
taker_like,DOGUSD,5,bb_squeeze_breakout,20,-0.09904962466424361,6,-0.04820345543963667,-0.1871076214748914,False
taker_like,DOGUSD,5,atr_squeeze_expand,16,-0.01928194600708033,9,0.04943423091350374,0.052110927472844466,False
taker_like,DOGUSD,5,quiet_then_burst,43,-0.2676847631655842,22,-0.17575432854389939,-0.570165935120017,False
taker_like,DOGUSD,5,higher_low_structure,102,-0.6886301066930105,45,-0.19437872953762003,-1.042547270955206,False
taker_like,DOGUSD,5,vwap_reclaim_trend,2,-0.003361757990148373,1,-0.0012791419349709177,-0.04712074807893422,False
taker_like,DOGUSD,5,momentum_accel,110,-0.7570946661146475,41,-0.20856654202558644,-1.128841252972802,False
taker_like,DOGUSD,5,volume_spike_trend,93,-0.5243685798130285,44,-0.24883790436154662,-0.9478025363179493,False
taker_like,DOGUSD,5,volume_climax_reversal,14,-0.07536485871886778,5,-0.028311709538821672,-0.14450734512604546,False
taker_like,DOGUSD,5,triple_confluence,18,-0.025180371857526418,12,0.0010808766465160158,-0.027225330984743522,False
taker_like,DOGUSD,5,dip_buy_confluence,0,0.0,0,0.0,0.0,False
taker_like,DOGUSD,5,breakout_asymmetric,0,0.0,0,0.0,0.0,False
taker_like,DOGUSD,5,breakout_scalp,93,-0.5369581158626902,42,-0.19562797712164692,-0.9022719098029818,False
taker_like,COQUSD,1,momentum_breakout,22,-0.24488051818976386,9,-0.10692972690195335,-0.44007461025017136,False
taker_like,COQUSD,1,momentum_breakout_trail,48,-0.0024948769945257743,18,0.04522334072993894,0.06522205343768744,False
taker_like,COQUSD,1,macd_trend_long,0,0.0,0,0.0,0.0,False
taker_like,COQUSD,1,rsi_momentum_thrust,36,-0.21907110696039378,12,-0.09789816414349073,-0.3884022895941861,False
taker_like,COQUSD,1,rsi_oversold_trend,1,-0.013068999999999997,0,0.0,-0.013068999999999997,False
taker_like,COQUSD,1,bb_lower_bounce,2,-0.026137999999999884,2,-0.026137999999999884,-2354301741204.2554,False
taker_like,COQUSD,1,deep_vwap_pullback,19,-0.14760291955632188,7,-0.051874108267561114,-0.250649717369057,False
taker_like,COQUSD,1,ema_fast_bounce,55,-0.07260604342708388,12,-0.04603505489075477,-0.14812867738791421,False
taker_like,COQUSD,1,red_streak_reversal,9,0.007681416690748288,3,-0.03834720519008061,-0.04799746833164612,False
taker_like,COQUSD,1,bb_squeeze_breakout,7,-0.030498037223198327,2,0.00945027457732428,-0.023660278672634545,False
taker_like,COQUSD,1,atr_squeeze_expand,22,-0.042337530162346315,6,-0.07325592407681292,-0.1567517294912884,False
taker_like,COQUSD,1,quiet_then_burst,62,-0.33001099014848834,29,-0.17382491880354778,-0.6201839646595632,False
taker_like,COQUSD,1,higher_low_structure,77,-0.31959230907523895,32,-0.045165290663876756,-0.40940063489133155,False
taker_like,COQUSD,1,vwap_reclaim_trend,0,0.0,0,0.0,0.0,False
taker_like,COQUSD,1,momentum_accel,107,-0.5829927534710501,46,-0.25710160810553306,-1.0001086021453856,False
taker_like,COQUSD,1,volume_spike_trend,72,-0.32870690328664365,33,-0.20602895849762137,-0.6626993277601398,False
taker_like,COQUSD,1,volume_climax_reversal,4,-0.015965993016890057,3,-0.032803993016889965,-0.07047149638836105,False
taker_like,COQUSD,1,triple_confluence,18,-0.18524932903807245,6,-0.065352037750262,-0.3099244288329634,False
taker_like,COQUSD,1,dip_buy_confluence,0,0.0,0,0.0,0.0,False
taker_like,COQUSD,1,breakout_asymmetric,8,-0.017460776950726786,3,0.012691086354041259,-0.0014141978164135078,False
taker_like,COQUSD,1,breakout_scalp,79,-0.32567875591675033,34,-0.12047996894258983,-0.5445659134670078,False
taker_like,COQUSD,3,momentum_breakout,16,-0.08546340453732781,5,-0.014126069505118521,-0.1204105835000832,False
taker_like,COQUSD,3,momentum_breakout_trail,49,-0.19262210808941227,20,-0.06087415057084544,-0.29545726337670286,False
taker_like,COQUSD,3,macd_trend_long,0,0.0,0,0.0,0.0,False
taker_like,COQUSD,3,rsi_momentum_thrust,30,-0.15042628090612076,12,0.00847333163698738,-0.1549155538879665,False
taker_like,COQUSD,3,rsi_oversold_trend,0,0.0,0,0.0,0.0,False
taker_like,COQUSD,3,bb_lower_bounce,3,-0.01129380000000002,2,-0.026137999999999995,-0.05454684273247068,False
taker_like,COQUSD,3,deep_vwap_pullback,20,-0.14757615788619427,10,-0.07071875788619397,-0.2774555758865723,False
taker_like,COQUSD,3,ema_fast_bounce,181,-1.165821843708586,75,-0.5434128470262444,-2.0478936935612118,False
taker_like,COQUSD,3,red_streak_reversal,9,-0.027899999999999703,4,-0.0522760000000001,-0.11253327976727832,False
taker_like,COQUSD,3,bb_squeeze_breakout,7,-0.025330540861093764,3,0.0012426111512428006,-0.031130671269780284,False
taker_like,COQUSD,3,atr_squeeze_expand,10,-0.01909571832887824,3,0.003734135494766422,-0.017695329409007633,False
taker_like,COQUSD,3,quiet_then_burst,45,-0.33180865437438734,23,-0.1316406844514859,-0.5676884111637852,False
taker_like,COQUSD,3,higher_low_structure,72,-0.4526942352023876,32,-0.10057699465796666,-0.6390910893558727,False
taker_like,COQUSD,3,vwap_reclaim_trend,1,-0.013068999999999997,0,0.0,-0.013068999999999997,False
taker_like,COQUSD,3,momentum_accel,96,-0.8290685453093352,47,-0.4098203896765227,-1.4976812209489143,False
taker_like,COQUSD,3,volume_spike_trend,82,-0.5613898710196565,39,-0.2957158521218073,-1.046895873548196,False
taker_like,COQUSD,3,volume_climax_reversal,3,-0.021001216185308147,1,-0.015062800000000043,-0.052278203047229445,False
taker_like,COQUSD,3,triple_confluence,18,-0.1708426244663036,5,-0.03588397179786651,-0.25413638220495893,False
taker_like,COQUSD,3,dip_buy_confluence,0,0.0,0,0.0,0.0,False
taker_like,COQUSD,3,breakout_asymmetric,10,-0.02459119392107445,4,0.017306305935842814,-0.0036067758237635344,False
taker_like,COQUSD,3,breakout_scalp,67,-0.3153799035791086,28,-0.10869543812648319,-0.5169760886712644,False
taker_like,COQUSD,5,momentum_breakout,20,-0.1434005449170056,5,-0.01412606950511841,-0.18747241289779523,False
taker_like,COQUSD,5,momentum_breakout_trail,47,-0.0898699885947265,20,-0.13134249354246352,-0.29181217005437643,False
taker_like,COQUSD,5,macd_trend_long,1,-0.015062800000000043,0,0.0,-0.015062800000000043,False
taker_like,COQUSD,5,rsi_momentum_thrust,28,-0.09903336499031645,13,-0.019734449054355174,-0.1394960714563222,False
taker_like,COQUSD,5,rsi_oversold_trend,0,0.0,0,0.0,0.0,False
taker_like,COQUSD,5,bb_lower_bounce,1,0.014844199999999974,1,0.014844199999999974,0.037110499999999935,False
taker_like,COQUSD,5,deep_vwap_pullback,14,-0.04125930148995327,8,-0.009686744017240456,-0.06279297935366276,False
taker_like,COQUSD,5,ema_fast_bounce,218,-1.520188729722744,98,-0.8567488576544543,-2.8857927278108204,False
taker_like,COQUSD,5,red_streak_reversal,5,-0.0354380000000003,1,-0.013069000000000108,-0.06689089980606605,False
taker_like,COQUSD,5,bb_squeeze_breakout,1,-0.015062800000000154,1,-0.015062800000000154,-0.037657000000000385,False
taker_like,COQUSD,5,atr_squeeze_expand,11,-0.04245594482642501,2,0.018796935494766354,-0.021949844444070808,False
taker_like,COQUSD,5,quiet_then_burst,35,-0.28154270007051807,21,-0.18518458833241003,-0.5933933596471073,False
taker_like,COQUSD,5,higher_low_structure,63,-0.32095646512857445,27,-0.1437332780671875,-0.5616228067758807,False
taker_like,COQUSD,5,vwap_reclaim_trend,0,0.0,0,0.0,0.0,False
taker_like,COQUSD,5,momentum_accel,96,-0.8194439402638786,46,-0.46797617939555114,-1.5693962488164341,False
taker_like,COQUSD,5,volume_spike_trend,81,-0.6799918473534855,39,-0.4267819721286741,-1.3752918670435146,False
taker_like,COQUSD,5,volume_climax_reversal,1,0.01683800000000013,0,0.0,0.01683800000000013,False
taker_like,COQUSD,5,triple_confluence,17,-0.22684936486556717,4,-0.04301321044377826,-0.34296480589280764,False
taker_like,COQUSD,5,dip_buy_confluence,0,0.0,0,0.0,0.0,False
taker_like,COQUSD,5,breakout_asymmetric,11,-0.10147364100008427,3,0.003078358999915598,-0.1262492411384793,False
taker_like,COQUSD,5,breakout_scalp,60,-0.2519347450701136,25,-0.13889631419071768,-0.49223502316203144,False
taker_like,HYPEUSD,1,momentum_breakout,4,-0.031614113773164254,0,0.0,-0.04044342961864142,False
taker_like,HYPEUSD,1,momentum_breakout_trail,25,-0.08678463339801246,7,-0.01429543772308639,-0.1207426470714493,False
taker_like,HYPEUSD,1,macd_trend_long,0,0.0,0,0.0,0.0,False
taker_like,HYPEUSD,1,rsi_momentum_thrust,213,-1.0725379550148744,82,-0.418743230018353,-1.817734610962039,False
taker_like,HYPEUSD,1,rsi_oversold_trend,2,-0.010928878319967916,2,-0.010928878319967916,-0.07243785032180937,False
taker_like,HYPEUSD,1,bb_lower_bounce,59,-0.3966098633207298,31,-0.20212106003722918,-0.8235775264653173,False
taker_like,HYPEUSD,1,deep_vwap_pullback,220,-1.2944647766222537,62,-0.3762619976717715,-2.0026843649678274,False
taker_like,HYPEUSD,1,ema_fast_bounce,213,-1.3801365592182604,92,-0.6329332036273196,-2.5048615545192376,False
taker_like,HYPEUSD,1,red_streak_reversal,177,-1.102870440476656,111,-0.7089314243898887,-2.395265342719369,False
taker_like,HYPEUSD,1,bb_squeeze_breakout,85,-0.5345897921009208,32,-0.21681699219680772,-0.9694808499927552,False
taker_like,HYPEUSD,1,atr_squeeze_expand,5,-0.01644847875915112,1,-0.008072627140129573,-0.033331121601924245,False
taker_like,HYPEUSD,1,quiet_then_burst,18,-0.04235202232905355,5,-0.005798814963597243,-0.05991457405576692,False
taker_like,HYPEUSD,1,higher_low_structure,506,-3.013739231503153,213,-1.2320962222922112,-5.090953768638259,False
taker_like,HYPEUSD,1,vwap_reclaim_trend,32,-0.1931922427673758,18,-0.11105036705770566,-0.4571309366349209,False
taker_like,HYPEUSD,1,momentum_accel,176,-0.9221600740919175,53,-0.292883891271598,-1.4468757543790924,False
taker_like,HYPEUSD,1,volume_spike_trend,81,-0.416702208209523,27,-0.1526672966392546,-0.6993053879920763,False
taker_like,HYPEUSD,1,volume_climax_reversal,78,-0.5212245949893353,37,-0.27176753269928566,-1.0594434720325496,False
taker_like,HYPEUSD,1,triple_confluence,54,-0.3511710526462247,20,-0.10462436106100081,-0.5847070374192511,False
taker_like,HYPEUSD,1,dip_buy_confluence,0,0.0,0,0.0,0.0,False
taker_like,HYPEUSD,1,breakout_asymmetric,0,0.0,0,0.0,0.0,False
taker_like,HYPEUSD,1,breakout_scalp,189,-1.0691716893424734,57,-0.33711137859884377,-1.7131515718696924,False
taker_like,HYPEUSD,3,momentum_breakout,7,0.030592696839685685,2,-0.013143010445385794,0.017313769219054677,False
taker_like,HYPEUSD,3,momentum_breakout_trail,39,-0.38633419724542206,12,-0.1453048229965337,-0.6640463868748147,False
taker_like,HYPEUSD,3,macd_trend_long,1,-0.015062800000000043,0,0.0,-0.015062800000000043,False
taker_like,HYPEUSD,3,rsi_momentum_thrust,202,-1.312084078535392,89,-0.5586296686734328,-2.278752154768961,False
taker_like,HYPEUSD,3,rsi_oversold_trend,0,0.0,0,0.0,0.0,False
taker_like,HYPEUSD,3,bb_lower_bounce,57,-0.33551951105192446,28,-0.1861954887875078,-0.6866040767394916,False
taker_like,HYPEUSD,3,deep_vwap_pullback,110,-0.7165468691081701,34,-0.24444544150297565,-1.1709331816735453,False
taker_like,HYPEUSD,3,ema_fast_bounce,312,-1.7890596730735244,135,-0.8492858819785559,-3.1887368748142944,False
taker_like,HYPEUSD,3,red_streak_reversal,81,-0.46925000109726067,37,-0.25002960834287835,-0.9352885582584219,False
taker_like,HYPEUSD,3,bb_squeeze_breakout,52,-0.21584337492615224,37,-0.16611094857002107,-0.49700886298921526,False
taker_like,HYPEUSD,3,atr_squeeze_expand,5,0.006442166049636322,1,-0.002900075282115666,0.0068061531285575,False
taker_like,HYPEUSD,3,quiet_then_burst,45,-0.25351061724999313,14,-0.102839103482666,-0.4452307093393398,False
taker_like,HYPEUSD,3,higher_low_structure,289,-1.7004859104189112,134,-0.8379478486098967,-3.0901497763259775,False
taker_like,HYPEUSD,3,vwap_reclaim_trend,19,-0.12156588375264887,10,-0.07599481378001038,-0.2834431686756536,False
taker_like,HYPEUSD,3,momentum_accel,172,-1.1215981435664149,63,-0.4772022720273944,-1.9204721026804346,False
taker_like,HYPEUSD,3,volume_spike_trend,134,-0.860091282434399,44,-0.31029842270002983,-1.4100333997821193,False
taker_like,HYPEUSD,3,volume_climax_reversal,62,-0.4059480571556866,36,-0.2578717141761996,-0.8806804978204968,False
taker_like,HYPEUSD,3,triple_confluence,30,-0.10395728267498505,12,-0.06524435530895523,-0.22851232674312882,False
taker_like,HYPEUSD,3,dip_buy_confluence,0,0.0,0,0.0,0.0,False
taker_like,HYPEUSD,3,breakout_asymmetric,1,-0.013069000000000108,0,0.0,-0.013069000000000108,False
taker_like,HYPEUSD,3,breakout_scalp,169,-1.0287750265192503,65,-0.39843407809383946,-1.7570918505920883,False
taker_like,HYPEUSD,5,momentum_breakout,9,-0.07696117883071496,4,-0.0547957141591604,-0.18518521253109094,False
taker_like,HYPEUSD,5,momentum_breakout_trail,47,-0.5034662399469961,14,-0.14131237841697608,-0.7883664283936238,False
taker_like,HYPEUSD,5,macd_trend_long,0,0.0,0,0.0,0.0,False
taker_like,HYPEUSD,5,rsi_momentum_thrust,165,-1.1298464735864648,73,-0.4938356298255663,-1.9771953938322528,False
taker_like,HYPEUSD,5,rsi_oversold_trend,0,0.0,0,0.0,0.0,False
taker_like,HYPEUSD,5,bb_lower_bounce,37,-0.17776027914973447,23,-0.1432740961064366,-0.43592436944050417,False
taker_like,HYPEUSD,5,deep_vwap_pullback,54,-0.36881285340938064,17,-0.12058959847786743,-0.6062671544457675,False
taker_like,HYPEUSD,5,ema_fast_bounce,271,-1.468595745142919,118,-0.6539041891157507,-2.550286995579357,False
taker_like,HYPEUSD,5,red_streak_reversal,37,-0.22067207585687532,17,-0.12506020041907084,-0.4744286339627382,False
taker_like,HYPEUSD,5,bb_squeeze_breakout,32,-0.17629001275301903,19,-0.13700122422683225,-0.4164025179195425,False
taker_like,HYPEUSD,5,atr_squeeze_expand,12,-0.07335468605375028,6,-0.047077525563580136,-0.1768656901396962,False
taker_like,HYPEUSD,5,quiet_then_burst,40,-0.28080342191365715,16,-0.08370960838556674,-0.457222917488039,False
taker_like,HYPEUSD,5,higher_low_structure,232,-1.5929422605066144,114,-0.7963717519972469,-2.9058354493849072,False
taker_like,HYPEUSD,5,vwap_reclaim_trend,16,-0.09734959876140448,8,-0.06920396238256876,-0.22835948592983898,False
taker_like,HYPEUSD,5,momentum_accel,174,-1.1950376689742923,72,-0.5078883312187181,-2.0459198135586205,False
taker_like,HYPEUSD,5,volume_spike_trend,120,-0.9056228692515004,44,-0.31885926047846025,-1.4711683516059815,False
taker_like,HYPEUSD,5,volume_climax_reversal,46,-0.3058600010379927,27,-0.17157805369057444,-0.6312169510494986,False
taker_like,HYPEUSD,5,triple_confluence,23,-0.19172322024708222,11,-0.08849871304686041,-0.37358358798717634,False
taker_like,HYPEUSD,5,dip_buy_confluence,0,0.0,0,0.0,0.0,False
taker_like,HYPEUSD,5,breakout_asymmetric,1,-0.013068999999999997,0,0.0,-0.013068999999999997,False
taker_like,HYPEUSD,5,breakout_scalp,166,-0.9712381807103672,73,-0.41380983300299323,-1.7047510100241767,False
maker_mid,GIGAUSD,1,momentum_breakout,14,-0.05478023991302883,9,-0.04323799420209595,-0.13653748510230326,False
maker_mid,GIGAUSD,1,momentum_breakout_trail,47,0.0029707433059428245,22,0.014971284517067973,0.025740467796307624,True
maker_mid,GIGAUSD,1,macd_trend_long,0,0.0,0,0.0,0.0,False
maker_mid,GIGAUSD,1,rsi_momentum_thrust,84,-0.10356201033885792,38,-0.04554777236802399,-0.18344648642087336,False
maker_mid,GIGAUSD,1,rsi_oversold_trend,1,-0.009883449883449691,1,-0.009883449883449691,-0.024708624708624227,False
maker_mid,GIGAUSD,1,bb_lower_bounce,12,-0.018680260883816135,6,-0.007414131620999798,-0.03677305913138131,False
maker_mid,GIGAUSD,1,deep_vwap_pullback,50,-0.020448086428127676,23,-0.03296851972183101,-0.07291785044323928,False
maker_mid,GIGAUSD,1,ema_fast_bounce,84,-0.04370377553941773,39,-0.044276631965497804,-0.1148885603182822,False
maker_mid,GIGAUSD,1,red_streak_reversal,21,-0.06129892858413588,7,-0.0382737745671764,-0.13790348644221156,False
maker_mid,GIGAUSD,1,bb_squeeze_breakout,14,0.0485887924637024,4,0.004260497213570247,0.06758564080858717,True
maker_mid,GIGAUSD,1,atr_squeeze_expand,28,-0.10632343707124225,12,-0.05471451288245399,-0.20996471931468993,False
maker_mid,GIGAUSD,1,quiet_then_burst,36,0.06624266513767851,13,0.0637513522227724,0.1719508978356486,True
maker_mid,GIGAUSD,1,higher_low_structure,146,-0.07373754180654635,65,0.029411024091453575,-0.03520046688172003,False
maker_mid,GIGAUSD,1,vwap_reclaim_trend,3,0.012642416422293246,2,0.009337026160381234,0.03752135249778843,False
maker_mid,GIGAUSD,1,momentum_accel,122,-0.023493228370384034,59,0.05172559939222088,0.05241318264906873,False
maker_mid,GIGAUSD,1,volume_spike_trend,83,-0.045478809652608754,36,0.014326806484023957,-0.028597994345272576,False
maker_mid,GIGAUSD,1,volume_climax_reversal,10,-0.01819018257995031,5,-0.013645151462760463,-0.04568963028333946,False
maker_mid,GIGAUSD,1,triple_confluence,36,-0.06504691372255278,16,-0.029028858285702897,-0.12103049076150721,False
maker_mid,GIGAUSD,1,dip_buy_confluence,0,0.0,0,0.0,0.0,False
maker_mid,GIGAUSD,1,breakout_asymmetric,3,0.005209668760971287,1,0.0030216696883362815,0.03455177292741077,False
maker_mid,GIGAUSD,1,breakout_scalp,113,-0.06954478913353135,56,-0.02431538889536078,-0.11401095666927596,False
maker_mid,GIGAUSD,3,momentum_breakout,16,0.0443737433948167,7,0.03759871592375441,0.10700408266367521,True
maker_mid,GIGAUSD,3,momentum_breakout_trail,48,0.16046543001316316,22,0.13994097693094487,0.383282896352012,True
maker_mid,GIGAUSD,3,macd_trend_long,0,0.0,0,0.0,0.0,False
maker_mid,GIGAUSD,3,rsi_momentum_thrust,72,0.09759701747819971,33,0.06524356866524128,0.20531159820775954,True
maker_mid,GIGAUSD,3,rsi_oversold_trend,1,0.01299246952410349,0,0.0,0.01299246952410349,False
maker_mid,GIGAUSD,3,bb_lower_bounce,10,-0.033844902235285246,4,-0.03651385755070513,-0.09991226817880525,False
maker_mid,GIGAUSD,3,deep_vwap_pullback,29,0.010758989140773112,10,0.03431151012755729,0.06375616916498494,True
maker_mid,GIGAUSD,3,ema_fast_bounce,162,-0.21928524182669573,72,-0.04054989227677741,-0.2974793771718517,False
maker_mid,GIGAUSD,3,red_streak_reversal,8,-0.038536327926656955,1,-0.006764578704877011,-0.07216873368096649,False
maker_mid,GIGAUSD,3,bb_squeeze_breakout,14,0.0389604033191111,4,0.05053977792837894,0.12307301297719563,True
maker_mid,GIGAUSD,3,atr_squeeze_expand,24,0.03939642712064917,12,0.07008247662756384,0.15046632882258612,True
maker_mid,GIGAUSD,3,quiet_then_burst,39,-0.0008194041450515499,13,0.012539039282005948,0.017882596534290682,False
maker_mid,GIGAUSD,3,higher_low_structure,127,-0.1203166333167377,54,0.05496528791122912,-0.04697186692184721,False
maker_mid,GIGAUSD,3,vwap_reclaim_trend,6,0.02779273863870202,3,0.03178496302019673,0.08964978892199006,False
maker_mid,GIGAUSD,3,momentum_accel,109,0.05586380560966053,45,0.15310288165668784,0.28969735174361333,True
maker_mid,GIGAUSD,3,volume_spike_trend,84,0.2001789356790451,35,0.14446220238243912,0.4333086832779799,True
maker_mid,GIGAUSD,3,volume_climax_reversal,11,-0.07523883154605004,6,-0.038236423974059575,-0.18835397612692265,False
maker_mid,GIGAUSD,3,triple_confluence,28,0.07325521732674944,13,0.09929873967621006,0.23396968998645692,True
maker_mid,GIGAUSD,3,dip_buy_confluence,0,0.0,0,0.0,0.0,False
maker_mid,GIGAUSD,3,breakout_asymmetric,3,0.02305493675243353,1,0.020944572668710748,0.06247020061709779,False
maker_mid,GIGAUSD,3,breakout_scalp,101,-0.11629653730087042,41,-0.016104907135421676,-0.15425231522292449,False
maker_mid,GIGAUSD,5,momentum_breakout,11,0.07543950772663233,5,0.04257253760579416,0.15171634076277413,True
maker_mid,GIGAUSD,5,momentum_breakout_trail,46,0.13973347362154664,23,0.16711163561155362,0.4024743219644425,True
maker_mid,GIGAUSD,5,macd_trend_long,0,0.0,0,0.0,0.0,False
maker_mid,GIGAUSD,5,rsi_momentum_thrust,71,0.01028852974837946,29,0.04434493795694827,0.07791372547928618,True
maker_mid,GIGAUSD,5,rsi_oversold_trend,0,0.0,0,0.0,0.0,False
maker_mid,GIGAUSD,5,bb_lower_bounce,6,-0.02478063441226519,3,-0.0019333993742352007,-0.03816276376744398,False
maker_mid,GIGAUSD,5,deep_vwap_pullback,21,0.046987761270501416,9,0.03638244025967641,0.1092723840486997,True
maker_mid,GIGAUSD,5,ema_fast_bounce,158,-0.09078848611407553,64,-0.037572198839209925,-0.15404998048385302,False
maker_mid,GIGAUSD,5,red_streak_reversal,12,-0.06555291159514998,4,-0.02246928463834108,-0.11944373803184885,False
maker_mid,GIGAUSD,5,bb_squeeze_breakout,11,-0.02797611529992583,2,0.007968315270580284,-0.025795557135192423,False
maker_mid,GIGAUSD,5,atr_squeeze_expand,11,-0.013323843543451508,5,0.05113811639029897,0.060229267598392,False
maker_mid,GIGAUSD,5,quiet_then_burst,38,0.04222528148428928,17,0.07598396008380359,0.16077685236331224,True
maker_mid,GIGAUSD,5,higher_low_structure,116,0.0817633288278331,50,0.20446656103298444,0.394326711795265,True
maker_mid,GIGAUSD,5,vwap_reclaim_trend,1,-0.006936383454602013,0,0.0,-0.006936383454602013,False
maker_mid,GIGAUSD,5,momentum_accel,108,-0.004374892041830503,44,0.08124219536824284,0.11717009705266307,False
maker_mid,GIGAUSD,5,volume_spike_trend,79,0.1265428449057976,33,0.07011268772018109,0.24272941835852974,True
maker_mid,GIGAUSD,5,volume_climax_reversal,12,-0.07487425789919755,5,-0.04234812090821238,-0.17196683097161736,False
maker_mid,GIGAUSD,5,triple_confluence,30,0.12327274193469162,13,0.11652002864824407,0.31318563257444354,True
maker_mid,GIGAUSD,5,dip_buy_confluence,0,0.0,0,0.0,0.0,False
maker_mid,GIGAUSD,5,breakout_asymmetric,2,-0.002525077825400346,1,-0.010989999999999944,-0.020307989892453967,False
maker_mid,GIGAUSD,5,breakout_scalp,99,-0.04995095728418675,42,0.07690774624468744,0.059908669103960206,False
maker_mid,DOGUSD,1,momentum_breakout,10,-0.04977842727707127,1,0.022920899325393762,-0.02782566664390023,False
maker_mid,DOGUSD,1,momentum_breakout_trail,43,-0.09461351699703391,11,-0.013026829697807774,-0.12478280987884184,False
maker_mid,DOGUSD,1,macd_trend_long,1,-0.01298800000000011,1,-0.01298800000000011,-0.032470000000000276,False
maker_mid,DOGUSD,1,rsi_momentum_thrust,132,-0.20155289464657566,58,-0.062026030676553656,-0.31088933880793557,False
maker_mid,DOGUSD,1,rsi_oversold_trend,0,0.0,0,0.0,0.0,False
maker_mid,DOGUSD,1,bb_lower_bounce,8,-0.012500761149122352,3,-0.007003097962949734,-0.02849467960291832,False
maker_mid,DOGUSD,1,deep_vwap_pullback,54,-0.17373048612931552,12,-0.04788973438132893,-0.2736968331611318,False
maker_mid,DOGUSD,1,ema_fast_bounce,104,-0.2788195758759273,48,-0.11820231482662458,-0.4892452512910119,False
maker_mid,DOGUSD,1,red_streak_reversal,17,-0.016302682369811805,7,-0.01404196790726231,-0.041840514512119224,False
maker_mid,DOGUSD,1,bb_squeeze_breakout,27,-0.03719279487958316,11,-0.0454638631020049,-0.11430699200287249,False
maker_mid,DOGUSD,1,atr_squeeze_expand,17,-0.012193366427463936,5,0.002657518620057586,-0.010880870757602976,False
maker_mid,DOGUSD,1,quiet_then_burst,57,-0.12152916844511219,24,-0.05575836903067277,-0.21935681252047734,False
maker_mid,DOGUSD,1,higher_low_structure,170,-0.32300474685108505,68,-0.07889234177382531,-0.46324722910112326,False
maker_mid,DOGUSD,1,vwap_reclaim_trend,3,-0.014217591259595874,2,-0.00322759125959593,-0.02664071949028351,False
maker_mid,DOGUSD,1,momentum_accel,144,-0.2712710316654543,47,0.06114873698161416,-0.19783029508560393,False
maker_mid,DOGUSD,1,volume_spike_trend,128,-0.3851594281724591,51,-0.12003078903296416,-0.5964810610225451,False
maker_mid,DOGUSD,1,volume_climax_reversal,21,-0.020567469056230525,9,-0.02439825258380235,-0.06288562549509304,False
maker_mid,DOGUSD,1,triple_confluence,30,0.008929821102814706,13,0.008931815412650534,0.023466465712004548,True
maker_mid,DOGUSD,1,dip_buy_confluence,0,0.0,0,0.0,0.0,False
maker_mid,DOGUSD,1,breakout_asymmetric,1,0.01699146519442518,0,0.0,0.01699146519442518,False
maker_mid,DOGUSD,1,breakout_scalp,128,-0.2212395270855787,46,-0.07390023393875511,-0.3570931794877614,False
maker_mid,DOGUSD,3,momentum_breakout,12,-0.04349446657415157,3,0.0030062024853234615,-0.0511981494210864,False
maker_mid,DOGUSD,3,momentum_breakout_trail,44,-0.20476957827198106,13,-0.035947127665713174,-0.2834272502730657,False
maker_mid,DOGUSD,3,macd_trend_long,0,0.0,0,0.0,0.0,False
maker_mid,DOGUSD,3,rsi_momentum_thrust,115,-0.3924801579040915,42,-0.14026740246127112,-0.6370902778852355,False
maker_mid,DOGUSD,3,rsi_oversold_trend,1,-0.0032742193867514313,1,-0.0032742193867514313,-0.008185548466878578,False
maker_mid,DOGUSD,3,bb_lower_bounce,13,0.0072590200928882576,7,-0.018747258884451057,-0.018668346544267207,False
maker_mid,DOGUSD,3,deep_vwap_pullback,40,-0.07111976148578336,12,-0.05689042790856147,-0.16583946808308192,False
maker_mid,DOGUSD,3,ema_fast_bounce,231,-0.9178479160936149,103,-0.44767513438283657,-1.6544101797265396,False
maker_mid,DOGUSD,3,red_streak_reversal,17,-0.07361969211318342,9,-0.03351008317034465,-0.15316913624247155,False
maker_mid,DOGUSD,3,bb_squeeze_breakout,21,0.01235174778884629,7,-0.0003860071537328258,0.014221320496718232,False
maker_mid,DOGUSD,3,atr_squeeze_expand,22,0.030133967225966507,10,-0.02623956933004601,-0.004087708637430621,False
maker_mid,DOGUSD,3,quiet_then_burst,46,-0.13269475484130389,19,-0.03962607038248822,-0.21124753203408494,False
maker_mid,DOGUSD,3,higher_low_structure,137,-0.42010849020908914,57,-0.13770577778041926,-0.6597768757757916,False
maker_mid,DOGUSD,3,vwap_reclaim_trend,3,-0.0018393568287380369,2,-0.0018990909090907948,-0.005743890848552962,False
maker_mid,DOGUSD,3,momentum_accel,134,-0.3807989419117568,50,-0.08402539142377874,-0.5329287982042484,False
maker_mid,DOGUSD,3,volume_spike_trend,112,-0.28956219732804034,46,-0.09811514723731063,-0.46236045545096244,False
maker_mid,DOGUSD,3,volume_climax_reversal,20,-0.007501823864795254,11,0.012736590075106968,0.009763661718612723,False
maker_mid,DOGUSD,3,triple_confluence,25,-0.06610351897670119,11,-0.03310645433154691,-0.1280313457737504,False
maker_mid,DOGUSD,3,dip_buy_confluence,0,0.0,0,0.0,0.0,False
maker_mid,DOGUSD,3,breakout_asymmetric,4,-0.04396,0,0.0,-3429083698135.166,False
maker_mid,DOGUSD,3,breakout_scalp,119,-0.264617244523894,51,-0.09774012529947318,-0.4388562984526862,False
maker_mid,DOGUSD,5,momentum_breakout,11,-0.004054048851157455,5,-0.01231024171437689,-0.023419230826905484,False
maker_mid,DOGUSD,5,momentum_breakout_trail,28,-0.060511696835195194,10,-0.0074208080154000156,-0.07943265522735689,False
maker_mid,DOGUSD,5,macd_trend_long,0,0.0,0,0.0,0.0,False
maker_mid,DOGUSD,5,rsi_momentum_thrust,87,-0.22994949895180816,36,-0.030543868073893976,-0.29937365382900283,False
maker_mid,DOGUSD,5,rsi_oversold_trend,0,0.0,0,0.0,0.0,False
maker_mid,DOGUSD,5,bb_lower_bounce,9,0.0067064213322587385,5,0.007085835498203297,0.01954496167845767,True
maker_mid,DOGUSD,5,deep_vwap_pullback,29,-0.11609820176274432,9,-0.06449208300697551,-0.2332280433034277,False
maker_mid,DOGUSD,5,ema_fast_bounce,220,-1.063532801889616,98,-0.5135486869075797,-1.9204284287156745,False
maker_mid,DOGUSD,5,red_streak_reversal,17,-0.014256023279903385,7,-0.0035825853370318184,-0.022886948272677392,False
maker_mid,DOGUSD,5,bb_squeeze_breakout,20,0.047282771509034704,6,0.019658464092425443,0.08369283325272074,True
maker_mid,DOGUSD,5,atr_squeeze_expand,16,0.0371524417421909,9,0.08100647334273947,0.16399309700108072,True
maker_mid,DOGUSD,5,quiet_then_burst,43,-0.08394558947657116,22,-0.07228323836421846,-0.20441076800031646,False
maker_mid,DOGUSD,5,higher_low_structure,100,-0.2068119092924544,44,0.028505674133948666,-0.1814969262820923,False
maker_mid,DOGUSD,5,vwap_reclaim_trend,2,0.005041796140986765,1,0.002924325982279319,0.0719152374755751,False
maker_mid,DOGUSD,5,momentum_accel,107,-0.14348013989465913,40,0.05629749897611902,-0.0691876331108271,False
maker_mid,DOGUSD,5,volume_spike_trend,93,-0.11566384153868225,44,-0.059845605251308664,-0.216310740239726,False
maker_mid,DOGUSD,5,volume_climax_reversal,14,0.026840144970921465,5,-0.009457265689905237,0.019411563305359498,False
maker_mid,DOGUSD,5,triple_confluence,18,0.04771027454214549,12,0.05089331006252784,0.13108229335447286,True
maker_mid,DOGUSD,5,dip_buy_confluence,0,0.0,0,0.0,0.0,False
maker_mid,DOGUSD,5,breakout_asymmetric,0,0.0,0,0.0,0.0,False
maker_mid,DOGUSD,5,breakout_scalp,93,-0.1597853698626872,42,-0.004657408944114372,-0.18547102118446157,False
maker_mid,COQUSD,1,momentum_breakout,22,-0.1614561028244189,9,-0.08188631633227161,-0.30615716909977003,False
maker_mid,COQUSD,1,momentum_breakout_trail,48,0.17900611826889445,18,0.09795560647411616,0.33426886202634054,True
maker_mid,COQUSD,1,macd_trend_long,0,0.0,0,0.0,0.0,False
maker_mid,COQUSD,1,rsi_momentum_thrust,36,-0.10900340442417844,12,-0.0665383770675837,-0.21988078195996863,False
maker_mid,COQUSD,1,rsi_oversold_trend,1,-0.010990000000000055,0,0.0,-0.010990000000000055,False
maker_mid,COQUSD,1,bb_lower_bounce,2,-0.020233025576963826,2,-0.020233025576963826,-0.16640009000440148,False
maker_mid,COQUSD,1,deep_vwap_pullback,19,-0.03283607615439521,7,-0.0329837499691471,-0.08712943981498426,False
maker_mid,COQUSD,1,ema_fast_bounce,57,0.16723914412167362,12,-0.004798558679018239,0.17382082476701577,False
maker_mid,COQUSD,1,red_streak_reversal,9,0.04383073269587101,3,-0.019156719647704268,0.026459146867002806,False
maker_mid,COQUSD,1,bb_squeeze_breakout,7,-0.00944705566774573,2,0.015837098107235104,0.012173884615191305,False
maker_mid,COQUSD,1,atr_squeeze_expand,22,0.013201750676045343,6,-0.05866441030472114,-0.07340844436204336,False
maker_mid,COQUSD,1,quiet_then_burst,62,-0.043292786180266885,29,-0.04067215647828182,-0.10791712885897319,False
maker_mid,COQUSD,1,higher_low_structure,77,-0.009040478500559446,32,0.09028521653955457,0.12580786887798287,False
maker_mid,COQUSD,1,vwap_reclaim_trend,0,0.0,0,0.0,0.0,False
maker_mid,COQUSD,1,momentum_accel,107,-0.243141482336367,46,-0.11099308886274806,-0.42245047346963166,False
maker_mid,COQUSD,1,volume_spike_trend,72,-0.01715811802777112,33,-0.06877630647917765,-0.1215592422691991,False
maker_mid,COQUSD,1,volume_climax_reversal,4,-0.0054768143398452596,3,-0.024456814339845256,-0.043964522466804906,False
maker_mid,COQUSD,1,triple_confluence,18,-0.08978922879856188,6,-0.04863145349747078,-0.17443396832454716,False
maker_mid,COQUSD,1,dip_buy_confluence,0,0.0,0,0.0,0.0,False
maker_mid,COQUSD,1,breakout_asymmetric,8,0.003687469393567455,3,0.02122136385353779,0.03612108746670755,False
maker_mid,COQUSD,1,breakout_scalp,79,-0.09654741927041266,34,-0.0003496312338370222,-0.10801976107162674,False
maker_mid,COQUSD,3,momentum_breakout,16,-0.03499641821625121,5,0.0027299998777797763,-0.036201945687573435,False
maker_mid,COQUSD,3,momentum_breakout_trail,48,0.03007579928754267,19,0.08904475382385613,0.165376804614707,True
maker_mid,COQUSD,3,macd_trend_long,0,0.0,0,0.0,0.0,False
maker_mid,COQUSD,3,rsi_momentum_thrust,30,-0.07064376211993573,12,0.04432362685062741,-0.012025099079207907,False
maker_mid,COQUSD,3,rsi_oversold_trend,0,0.0,0,0.0,0.0,False
maker_mid,COQUSD,3,bb_lower_bounce,3,-0.004998000000000058,2,-0.02198000000000011,-0.039754786786787025,False
maker_mid,COQUSD,3,deep_vwap_pullback,20,-0.09738335831522815,10,-0.04142935831522787,-0.1750597052615449,False
maker_mid,COQUSD,3,ema_fast_bounce,180,-0.5513816242381909,73,-0.2797550003506285,-1.000764963073972,False
maker_mid,COQUSD,3,red_streak_reversal,9,0.016333551185656492,4,-0.04396000000000011,-0.046036481297050874,False
maker_mid,COQUSD,3,bb_squeeze_breakout,7,-0.002187155534669416,3,0.01180374147939156,0.014906348947961605,False
maker_mid,COQUSD,3,atr_squeeze_expand,10,0.06303701838577824,3,0.01430575227922426,0.0958351404724728,False
maker_mid,COQUSD,3,quiet_then_burst,44,-0.1991901599784185,22,-0.08102995631768606,-0.3421388376155188,False
maker_mid,COQUSD,3,higher_low_structure,71,-0.12047124217845917,32,0.04234556716442428,-0.06545811088069438,False
maker_mid,COQUSD,3,vwap_reclaim_trend,1,-0.010990000000000055,0,0.0,-0.010990000000000055,False
maker_mid,COQUSD,3,momentum_accel,96,-0.4239595804863109,47,-0.18898438708055543,-0.732128011674661,False
maker_mid,COQUSD,3,volume_spike_trend,82,-0.21853080097414967,39,-0.13867390780989852,-0.4411576767186698,False
maker_mid,COQUSD,3,volume_climax_reversal,3,-0.006996000000000113,1,-0.012988,-0.028666438438438583,False
maker_mid,COQUSD,3,triple_confluence,18,-0.11851038474154552,5,-0.021183845330493334,-0.1694547939223933,False
maker_mid,COQUSD,3,dip_buy_confluence,0,0.0,0,0.0,0.0,False
maker_mid,COQUSD,3,breakout_asymmetric,10,0.004944744827840353,4,0.03213970599954752,0.05409380548950166,True
maker_mid,COQUSD,3,breakout_scalp,67,-0.13337313059617706,28,-0.01959974402283171,-0.17868906089316308,False
maker_mid,COQUSD,5,momentum_breakout,20,-0.08047073514622605,5,0.0027299998777796652,-0.08842830108049982,False
maker_mid,COQUSD,5,momentum_breakout_trail,47,0.06053405464678563,20,-0.05624675437776794,-0.020589298889824113,False
maker_mid,COQUSD,5,macd_trend_long,1,-0.012988,0,0.0,-0.012988,False
maker_mid,COQUSD,5,rsi_momentum_thrust,28,-0.025480092569405532,13,0.01606466634034376,-0.004128330323122625,False
maker_mid,COQUSD,5,rsi_oversold_trend,0,0.0,0,0.0,0.0,False
maker_mid,COQUSD,5,bb_lower_bounce,1,0.016982000000000053,1,0.016982000000000053,0.04245500000000013,False
maker_mid,COQUSD,5,deep_vwap_pullback,14,-0.0034482125865477053,8,0.013434936763597749,0.01612529090107741,False
maker_mid,COQUSD,5,ema_fast_bounce,209,-0.8622188672376743,95,-0.5571306949498819,-1.7432964796899006,False
maker_mid,COQUSD,5,red_streak_reversal,5,0.004989999999999828,1,-0.010990000000000055,-0.010135534554945464,False
maker_mid,COQUSD,5,bb_squeeze_breakout,1,-0.012988,1,-0.012988,-0.03247,False
maker_mid,COQUSD,5,atr_squeeze_expand,10,0.04543723467223382,2,0.02729375227922426,0.09360999130911536,False
maker_mid,COQUSD,5,quiet_then_burst,35,-0.1392938788386845,21,-0.11838823090871153,-0.33152503952488227,False
maker_mid,COQUSD,5,higher_low_structure,63,-0.04754227323589766,27,-0.05769462540561254,-0.13751821545573384,False
maker_mid,COQUSD,5,vwap_reclaim_trend,0,0.0,0,0.0,0.0,False
maker_mid,COQUSD,5,momentum_accel,96,-0.5538067791089405,46,-0.3508864016982357,-1.111741837065637,False
maker_mid,COQUSD,5,volume_spike_trend,81,-0.3550332110285217,39,-0.29248504637998496,-0.8192264052660609,False
maker_mid,COQUSD,5,volume_climax_reversal,1,0.018979999999999997,0,0.0,0.018979999999999997,False
maker_mid,COQUSD,5,triple_confluence,17,-0.18515480223623648,4,-0.0325519415200185,-0.2730079554794815,False
maker_mid,COQUSD,5,dip_buy_confluence,0,0.0,0,0.0,0.0,False
maker_mid,COQUSD,5,breakout_asymmetric,11,-0.07427697588999138,3,0.013643024110008395,-0.07389300452479769,False
maker_mid,COQUSD,5,breakout_scalp,59,-0.09850643444696239,24,-0.0722848034838377,-0.21935156546970858,False
maker_mid,HYPEUSD,1,momentum_breakout,4,0.001909701711809042,0,0.0,0.002480686339781728,False
maker_mid,HYPEUSD,1,momentum_breakout_trail,25,0.015773307208841292,7,0.013041989218729344,0.03757964230427143,True
maker_mid,HYPEUSD,1,macd_trend_long,0,0.0,0,0.0,0.0,False
maker_mid,HYPEUSD,1,rsi_momentum_thrust,213,-0.176112333977405,82,-0.0587280995624917,-0.28314904048826217,False
maker_mid,HYPEUSD,1,rsi_oversold_trend,2,-0.002557173075611874,2,-0.002557173075611874,-0.01690499071870504,False
maker_mid,HYPEUSD,1,bb_lower_bounce,59,-0.14830670989417738,31,-0.07804441541640916,-0.3092926117037196,False
maker_mid,HYPEUSD,1,deep_vwap_pullback,220,-0.3822263761353418,62,-0.12111568101805581,-0.6068214138712119,False
maker_mid,HYPEUSD,1,ema_fast_bounce,209,-0.47909688996755995,91,-0.23897165196558978,-0.8972798869059062,False
maker_mid,HYPEUSD,1,red_streak_reversal,177,-0.3650159448155864,111,-0.24895820926247103,-0.812485440474132,False
maker_mid,HYPEUSD,1,bb_squeeze_breakout,85,-0.18380403590726835,32,-0.08511694494653621,-0.3483169669089807,False
maker_mid,HYPEUSD,1,atr_squeeze_expand,5,0.0024558956680392763,1,-0.003897751994198506,-0.0026996160106045456,False
maker_mid,HYPEUSD,1,quiet_then_burst,18,0.04989125720195897,5,0.03395389487310396,0.11167132988331796,True
maker_mid,HYPEUSD,1,higher_low_structure,504,-0.8703507355811193,211,-0.3018317160726227,-1.3861699425985516,False
maker_mid,HYPEUSD,1,vwap_reclaim_trend,32,-0.05932210790636694,18,-0.03575843213100027,-0.1427310308977718,False
maker_mid,HYPEUSD,1,momentum_accel,176,-0.19894270321422114,53,-0.07747109927523166,-0.33357424747774805,False
maker_mid,HYPEUSD,1,volume_spike_trend,81,-0.06027511133828001,27,-0.0257061767431932,-0.10644253867066614,False
maker_mid,HYPEUSD,1,volume_climax_reversal,78,-0.20093255816741262,37,-0.11936862166805773,-0.42836559724395296,False
maker_mid,HYPEUSD,1,triple_confluence,54,-0.12210040194548011,20,-0.020887676756693008,-0.1803559377783394,False
maker_mid,HYPEUSD,1,dip_buy_confluence,0,0.0,0,0.0,0.0,False
maker_mid,HYPEUSD,1,breakout_asymmetric,0,0.0,0,0.0,0.0,False
maker_mid,HYPEUSD,1,breakout_scalp,187,-0.26990151699647114,57,-0.09346728561409079,-0.44421953165456074,False
maker_mid,HYPEUSD,3,momentum_breakout,7,0.05799330302833905,2,-0.004780624154647861,0.0635025544702779,False
maker_mid,HYPEUSD,3,momentum_breakout_trail,39,-0.1684474496833086,12,-0.06685437172580211,-0.2927571460946638,False
maker_mid,HYPEUSD,3,macd_trend_long,1,-0.012988000000000222,0,0.0,-0.012988000000000222,False
maker_mid,HYPEUSD,3,rsi_momentum_thrust,201,-0.486323229579398,89,-0.2005905208026063,-0.8327731654256505,False
maker_mid,HYPEUSD,3,rsi_oversold_trend,0,0.0,0,0.0,0.0,False
maker_mid,HYPEUSD,3,bb_lower_bounce,55,-0.11056306042613273,26,-0.07213296223358834,-0.2413093749575067,False
maker_mid,HYPEUSD,3,deep_vwap_pullback,106,-0.25287181164765926,33,-0.09322407865874982,-0.42489458305365907,False
maker_mid,HYPEUSD,3,ema_fast_bounce,308,-0.5804645410895901,134,-0.317248677675981,-1.096483509378978,False
maker_mid,HYPEUSD,3,red_streak_reversal,81,-0.1316884423928787,37,-0.09892464455949157,-0.30480411660925744,False
maker_mid,HYPEUSD,3,bb_squeeze_breakout,52,0.004238539167241151,37,-0.016899095488553395,-0.020458198708271993,False
maker_mid,HYPEUSD,3,atr_squeeze_expand,5,0.02751353835013126,1,0.0012965703671645734,0.04950723515841959,False
maker_mid,HYPEUSD,3,quiet_then_burst,45,-0.08289095715644967,14,-0.052630633291151585,-0.1738770355873921,False
maker_mid,HYPEUSD,3,higher_low_structure,289,-0.544170553326192,134,-0.2707752601855239,-0.9915143077153176,False
maker_mid,HYPEUSD,3,vwap_reclaim_trend,19,-0.045908208628501423,10,-0.03630099447139701,-0.11758762855723558,False
maker_mid,HYPEUSD,3,momentum_accel,172,-0.4250087301898793,63,-0.21173876441463124,-0.7738931697715339,False
maker_mid,HYPEUSD,3,volume_spike_trend,133,-0.3358983890614785,44,-0.1412883807358527,-0.5800063012403163,False
maker_mid,HYPEUSD,3,volume_climax_reversal,62,-0.15378921499770215,36,-0.11157970816164309,-0.3537960448077066,False
maker_mid,HYPEUSD,3,triple_confluence,30,0.021870725622035958,12,-0.015012739490021909,0.004942862047643401,False
maker_mid,HYPEUSD,3,dip_buy_confluence,0,0.0,0,0.0,0.0,False
maker_mid,HYPEUSD,3,breakout_asymmetric,1,-0.010990000000000055,0,0.0,-0.010990000000000055,False
maker_mid,HYPEUSD,3,breakout_scalp,168,-0.2989667188320271,65,-0.11967786468738417,-0.5120527324772894,False
maker_mid,HYPEUSD,5,momentum_breakout,9,-0.041877065721952156,4,-0.038598200944665484,-0.11338624083110986,False
maker_mid,HYPEUSD,5,momentum_breakout_trail,47,-0.2830102099917614,14,-0.08004411226793795,-0.4419553896311391,False
maker_mid,HYPEUSD,5,macd_trend_long,0,0.0,0,0.0,0.0,False
maker_mid,HYPEUSD,5,rsi_momentum_thrust,164,-0.4203773588785237,73,-0.18161465333378024,-0.7310284425336668,False
maker_mid,HYPEUSD,5,rsi_oversold_trend,0,0.0,0,0.0,0.0,False
maker_mid,HYPEUSD,5,bb_lower_bounce,37,-0.01731998685935421,23,-0.048057030460461836,-0.09336593425864044,False
maker_mid,HYPEUSD,5,deep_vwap_pullback,55,-0.1830219444419593,17,-0.057906827333869204,-0.29678771405928794,False
maker_mid,HYPEUSD,5,ema_fast_bounce,264,-0.3357818651562524,115,-0.16553796314712588,-0.6064485651487072,False
maker_mid,HYPEUSD,5,red_streak_reversal,37,-0.05867220125270578,17,-0.052106787517610664,-0.15427755735120857,False
maker_mid,HYPEUSD,5,bb_squeeze_breakout,32,-0.0471930855686421,19,-0.060652015981808916,-0.14720746647919308,False
maker_mid,HYPEUSD,5,atr_squeeze_expand,12,-0.027298514504549343,6,-0.026163867159717413,-0.07777835486571694,False
maker_mid,HYPEUSD,5,quiet_then_burst,40,-0.112712606351974,16,-0.025002921715568616,-0.1695176458531309,False
maker_mid,HYPEUSD,5,higher_low_structure,231,-0.6848228606885816,113,-0.3037080082080924,-1.1895105781008692,False
maker_mid,HYPEUSD,5,vwap_reclaim_trend,16,-0.03814369934521833,8,-0.0351839648960206,-0.10147685966954424,False
maker_mid,HYPEUSD,5,momentum_accel,174,-0.4977217454095819,72,-0.21491963414590498,-0.8545954973011739,False
maker_mid,HYPEUSD,5,volume_spike_trend,120,-0.41824408351469766,44,-0.1321715390102569,-0.6551618243057453,False
maker_mid,HYPEUSD,5,volume_climax_reversal,45,-0.11713719741262019,26,-0.06306103150162057,-0.23741941884109982,False
maker_mid,HYPEUSD,5,triple_confluence,23,-0.10425430685060377,11,-0.04284409411342738,-0.19361906948283236,False
maker_mid,HYPEUSD,5,dip_buy_confluence,0,0.0,0,0.0,0.0,False
maker_mid,HYPEUSD,5,breakout_asymmetric,1,-0.010990000000000055,0,0.0,-0.010990000000000055,False
maker_mid,HYPEUSD,5,breakout_scalp,167,-0.30233699204217535,73,-0.10255245982799965,-0.4887201938746166,False
maker_optimistic,GIGAUSD,1,momentum_breakout,14,-0.03731050976743577,9,-0.03206791269960274,-0.09661801674987781,False
maker_optimistic,GIGAUSD,1,momentum_breakout_trail,47,0.08993396111029828,22,0.0703722192965669,0.20485326881069524,True
maker_optimistic,GIGAUSD,1,macd_trend_long,0,0.0,0,0.0,0.0,False
maker_optimistic,GIGAUSD,1,rsi_momentum_thrust,83,0.009945897387919622,38,0.00137215138607516,0.013113318535488125,True
maker_optimistic,GIGAUSD,1,rsi_oversold_trend,1,-0.008496315302939927,1,-0.008496315302939927,-0.02124078825734982,False
maker_optimistic,GIGAUSD,1,bb_lower_bounce,12,-0.003279826940964514,6,0.00028878363838624743,-0.004044757964257163,False
maker_optimistic,GIGAUSD,1,deep_vwap_pullback,50,0.04263458543340681,23,-0.004248068354750334,0.04245857332050194,False
maker_optimistic,GIGAUSD,1,ema_fast_bounce,84,0.07180724085774715,39,0.006958564246975718,0.09013233269574608,True
maker_optimistic,GIGAUSD,1,red_streak_reversal,21,-0.036119709924726795,7,-0.029905696302161666,-0.09189109820892596,False
maker_optimistic,GIGAUSD,1,bb_squeeze_breakout,14,0.06757941477847718,4,0.009870390517949579,0.09974842743163075,True
maker_optimistic,GIGAUSD,1,atr_squeeze_expand,28,-0.07328832818321618,12,-0.042126504583157476,-0.15097741768870282,False
maker_optimistic,GIGAUSD,1,quiet_then_burst,36,0.11187372883277591,13,0.07922991566630377,0.24766595373449207,True
maker_optimistic,GIGAUSD,1,higher_low_structure,146,0.12406409616390701,65,0.10585420006012991,0.29215906856697316,True
maker_optimistic,GIGAUSD,1,vwap_reclaim_trend,3,0.016863071530056173,2,0.012152069371766494,0.04957435186974703,False
maker_optimistic,GIGAUSD,1,momentum_accel,122,0.14507508646910228,59,0.13955445438374914,0.3648363369472824,True
maker_optimistic,GIGAUSD,1,volume_spike_trend,83,0.055415304201968274,36,0.05639982885444739,0.14558129209043574,True
maker_optimistic,GIGAUSD,1,volume_climax_reversal,10,-0.0048970407758374135,5,-0.007350547691267861,-0.01778885788663377,False
maker_optimistic,GIGAUSD,1,triple_confluence,36,-0.01745906906154948,16,-0.008721088726831305,-0.03382618175237858,False
maker_optimistic,GIGAUSD,1,dip_buy_confluence,0,0.0,0,0.0,0.0,False
maker_optimistic,GIGAUSD,1,breakout_asymmetric,3,0.009419910729687508,1,0.004426884097550765,0.06085718412377708,False
maker_optimistic,GIGAUSD,1,breakout_scalp,113,0.09203068740178044,56,0.05173154345321551,0.18044954880147368,True
maker_optimistic,GIGAUSD,3,momentum_breakout,16,0.06311162279611038,7,0.0446599382600501,0.13890305710986822,True
maker_optimistic,GIGAUSD,3,momentum_breakout_trail,48,0.21966829509940278,22,0.16751318383089153,0.48839541596131536,True
maker_optimistic,GIGAUSD,3,macd_trend_long,0,0.0,0,0.0,0.0,False
maker_optimistic,GIGAUSD,3,rsi_momentum_thrust,72,0.18849948227137425,33,0.10718941766914025,0.3681235979610503,True
maker_optimistic,GIGAUSD,3,rsi_oversold_trend,1,0.014411652835510269,0,0.0,0.014411652835510269,False
maker_optimistic,GIGAUSD,3,bb_lower_bounce,10,-0.021979848450829786,4,-0.03165367267170549,-0.07681792343512617,False
maker_optimistic,GIGAUSD,3,deep_vwap_pullback,29,0.04441300934781112,10,0.045552881388569944,0.11902868277070003,True
maker_optimistic,GIGAUSD,3,ema_fast_bounce,160,-0.018573025091323414,71,0.0662513725848003,0.0793412326724604,False
maker_optimistic,GIGAUSD,3,red_streak_reversal,8,-0.01953724774395782,1,-0.005373074644770659,-0.04036302943227451,False
maker_optimistic,GIGAUSD,3,bb_squeeze_breakout,14,0.055863980949251824,4,0.05621450763068925,0.15182530153027846,True
maker_optimistic,GIGAUSD,3,atr_squeeze_expand,24,0.07018438407989702,12,0.08419481321436428,0.2070254284286913,True
maker_optimistic,GIGAUSD,3,quiet_then_burst,39,0.0448029215577741,13,0.026592867279047305,0.09042292760425694,True
maker_optimistic,GIGAUSD,3,higher_low_structure,127,0.03853848887042732,54,0.12712297426236963,0.23207165434795016,True
maker_optimistic,GIGAUSD,3,vwap_reclaim_trend,6,0.0362375623828638,3,0.036032436474084495,0.10874843089780131,False
maker_optimistic,GIGAUSD,3,momentum_accel,109,0.19264611503505247,45,0.2079770579097867,0.5189163027171279,True
maker_optimistic,GIGAUSD,3,volume_spike_trend,84,0.3194410615465083,35,0.19130529137848828,0.632441878050224,True
maker_optimistic,GIGAUSD,3,volume_climax_reversal,11,-0.010418158423697532,6,-0.011668031548677904,-0.0318318898949554,False
maker_optimistic,GIGAUSD,3,triple_confluence,28,0.11026548006789894,13,0.11696152330227927,0.30319059414033045,True
maker_optimistic,GIGAUSD,3,dip_buy_confluence,0,0.0,0,0.0,0.0,False
maker_optimistic,GIGAUSD,3,breakout_asymmetric,3,0.026597595279753472,1,0.022374896726384375,0.06916437567585645,False
maker_optimistic,GIGAUSD,3,breakout_scalp,100,0.02885128183357155,40,0.0551251457167512,0.11490924884807276,True
maker_optimistic,GIGAUSD,5,momentum_breakout,11,0.08884675514966944,5,0.048216938806302845,0.17575542696900237,True
maker_optimistic,GIGAUSD,5,momentum_breakout_trail,46,0.221377583277796,23,0.22070605463734072,0.5715855034438246,True
maker_optimistic,GIGAUSD,5,macd_trend_long,0,0.0,0,0.0,0.0,False
maker_optimistic,GIGAUSD,5,rsi_momentum_thrust,70,0.12385753718340087,29,0.08016434006515338,0.2572582498233555,True
maker_optimistic,GIGAUSD,5,rsi_oversold_trend,0,0.0,0,0.0,0.0,False
maker_optimistic,GIGAUSD,5,bb_lower_bounce,6,-0.015649339280636387,3,0.003719545305525429,-0.016053684909395634,False
maker_optimistic,GIGAUSD,5,deep_vwap_pullback,21,0.07086705877517274,9,0.046225731747609244,0.15179595744453897,True
maker_optimistic,GIGAUSD,5,ema_fast_bounce,154,0.1552267406721044,63,0.08886447138291531,0.3003731609593049,True
maker_optimistic,GIGAUSD,5,red_streak_reversal,12,-0.0417455278068628,4,-0.018282007902736708,-0.08148408064847541,False
maker_optimistic,GIGAUSD,5,bb_squeeze_breakout,11,-0.015369257788950597,2,0.010781440943868015,-0.004357938295685973,False
maker_optimistic,GIGAUSD,5,atr_squeeze_expand,11,-5.2733121191916865e-06,5,0.05821466546055942,0.08731549701724851,False
maker_optimistic,GIGAUSD,5,quiet_then_burst,38,0.11041020751275976,17,0.09284832752554073,0.2617520781323604,True
maker_optimistic,GIGAUSD,5,higher_low_structure,115,0.248426102347729,50,0.26281686345749733,0.6603378013020355,True
maker_optimistic,GIGAUSD,5,vwap_reclaim_trend,1,-0.005545120089703981,0,0.0,-0.005545120089703981,False
maker_optimistic,GIGAUSD,5,momentum_accel,108,0.15693501406789423,44,0.16265646848445914,0.4122502255466222,True
maker_optimistic,GIGAUSD,5,volume_spike_trend,79,0.23837316714746792,33,0.10731097184001837,0.42030376321118196,True
maker_optimistic,GIGAUSD,5,volume_climax_reversal,12,-0.06093212269289139,5,-0.0367849146190794,-0.14230619341325806,False
maker_optimistic,GIGAUSD,5,triple_confluence,30,0.16257698929710918,13,0.1334758777431726,0.3826735261466193,True
maker_optimistic,GIGAUSD,5,dip_buy_confluence,0,0.0,0,0.0,0.0,False
maker_optimistic,GIGAUSD,5,breakout_asymmetric,2,-0.00041923752229178213,1,-0.010297,-0.016072540475488884,False
maker_optimistic,GIGAUSD,5,breakout_scalp,99,0.13932329201828864,42,0.17130402426350566,0.41138465045082345,True
maker_optimistic,DOGUSD,1,momentum_breakout,10,-0.03721652769067996,1,0.02435399217937495,-0.00986647837074986,False
maker_optimistic,DOGUSD,1,momentum_breakout_trail,43,0.024539282633093795,11,0.018818368193906587,0.05555770033078719,True
maker_optimistic,DOGUSD,1,macd_trend_long,1,-0.012296399999999985,1,-0.012296399999999985,-0.030740999999999963,False
maker_optimistic,DOGUSD,1,rsi_momentum_thrust,132,-0.03191644123698212,58,0.01802275913112017,-0.007453455771625793,False
maker_optimistic,DOGUSD,1,rsi_oversold_trend,0,0.0,0,0.0,0.0,False
maker_optimistic,DOGUSD,1,bb_lower_bounce,8,-0.002022598190991709,3,-0.0028099658496789637,-0.0071509423437638294,False
maker_optimistic,DOGUSD,1,deep_vwap_pullback,54,-0.08995962123225754,12,-0.027831373827290617,-0.14517633638255859,False
maker_optimistic,DOGUSD,1,ema_fast_bounce,104,-0.14268756357923684,48,-0.06014890242272597,-0.2496425488093797,False
maker_optimistic,DOGUSD,1,red_streak_reversal,17,0.004475138358380204,7,-0.004479466328923265,-0.0010267161948426249,False
maker_optimistic,DOGUSD,1,bb_squeeze_breakout,27,-0.0028743372139123924,11,-0.03288150559530578,-0.052868594142318565,False
maker_optimistic,DOGUSD,1,atr_squeeze_expand,17,0.007459118730013703,5,0.008283776959880917,0.021476606754895843,True
maker_optimistic,DOGUSD,1,quiet_then_burst,57,-0.034359869126907805,24,-0.00637631589438914,-0.04798732154260042,False
maker_optimistic,DOGUSD,1,higher_low_structure,170,-0.10697061563479171,68,0.014716230253858487,-0.09211760344379906,False
maker_optimistic,DOGUSD,1,vwap_reclaim_trend,3,-0.011419735164536204,2,-0.0011227351645362038,-0.018968754885679527,False
maker_optimistic,DOGUSD,1,momentum_accel,145,-0.048285412783029,48,0.11970456854431355,0.12814103259777815,False
maker_optimistic,DOGUSD,1,volume_spike_trend,128,-0.21427355570876438,51,-0.03789887506318668,-0.2885115532985487,False
maker_optimistic,DOGUSD,1,volume_climax_reversal,21,0.006728377499272686,9,-0.01251478927554528,-0.010179455909614403,False
maker_optimistic,DOGUSD,1,triple_confluence,30,0.046036719698943296,13,0.02508982383697722,0.08949791219757486,True
maker_optimistic,DOGUSD,1,dip_buy_confluence,0,0.0,0,0.0,0.0,False
maker_optimistic,DOGUSD,1,breakout_asymmetric,1,0.018416251023213315,0,0.0,0.018416251023213315,False
maker_optimistic,DOGUSD,1,breakout_scalp,127,-0.05539724038927707,45,-0.01826643131570216,-0.08892036157243603,False
maker_optimistic,DOGUSD,3,momentum_breakout,12,-0.028121801063398788,3,0.007213357439417201,-0.025071685212419214,False
maker_optimistic,DOGUSD,3,momentum_breakout_trail,44,-0.12610848557263576,13,-0.014261807673837334,-0.1624596117457437,False
maker_optimistic,DOGUSD,3,macd_trend_long,0,0.0,0,0.0,0.0,False
maker_optimistic,DOGUSD,3,rsi_momentum_thrust,114,-0.22594793103530075,41,-0.06370590041649438,-0.3411419566943432,False
maker_optimistic,DOGUSD,3,rsi_oversold_trend,1,-0.0018778253991833527,1,-0.0018778253991833527,-0.004694563497958382,False
maker_optimistic,DOGUSD,3,bb_lower_bounce,13,0.03812744859504802,7,0.005083605562713034,0.0589573537036744,True
maker_optimistic,DOGUSD,3,deep_vwap_pullback,40,-0.01833326810555591,12,-0.03424840996692602,-0.07213201687370793,False
maker_optimistic,DOGUSD,3,ema_fast_bounce,229,-0.6332629074886815,102,-0.31837343343933633,-1.1550440735144036,False
maker_optimistic,DOGUSD,3,red_streak_reversal,17,-0.04262649709049393,9,-0.022333368849544732,-0.09302037584153436,False
maker_optimistic,DOGUSD,3,bb_squeeze_breakout,21,0.04318373217222393,7,0.012920832135926652,0.07128086526230742,True
maker_optimistic,DOGUSD,3,atr_squeeze_expand,22,0.05612659228317929,10,-0.015031260058045448,0.043029584697423705,False
maker_optimistic,DOGUSD,3,quiet_then_burst,46,-0.08021505692160902,19,-0.01582768538192747,-0.11527783338274286,False
maker_optimistic,DOGUSD,3,higher_low_structure,136,-0.2412768902930157,56,-0.05101141388938679,-0.33660069576900253,False
maker_optimistic,DOGUSD,3,vwap_reclaim_trend,3,0.0016684252636007812,2,0.00020762638986093762,0.002903393146927528,False
maker_optimistic,DOGUSD,3,momentum_accel,134,-0.19446846088115077,50,-0.0004709202804229484,-0.20847537148279635,False
maker_optimistic,DOGUSD,3,volume_spike_trend,112,-0.15697638858760887,46,-0.04110805155116182,-0.2323641876312623,False
maker_optimistic,DOGUSD,3,volume_climax_reversal,20,0.017028975976802863,11,0.02816522597493265,0.06338966696928203,True
maker_optimistic,DOGUSD,3,triple_confluence,25,-0.035995206049676765,11,-0.01980930294304395,-0.07222880932436154,False
maker_optimistic,DOGUSD,3,dip_buy_confluence,0,0.0,0,0.0,0.0,False
maker_optimistic,DOGUSD,3,breakout_asymmetric,4,-0.041188,0,0.0,-2271831453860.782,False
maker_optimistic,DOGUSD,3,breakout_scalp,118,-0.08011978610003911,50,0.004201463755901913,-0.08224200462132532,False
maker_optimistic,DOGUSD,5,momentum_breakout,11,0.02724434443828283,5,0.011259784586502564,0.05061618827770487,True
maker_optimistic,DOGUSD,5,momentum_breakout_trail,28,-0.02753858521421859,10,0.0128578791864431,-0.011876664384806314,False
maker_optimistic,DOGUSD,5,macd_trend_long,0,0.0,0,0.0,0.0,False
maker_optimistic,DOGUSD,5,rsi_momentum_thrust,87,-0.12043063144775101,36,0.0184779963103201,-0.10496179471103118,False
maker_optimistic,DOGUSD,5,rsi_oversold_trend,0,0.0,0,0.0,0.0,False
maker_optimistic,DOGUSD,5,bb_lower_bounce,9,0.0165347213231275,5,0.013408083830507733,0.042000924477501825,True
maker_optimistic,DOGUSD,5,deep_vwap_pullback,29,-0.06510284803132693,9,-0.035197501274841114,-0.1294575108675016,False
maker_optimistic,DOGUSD,5,ema_fast_bounce,219,-0.7866058379721943,98,-0.3688355673286936,-1.4012325844126887,False
maker_optimistic,DOGUSD,5,red_streak_reversal,17,0.020694102984911922,7,0.004834094628676344,0.03271832698467192,True
maker_optimistic,DOGUSD,5,bb_squeeze_breakout,20,0.0711228841355287,6,0.0266766412768068,0.12162072132298749,True
maker_optimistic,DOGUSD,5,atr_squeeze_expand,16,0.05471613264126629,9,0.09158947581987376,0.19992668444071796,True
maker_optimistic,DOGUSD,5,quiet_then_burst,43,-0.032835797560619606,22,-0.045018847282253915,-0.10499801730675043,False
maker_optimistic,DOGUSD,5,higher_low_structure,100,-0.09371339226712139,44,0.08039465699243098,0.01906690596837701,False
maker_optimistic,DOGUSD,5,vwap_reclaim_trend,2,0.007850821816264286,1,0.004329404014800531,0.11151022208083106,False
maker_optimistic,DOGUSD,5,momentum_accel,107,0.0012136521902939013,40,0.1247480329077073,0.18842156314157357,True
maker_optimistic,DOGUSD,5,volume_spike_trend,93,-0.00014174061432836726,44,-0.0018050332823797977,-0.0028624916295850768,False
maker_optimistic,DOGUSD,5,volume_climax_reversal,14,0.04299078405559187,5,-0.0031567947695655407,0.04901018425634465,False
maker_optimistic,DOGUSD,5,triple_confluence,18,0.07088554158286264,12,0.06635623625752929,0.18086250102412682,True
maker_optimistic,DOGUSD,5,dip_buy_confluence,0,0.0,0,0.0,0.0,False
maker_optimistic,DOGUSD,5,breakout_asymmetric,0,0.0,0,0.0,0.0,False
maker_optimistic,DOGUSD,5,breakout_scalp,92,-0.04446543545093462,42,0.04165493826968536,0.0128146789047527,False
maker_optimistic,COQUSD,1,momentum_breakout,22,-0.11989581530658211,9,-0.05273094332142947,-0.2148866748728734,False
maker_optimistic,COQUSD,1,momentum_breakout_trail,47,0.3019422894300887,18,0.15249956762073924,0.5447628433916789,True
maker_optimistic,COQUSD,1,macd_trend_long,0,0.0,0,0.0,0.0,False
maker_optimistic,COQUSD,1,rsi_momentum_thrust,36,-0.04808215245535996,12,-0.026641205209517627,-0.09283203629562102,False
maker_optimistic,COQUSD,1,rsi_oversold_trend,1,-0.010297,0,0.0,-0.010297,False
maker_optimistic,COQUSD,1,bb_lower_bounce,2,-0.018151993774099928,2,-0.018151993774099928,-0.11971228376183929,False
maker_optimistic,COQUSD,1,deep_vwap_pullback,19,-0.006292344480752554,7,-0.01695367859452268,-0.032600231891714106,False
maker_optimistic,COQUSD,1,ema_fast_bounce,58,0.25580709260412315,12,0.005724262384621648,0.2852157317719217,True
maker_optimistic,COQUSD,1,red_streak_reversal,9,0.05297508485306046,3,-0.01567319885349905,0.04326059955668872,False
maker_optimistic,COQUSD,1,bb_squeeze_breakout,7,0.0020048736452662475,2,0.02239309999999972,0.036005863845059174,False
maker_optimistic,COQUSD,1,atr_squeeze_expand,22,0.03074491098068377,6,-0.05379663721505268,-0.046730001874967245,False
maker_optimistic,COQUSD,1,quiet_then_burst,62,0.01769848007551933,29,-0.011938980187615189,0.0012580553405971474,False
maker_optimistic,COQUSD,1,higher_low_structure,78,0.0844692356338711,32,0.11700784428506128,0.2652856327237112,True
maker_optimistic,COQUSD,1,vwap_reclaim_trend,0,0.0,0,0.0,0.0,False
maker_optimistic,COQUSD,1,momentum_accel,108,-0.13064109448483308,46,-0.04256117928284042,-0.20131320784538692,False
maker_optimistic,COQUSD,1,volume_spike_trend,72,0.05015900720491073,33,-0.038684454860699935,-0.004270498305482392,False
maker_optimistic,COQUSD,1,volume_climax_reversal,4,-0.001976504882367669,3,-0.02167050488236777,-0.03513023520290235,False
maker_optimistic,COQUSD,1,triple_confluence,18,-0.03543847528589217,6,-0.019204210111267384,-0.06884783348806627,False
maker_optimistic,COQUSD,1,dip_buy_confluence,0,0.0,0,0.0,0.0,False
maker_optimistic,COQUSD,1,breakout_asymmetric,8,0.010744978376859837,3,0.024068869255165715,0.04857381377933105,False
maker_optimistic,COQUSD,1,breakout_scalp,79,0.00037920566554694446,34,0.05877096584264274,0.0885778561814872,True
maker_optimistic,COQUSD,3,momentum_breakout,16,-0.018142441216461136,5,0.008360557243231592,-0.008295377404669424,False
maker_optimistic,COQUSD,3,momentum_breakout_trail,48,0.06277602762431678,19,0.11027545348338053,0.23179035155273467,True
maker_optimistic,COQUSD,3,macd_trend_long,0,0.0,0,0.0,0.0,False
maker_optimistic,COQUSD,3,rsi_momentum_thrust,30,-0.03232143395357845,12,0.0679900199622947,0.06607015575425634,False
maker_optimistic,COQUSD,3,rsi_oversold_trend,0,0.0,0,0.0,0.0,False
maker_optimistic,COQUSD,3,bb_lower_bounce,3,-0.0028993999999998854,2,-0.02059399999999989,-0.034826210743222646,False
maker_optimistic,COQUSD,3,deep_vwap_pullback,20,-0.048132806993239075,10,-0.021925245386237746,-0.08815684151583705,False
maker_optimistic,COQUSD,3,ema_fast_bounce,181,-0.3101552751430007,73,-0.20612454748055764,-0.6357944114483092,False
maker_optimistic,COQUSD,3,red_streak_reversal,9,0.02336162733694558,4,-0.04118799999999989,-0.033342697286787314,False
maker_optimistic,COQUSD,3,bb_squeeze_breakout,7,0.00554309255788088,3,0.015332036454954068,0.030053885600032183,False
maker_optimistic,COQUSD,3,atr_squeeze_expand,10,0.07433752220455236,3,0.017837552524646916,0.11434994329104956,False
maker_optimistic,COQUSD,3,quiet_then_burst,44,-0.14295437500158847,22,-0.04364130295720181,-0.22291481267253938,False
maker_optimistic,COQUSD,3,higher_low_structure,70,-0.020432784110118174,32,0.08737754600707026,0.10921743557738511,False
maker_optimistic,COQUSD,3,vwap_reclaim_trend,1,-0.010297,0,0.0,-0.010297,False
maker_optimistic,COQUSD,3,momentum_accel,96,-0.2511483487716035,47,-0.05811436515624713,-0.35234203624260446,False
maker_optimistic,COQUSD,3,volume_spike_trend,82,-0.11484893159271725,39,-0.08170120313732232,-0.24504204640855695,False
maker_optimistic,COQUSD,3,volume_climax_reversal,3,-0.00489879999999987,1,-0.012296399999999985,-0.024874734400319898,False
maker_optimistic,COQUSD,3,triple_confluence,18,-0.10103870628911349,5,-0.016275877234448344,-0.14145551230030398,False
maker_optimistic,COQUSD,3,dip_buy_confluence,0,0.0,0,0.0,0.0,False
maker_optimistic,COQUSD,3,breakout_asymmetric,10,0.014805977444400709,4,0.03709607322401398,0.07320646887676364,True
maker_optimistic,COQUSD,3,breakout_scalp,67,-0.04783600362496465,28,0.022839314843039915,-0.019224952659694823,False
maker_optimistic,COQUSD,5,momentum_breakout,20,0.0005272847748196696,5,0.06834255724323157,0.10310559515571517,True
maker_optimistic,COQUSD,5,momentum_breakout_trail,47,0.18436857537696083,20,0.04440879402623854,0.2607262561800934,True
maker_optimistic,COQUSD,5,macd_trend_long,1,-0.012296399999999874,0,0.0,-0.012296399999999874,False
maker_optimistic,COQUSD,5,rsi_momentum_thrust,28,-0.0009347282169061,13,0.028013500014382853,0.04098546081024368,False
maker_optimistic,COQUSD,5,rsi_oversold_trend,0,0.0,0,0.0,0.0,False
maker_optimistic,COQUSD,5,bb_lower_bounce,1,0.017694600000000227,1,0.017694600000000227,0.04423650000000057,False
maker_optimistic,COQUSD,5,deep_vwap_pullback,14,0.01889652605118708,8,0.03087925201909758,0.06821282575414708,True
maker_optimistic,COQUSD,5,ema_fast_bounce,207,-0.6048476213224978,91,-0.395670732992096,-1.2293697172170008,False
maker_optimistic,COQUSD,5,red_streak_reversal,5,0.03848800000000008,1,-0.010297,0.03352075027733206,False
maker_optimistic,COQUSD,5,bb_squeeze_breakout,1,-0.012296399999999874,1,-0.012296399999999874,-0.030740999999999685,False
maker_optimistic,COQUSD,5,atr_squeeze_expand,10,0.054606645767264705,2,0.0301339525246469,0.1084422330362683,False
maker_optimistic,COQUSD,5,quiet_then_burst,35,-0.11205772247355483,21,-0.10235415255549196,-0.27733822279153425,False
maker_optimistic,COQUSD,5,higher_low_structure,63,0.026140966344019745,27,-0.017675386294118023,0.0014786143307184943,False
maker_optimistic,COQUSD,5,vwap_reclaim_trend,0,0.0,0,0.0,0.0,False
maker_optimistic,COQUSD,5,momentum_accel,95,-0.3746526438118998,45,-0.2164975383384079,-0.7200988119598272,False
maker_optimistic,COQUSD,5,volume_spike_trend,82,-0.2701045465738998,39,-0.24473785927534608,-0.6559256647155656,False
maker_optimistic,COQUSD,5,volume_climax_reversal,1,0.0196940000000001,0,0.0,0.0196940000000001,False
maker_optimistic,COQUSD,5,triple_confluence,17,-0.11126273173289314,4,0.030921118980972495,-0.08017088812290454,False
maker_optimistic,COQUSD,5,dip_buy_confluence,0,0.0,0,0.0,0.0,False
maker_optimistic,COQUSD,5,breakout_asymmetric,11,-0.06520350327446478,3,0.01717249672553489,-0.056680655485687265,False
maker_optimistic,COQUSD,5,breakout_scalp,59,0.027348719887619666,24,-0.010400158335619136,0.01508531362421675,False
maker_optimistic,HYPEUSD,1,momentum_breakout,4,0.007516301596104169,0,0.0,0.009760468041292207,False
maker_optimistic,HYPEUSD,1,momentum_breakout_trail,25,0.03924762204202448,7,0.022178042124634922,0.07819146322463245,True
maker_optimistic,HYPEUSD,1,macd_trend_long,0,0.0,0,0.0,0.0,False
maker_optimistic,HYPEUSD,1,rsi_momentum_thrust,213,0.11648755019419388,82,0.05465482366442298,0.21093165645410894,True
maker_optimistic,HYPEUSD,1,rsi_oversold_trend,2,0.00024120658736015432,2,0.00024120658736015432,0.0015931842208225671,False
maker_optimistic,HYPEUSD,1,bb_lower_bounce,59,-0.06862693677451559,31,-0.036108508498178815,-0.142657483590731,False
maker_optimistic,HYPEUSD,1,deep_vwap_pullback,220,-0.07803679762980031,62,-0.03583278795420153,-0.1405621988906431,False
maker_optimistic,HYPEUSD,1,ema_fast_bounce,209,-0.1918468874908762,91,-0.11120042670566455,-0.3824047642728093,False
maker_optimistic,HYPEUSD,1,red_streak_reversal,177,-0.11087694274101012,111,-0.08522582036527093,-0.26132234087936773,False
maker_optimistic,HYPEUSD,1,bb_squeeze_breakout,85,-0.06636051811699506,32,-0.04109598191653252,-0.14120327352246528,False
maker_optimistic,HYPEUSD,1,atr_squeeze_expand,5,0.008773056702366944,1,-0.002502231564033286,0.007462242268040481,False
maker_optimistic,HYPEUSD,1,quiet_then_burst,18,0.07376706114376241,5,0.04028580164393791,0.15027527741313623,True
maker_optimistic,HYPEUSD,1,higher_low_structure,504,-0.17807034265208932,211,-0.010666268742811291,-0.20693902434377875,False
maker_optimistic,HYPEUSD,1,vwap_reclaim_trend,32,-0.014573821632558492,18,-0.010590869091587574,-0.037763881911474256,False
maker_optimistic,HYPEUSD,1,momentum_accel,176,0.045219883159875796,53,-0.005471849233064874,0.04121095505336874,False
maker_optimistic,HYPEUSD,1,volume_spike_trend,81,0.04888465595954361,27,0.00995197905579115,0.07001193108395982,True
maker_optimistic,HYPEUSD,1,volume_climax_reversal,78,-0.09401109002715091,37,-0.06908192421913073,-0.21994844196572158,False
maker_optimistic,HYPEUSD,1,triple_confluence,54,-0.04661848252003209,20,0.00710268214418508,-0.04622978994298827,False
maker_optimistic,HYPEUSD,1,dip_buy_confluence,0,0.0,0,0.0,0.0,False
maker_optimistic,HYPEUSD,1,breakout_asymmetric,0,0.0,0,0.0,0.0,False
maker_optimistic,HYPEUSD,1,breakout_scalp,187,-0.024845225066085996,57,-0.021368444555585064,-0.060053720907239524,False
maker_optimistic,HYPEUSD,3,momentum_breakout,7,0.06715035706807204,2,-0.001985359504630413,0.07904990193806334,False
maker_optimistic,HYPEUSD,3,momentum_breakout_trail,39,-0.11838216509642852,12,-0.051514433000829585,-0.2123233004561803,False
maker_optimistic,HYPEUSD,3,macd_trend_long,1,-0.012296399999999985,0,0.0,-0.012296399999999985,False
maker_optimistic,HYPEUSD,3,rsi_momentum_thrust,201,-0.20958999012493584,89,-0.06930789658202208,-0.3329452004583972,False
maker_optimistic,HYPEUSD,3,rsi_oversold_trend,0,0.0,0,0.0,0.0,False
maker_optimistic,HYPEUSD,3,bb_lower_bounce,55,-0.04001861952612695,26,-0.03729545508063503,-0.103978916926038,False
maker_optimistic,HYPEUSD,3,deep_vwap_pullback,106,-0.10814794145020079,33,-0.04712230729838951,-0.1925864421721968,False
maker_optimistic,HYPEUSD,3,ema_fast_bounce,308,-0.18614748130905245,134,-0.1455753259788103,-0.4172866598033033,False
maker_optimistic,HYPEUSD,3,red_streak_reversal,81,-0.02256995909207493,37,-0.04930468813008804,-0.10073080958522145,False
maker_optimistic,HYPEUSD,3,bb_squeeze_breakout,52,0.07599346755245184,37,0.03522675345863957,0.14065175725217993,True
maker_optimistic,HYPEUSD,3,atr_squeeze_expand,5,0.034556989832894014,1,0.002699367944821951,0.06375214670596174,False
maker_optimistic,HYPEUSD,3,quiet_then_burst,45,-0.023926170015726167,14,-0.031018298887429352,-0.0739279301511597,False
maker_optimistic,HYPEUSD,3,higher_low_structure,289,-0.15478795215077001,134,-0.08659666937147725,-0.2963044667900328,False
maker_optimistic,HYPEUSD,3,vwap_reclaim_trend,19,-0.02004646845183622,10,-0.023034624732829134,-0.06204288078113398,False
maker_optimistic,HYPEUSD,3,momentum_accel,172,-0.2023976046736815,63,-0.12476039013120832,-0.40434015168887827,False
maker_optimistic,HYPEUSD,3,volume_spike_trend,133,-0.16987964391441257,44,-0.08463395222977332,-0.31289930056764476,False
maker_optimistic,HYPEUSD,3,volume_climax_reversal,62,-0.07119070549343609,36,-0.0626830796991189,-0.18015933518413732,False
maker_optimistic,HYPEUSD,3,triple_confluence,30,0.06393079930750689,12,0.001778001230418269,0.0829188289215321,True
maker_optimistic,HYPEUSD,3,dip_buy_confluence,0,0.0,0,0.0,0.0,False
maker_optimistic,HYPEUSD,3,breakout_asymmetric,1,-0.007615205932516522,0,0.0,-0.007615205932516522,False
maker_optimistic,HYPEUSD,3,breakout_scalp,168,-0.08982348287869546,65,-0.037497672273690275,-0.1561076237811809,False
maker_optimistic,HYPEUSD,5,momentum_breakout,9,-0.01743236894345035,4,-0.020464729649831814,-0.05426809414884914,False
maker_optimistic,HYPEUSD,5,momentum_breakout_trail,47,-0.17413630241461409,14,-0.036033602946578314,-0.2511601241463752,False
maker_optimistic,HYPEUSD,5,macd_trend_long,0,0.0,0,0.0,0.0,False
maker_optimistic,HYPEUSD,5,rsi_momentum_thrust,164,-0.2140473887495853,73,-0.08650932286031832,-0.36291838673859256,False
maker_optimistic,HYPEUSD,5,rsi_oversold_trend,0,0.0,0,0.0,0.0,False
maker_optimistic,HYPEUSD,5,bb_lower_bounce,37,0.03100953926080352,23,-0.018672129288415995,0.010015522806189017,False
maker_optimistic,HYPEUSD,5,deep_vwap_pullback,55,-0.10837800682648391,17,-0.035859668258511945,-0.1783370412415027,False
maker_optimistic,HYPEUSD,5,ema_fast_bounce,263,0.01952394127902035,114,0.015482674492359738,0.04404157247403689,True
maker_optimistic,HYPEUSD,5,red_streak_reversal,37,-0.0022190263446969505,17,-0.022971452405681658,-0.03735560242713629,False
maker_optimistic,HYPEUSD,5,bb_squeeze_breakout,32,-0.00450136225704445,19,-0.03550071760489071,-0.05860526966077388,False
maker_optimistic,HYPEUSD,5,atr_squeeze_expand,12,-0.011907356251691037,6,-0.019177005929781443,-0.04543442713587369,False
maker_optimistic,HYPEUSD,5,quiet_then_burst,40,-0.06446368947547976,16,-0.0053869932812083965,-0.08340766326861465,False
maker_optimistic,HYPEUSD,5,higher_low_structure,232,-0.3785664172704375,113,-0.15760216245178438,-0.6416450977009757,False
maker_optimistic,HYPEUSD,5,vwap_reclaim_trend,16,-0.01926674842179088,8,-0.02471799243426087,-0.06163451886688056,False
maker_optimistic,HYPEUSD,5,momentum_accel,174,-0.2779810701213675,72,-0.12124095702462268,-0.4789027429558818,False
maker_optimistic,HYPEUSD,5,volume_spike_trend,120,-0.2761588714952663,44,-0.07762539177276084,-0.4177461748145926,False
maker_optimistic,HYPEUSD,5,volume_climax_reversal,45,-0.0553741800587606,26,-0.02810624036044662,-0.10957932962994502,False
maker_optimistic,HYPEUSD,5,triple_confluence,23,-0.064462983121368,11,-0.027493325702068305,-0.12160130318030904,False
maker_optimistic,HYPEUSD,5,dip_buy_confluence,0,0.0,0,0.0,0.0,False
maker_optimistic,HYPEUSD,5,breakout_asymmetric,1,-0.010297000000000112,0,0.0,-0.010297000000000112,False
maker_optimistic,HYPEUSD,5,breakout_scalp,168,-0.0845286624486884,73,-0.005537353697719349,-0.10153359102065054,False
