pair,interval,strategy,trades_full,net_full,win_full,dd_full,trades_recent,net_recent,win_recent,score,keep
GIGAUSD,5,momentum_breakout_trail,45,-0.038388282432919474,0.4888888888888889,-0.1467793954483794,22,0.107206737322591,0.5909090909090909,0.11918190824204974,False
COQUSD,1,momentum_breakout_trail,48,-0.0024948769945257743,0.375,-0.11472321562685081,18,0.04522334072993894,0.5555555555555556,0.06522205343768744,False
DOGUSD,5,atr_squeeze_expand,16,-0.01928194600708033,0.4375,-0.058903491129702695,9,0.04943423091350374,0.6666666666666666,0.052110927472844466,False
COQUSD,5,bb_lower_bounce,1,0.014844199999999974,1.0,0.0,1,0.014844199999999974,1.0,0.037110499999999935,False
GIGAUSD,3,vwap_reclaim_trend,6,0.002528984702047654,0.5,-0.014862818604387663,3,0.01907811117314928,1.0,0.03244184728878458,False
HYPEUSD,3,momentum_breakout,7,0.030592696839685685,0.42857142857142855,-0.013132904257607377,2,-0.013143010445385794,0.0,0.017313769219054677,False
COQUSD,5,volume_climax_reversal,1,0.01683800000000013,1.0,0.0,0,0.0,0.0,0.01683800000000013,False
DOGUSD,1,breakout_asymmetric,1,0.012729038922258518,1.0,0.0,0,0.0,0.0,0.012729038922258518,False
GIGAUSD,3,rsi_oversold_trend,1,0.00874680388837401,1.0,0.0,0,0.0,0.0,0.00874680388837401,False
HYPEUSD,3,atr_squeeze_expand,5,0.006442166049636322,0.6,-0.005885499379857219,1,-0.002900075282115666,0.0,0.0068061531285575,False
GIGAUSD,1,vwap_reclaim_trend,3,1.579503570481311e-05,0.3333333333333333,-0.006180839397866611,2,0.0009154698120141802,0.5,0.0014026418089798259,False
GIGAUSD,1,macd_trend_long,0,0.0,0.0,0.0,0,0.0,0.0,0.0,False
GIGAUSD,1,dip_buy_confluence,0,0.0,0.0,0.0,0,0.0,0.0,0.0,False
GIGAUSD,3,macd_trend_long,0,0.0,0.0,0.0,0,0.0,0.0,0.0,False
GIGAUSD,3,dip_buy_confluence,0,0.0,0.0,0.0,0,0.0,0.0,0.0,False
GIGAUSD,5,macd_trend_long,0,0.0,0.0,0.0,0,0.0,0.0,0.0,False
GIGAUSD,5,rsi_oversold_trend,0,0.0,0.0,0.0,0,0.0,0.0,0.0,False
GIGAUSD,5,dip_buy_confluence,0,0.0,0.0,0.0,0,0.0,0.0,0.0,False
DOGUSD,1,rsi_oversold_trend,0,0.0,0.0,0.0,0,0.0,0.0,0.0,False
DOGUSD,1,dip_buy_confluence,0,0.0,0.0,0.0,0,0.0,0.0,0.0,False
DOGUSD,3,macd_trend_long,0,0.0,0.0,0.0,0,0.0,0.0,0.0,False
DOGUSD,3,dip_buy_confluence,0,0.0,0.0,0.0,0,0.0,0.0,0.0,False
DOGUSD,5,macd_trend_long,0,0.0,0.0,0.0,0,0.0,0.0,0.0,False
DOGUSD,5,rsi_oversold_trend,0,0.0,0.0,0.0,0,0.0,0.0,0.0,False
DOGUSD,5,dip_buy_confluence,0,0.0,0.0,0.0,0,0.0,0.0,0.0,False
DOGUSD,5,breakout_asymmetric,0,0.0,0.0,0.0,0,0.0,0.0,0.0,False
COQUSD,1,macd_trend_long,0,0.0,0.0,0.0,0,0.0,0.0,0.0,False
COQUSD,1,vwap_reclaim_trend,0,0.0,0.0,0.0,0,0.0,0.0,0.0,False
COQUSD,1,dip_buy_confluence,0,0.0,0.0,0.0,0,0.0,0.0,0.0,False
COQUSD,3,macd_trend_long,0,0.0,0.0,0.0,0,0.0,0.0,0.0,False
COQUSD,3,rsi_oversold_trend,0,0.0,0.0,0.0,0,0.0,0.0,0.0,False
COQUSD,3,dip_buy_confluence,0,0.0,0.0,0.0,0,0.0,0.0,0.0,False
COQUSD,5,rsi_oversold_trend,0,0.0,0.0,0.0,0,0.0,0.0,0.0,False
COQUSD,5,vwap_reclaim_trend,0,0.0,0.0,0.0,0,0.0,0.0,0.0,False
COQUSD,5,dip_buy_confluence,0,0.0,0.0,0.0,0,0.0,0.0,0.0,False
HYPEUSD,1,macd_trend_long,0,0.0,0.0,0.0,0,0.0,0.0,0.0,False
HYPEUSD,1,dip_buy_confluence,0,0.0,0.0,0.0,0,0.0,0.0,0.0,False
HYPEUSD,1,breakout_asymmetric,0,0.0,0.0,0.0,0,0.0,0.0,0.0,False
HYPEUSD,3,rsi_oversold_trend,0,0.0,0.0,0.0,0,0.0,0.0,0.0,False
HYPEUSD,3,dip_buy_confluence,0,0.0,0.0,0.0,0,0.0,0.0,0.0,False
HYPEUSD,5,macd_trend_long,0,0.0,0.0,0.0,0,0.0,0.0,0.0,False
HYPEUSD,5,rsi_oversold_trend,0,0.0,0.0,0.0,0,0.0,0.0,0.0,False
HYPEUSD,5,dip_buy_confluence,0,0.0,0.0,0.0,0,0.0,0.0,0.0,False
COQUSD,1,breakout_asymmetric,8,-0.017460776950726786,0.25,-0.03869683588600748,3,0.012691086354041259,0.3333333333333333,-0.0014141978164135078,False
COQUSD,3,breakout_asymmetric,10,-0.02459119392107445,0.3,-0.0676152270663652,4,0.017306305935842814,0.5,-0.0036067758237635344,False
GIGAUSD,5,vwap_reclaim_trend,1,-0.011098523053567844,0.0,0.0,0,0.0,0.0,-0.011098523053567844,False
COQUSD,1,rsi_oversold_trend,1,-0.013068999999999997,0.0,0.0,0,0.0,0.0,-0.013068999999999997,False
COQUSD,3,vwap_reclaim_trend,1,-0.013068999999999997,0.0,0.0,0,0.0,0.0,-0.013068999999999997,False
HYPEUSD,5,breakout_asymmetric,1,-0.013068999999999997,0.0,0.0,0,0.0,0.0,-0.013068999999999997,False
HYPEUSD,3,breakout_asymmetric,1,-0.013069000000000108,0.0,0.0,0,0.0,0.0,-0.013069000000000108,False
COQUSD,5,macd_trend_long,1,-0.015062800000000043,0.0,0.0,0,0.0,0.0,-0.015062800000000043,False
HYPEUSD,3,macd_trend_long,1,-0.015062800000000043,0.0,0.0,0,0.0,0.0,-0.015062800000000043,False
GIGAUSD,3,bb_squeeze_breakout,14,-0.031091341568904807,0.35714285714285715,-0.06089227222576889,4,0.014103711942395791,0.5,-0.01675780685263705,False
COQUSD,3,atr_squeeze_expand,10,-0.01909571832887824,0.4,-0.03159023777689723,3,0.003734135494766422,0.6666666666666666,-0.017695329409007633,False
GIGAUSD,5,deep_vwap_pullback,21,-0.02449714759378907,0.38095238095238093,-0.09872292291052069,9,0.006911394196335352,0.4444444444444444,-0.018174679816429222,False
DOGUSD,3,rsi_oversold_trend,1,-0.0074517078896852995,0.0,0.0,1,-0.0074517078896852995,0.0,-0.01862926972421325,False
COQUSD,5,atr_squeeze_expand,11,-0.04245594482642501,0.36363636363636365,-0.0730790396235144,2,0.018796935494766354,1.0,-0.021949844444070808,False
COQUSD,1,bb_squeeze_breakout,7,-0.030498037223198327,0.2857142857142857,-0.029898712056160143,2,0.00945027457732428,0.5,-0.023660278672634545,False
DOGUSD,5,triple_confluence,18,-0.025180371857526418,0.3888888888888889,-0.05221234966280459,12,0.0010808766465160158,0.4166666666666667,-0.027225330984743522,False
GIGAUSD,1,bb_squeeze_breakout,14,-0.008229837727121159,0.35714285714285715,-0.044256587091003906,4,-0.012522205225982352,0.25,-0.029209006871642157,False
COQUSD,3,bb_squeeze_breakout,7,-0.025330540861093764,0.42857142857142855,-0.04816894436326603,3,0.0012426111512428006,0.6666666666666666,-0.031130671269780284,False
DOGUSD,3,vwap_reclaim_trend,3,-0.012339132006587539,0.3333333333333333,-0.013069000000000068,2,-0.008207404280065389,0.5,-0.0325964212466435,False
GIGAUSD,1,rsi_oversold_trend,1,-0.013068999999999997,0.0,0.0,1,-0.013068999999999997,0.0,-0.03267249999999999,False
HYPEUSD,1,atr_squeeze_expand,5,-0.01644847875915112,0.2,-0.02847636630077759,1,-0.008072627140129573,0.0,-0.033331121601924245,False
GIGAUSD,5,breakout_asymmetric,2,-0.008830767552844287,0.5,-0.013068999999999959,1,-0.013068999999999997,0.0,-0.033536624373790284,False
DOGUSD,1,macd_trend_long,1,-0.015062800000000043,0.0,0.0,1,-0.015062800000000043,0.0,-0.03765700000000011,False
COQUSD,5,bb_squeeze_breakout,1,-0.015062800000000154,0.0,0.0,1,-0.015062800000000154,0.0,-0.037657000000000385,False
HYPEUSD,1,momentum_breakout,4,-0.031614113773164254,0.25,-0.018053500000000146,0,0.0,0.0,-0.04044342961864142,False
GIGAUSD,1,breakout_asymmetric,3,-0.007385800408523768,0.0,-0.004758553184065375,1,-0.0011822062169690728,0.0,-0.044479968750491206,False
GIGAUSD,3,breakout_asymmetric,3,-0.017283753760920728,0.3333333333333333,-0.013068999999999994,1,-0.013068999999999997,0.0,-0.044771010378182804,False
DOGUSD,5,vwap_reclaim_trend,2,-0.003361757990148373,0.0,-0.0012791419349709476,1,-0.0012791419349709177,0.0,-0.04712074807893422,False
COQUSD,1,red_streak_reversal,9,0.007681416690748288,0.5555555555555556,-0.03785936754094154,3,-0.03834720519008061,0.0,-0.04799746833164612,False
DOGUSD,5,bb_lower_bounce,9,-0.022719553029817985,0.4444444444444444,-0.028053937501855187,5,-0.01183376994533547,0.4,-0.048316297361994304,False
DOGUSD,1,vwap_reclaim_trend,3,-0.022599336604691822,0.3333333333333333,-0.013068999999999985,2,-0.009530336604691714,0.5,-0.05050261767311049,False
COQUSD,3,volume_climax_reversal,3,-0.021001216185308147,0.3333333333333333,-0.029898712056160064,1,-0.015062800000000043,0.0,-0.052278203047229445,False
COQUSD,3,bb_lower_bounce,3,-0.01129380000000002,0.3333333333333333,-0.02596720123900003,2,-0.026137999999999995,0.0,-0.05454684273247068,False
HYPEUSD,1,quiet_then_burst,18,-0.04235202232905355,0.3333333333333333,-0.06323801504609697,5,-0.005798814963597243,0.4,-0.05991457405576692,False
COQUSD,5,deep_vwap_pullback,14,-0.04125930148995327,0.35714285714285715,-0.044511153736200404,8,-0.009686744017240456,0.375,-0.06279297935366276,False
COQUSD,5,red_streak_reversal,5,-0.0354380000000003,0.2,-0.03869683588600765,1,-0.013069000000000108,0.0,-0.06689089980606605,False
COQUSD,1,volume_climax_reversal,4,-0.015965993016890057,0.25,-0.032497024571464805,3,-0.032803993016889965,0.0,-0.07047149638836105,False
HYPEUSD,1,rsi_oversold_trend,2,-0.010928878319967916,0.0,-0.006675646049896768,2,-0.010928878319967916,0.0,-0.07243785032180937,False
GIGAUSD,3,atr_squeeze_expand,24,-0.08017698834966136,0.375,-0.1217042094207221,12,0.009591426251502222,0.5833333333333334,-0.07774754258812012,False
GIGAUSD,3,triple_confluence,28,-0.09175604686449457,0.4642857142857143,-0.10340405054210432,13,0.015977462536070575,0.6153846153846154,-0.08217164593629872,False
GIGAUSD,5,bb_lower_bounce,6,-0.0447516197977581,0.16666666666666666,-0.0409338004271587,3,-0.012432780399891152,0.3333333333333333,-0.08383202733611322,False
DOGUSD,1,momentum_breakout,10,-0.08919778947778445,0.2,-0.08655605885241552,1,0.018633621541013,1.0,-0.0840875323343069,False
GIGAUSD,5,bb_squeeze_breakout,11,-0.06571428344336838,0.18181818181818182,-0.05384088246121955,2,-0.00044750452103570204,0.5,-0.09244407007201229,False
DOGUSD,1,bb_lower_bounce,8,-0.048398671676718186,0.125,-0.06159104301036105,3,-0.019547380844731177,0.0,-0.09658592978304206,False
GIGAUSD,1,quiet_then_burst,36,-0.08564783146994581,0.3611111111111111,-0.16530950797900662,13,0.0009222051710784385,0.46153846153846156,-0.09787384781917015,False
GIGAUSD,3,momentum_breakout_trail,48,-0.10494701078901425,0.3958333333333333,-0.19296179041816827,22,0.008628575844909947,0.36363636363636365,-0.10037901548926854,False
DOGUSD,5,momentum_breakout,11,-0.046028953543634454,0.45454545454545453,-0.05365449799046883,5,-0.03115898919822846,0.4,-0.10338369940019995,False
GIGAUSD,5,atr_squeeze_expand,11,-0.08269015310469874,0.2727272727272727,-0.08086187356829304,5,-0.0003961024799706836,0.6,-0.10737344666014297,False
GIGAUSD,3,momentum_breakout,16,-0.0640340127338771,0.375,-0.06497574452686196,7,-0.025298510859094514,0.2857142857142857,-0.11140770826026632,False
COQUSD,3,red_streak_reversal,9,-0.027899999999999703,0.3333333333333333,-0.05126010693781327,4,-0.0522760000000001,0.0,-0.11253327976727832,False
DOGUSD,3,bb_lower_bounce,13,-0.03893411612229403,0.3076923076923077,-0.0600067842036821,7,-0.04387486522959205,0.14285714285714285,-0.11693824659601064,False
COQUSD,3,momentum_breakout,16,-0.08546340453732781,0.375,-0.09243024629608587,5,-0.014126069505118521,0.6,-0.1204105835000832,False
HYPEUSD,1,momentum_breakout_trail,25,-0.08678463339801246,0.44,-0.13171757943460338,7,-0.01429543772308639,0.42857142857142855,-0.1207426470714493,False
GIGAUSD,3,deep_vwap_pullback,30,-0.10417708168185247,0.3,-0.15257141468064547,10,-0.00150140999206827,0.4,-0.12134480036774778,False
COQUSD,5,breakout_asymmetric,11,-0.10147364100008427,0.09090909090909091,-0.10456682578471595,3,0.003078358999915598,0.3333333333333333,-0.1262492411384793,False
GIGAUSD,3,red_streak_reversal,8,-0.0676325268278547,0.0,-0.053382628195236884,1,-0.010927438373876885,0.0,-0.1301752660586597,False
DOGUSD,1,atr_squeeze_expand,17,-0.09614176445330869,0.29411764705882354,-0.0788624579291995,5,-0.01418572485713987,0.4,-0.13937923645834885,False
COQUSD,5,rsi_momentum_thrust,28,-0.09903336499031645,0.32142857142857145,-0.12716853280218282,13,-0.019734449054355174,0.38461538461538464,-0.1394960714563222,False
GIGAUSD,1,volume_climax_reversal,10,-0.06749068615962972,0.3,-0.05150791975402885,5,-0.03248204299688018,0.4,-0.14090551932516424,False
DOGUSD,5,volume_climax_reversal,14,-0.07536485871886778,0.2857142857142857,-0.06026342040082922,5,-0.028311709538821672,0.0,-0.14450734512604546,False
COQUSD,1,ema_fast_bounce,55,-0.07260604342708388,0.38181818181818183,-0.14073551110540544,12,-0.04603505489075477,0.3333333333333333,-0.14812867738791421,False
DOGUSD,3,bb_squeeze_breakout,21,-0.09043337279903152,0.2857142857142857,-0.07432713870954596,7,-0.02766089346270706,0.42857142857142855,-0.14915874830052497,False
COQUSD,3,rsi_momentum_thrust,30,-0.15042628090612076,0.3333333333333333,-0.16496710178097093,12,0.00847333163698738,0.5,-0.1549155538879665,False
COQUSD,1,atr_squeeze_expand,22,-0.042337530162346315,0.3181818181818182,-0.09366374020518531,6,-0.07325592407681292,0.16666666666666666,-0.1567517294912884,False
DOGUSD,3,momentum_breakout,12,-0.10115752842518033,0.25,-0.0941520518528572,3,-0.019028742921023634,0.3333333333333333,-0.1576465455687799,False
GIGAUSD,5,momentum_breakout,11,-0.052826552909807534,0.2727272727272727,-0.07871850415001874,5,-0.06246421685061598,0.0,-0.15786300687551888,False
DOGUSD,1,red_streak_reversal,17,-0.07709158822736795,0.23529411764705882,-0.06834182250022727,7,-0.041255445156708426,0.14285714285714285,-0.16080794069209847,False
GIGAUSD,1,bb_lower_bounce,12,-0.07612117259006779,0.25,-0.06541873155638406,6,-0.04182114339981191,0.3333333333333333,-0.1693477443903469,False
DOGUSD,5,red_streak_reversal,17,-0.09897949590926103,0.29411764705882354,-0.08799527083614718,7,-0.02877375003556104,0.2857142857142857,-0.16992645086449507,False
GIGAUSD,5,quiet_then_burst,38,-0.12924572055382866,0.23684210526315788,-0.12040502070242445,17,-0.01941756981468401,0.23529411764705882,-0.1737963120925784,False
HYPEUSD,5,atr_squeeze_expand,12,-0.07335468605375028,0.25,-0.07604226555555697,6,-0.047077525563580136,0.16666666666666666,-0.1768656901396962,False
HYPEUSD,5,momentum_breakout,9,-0.07696117883071496,0.2222222222222222,-0.08487850699947641,4,-0.0547957141591604,0.0,-0.18518521253109094,False
GIGAUSD,5,red_streak_reversal,12,-0.09904350258700034,0.16666666666666666,-0.08319291916915086,4,-0.03500765684038987,0.0,-0.18533648385420737,False
DOGUSD,5,bb_squeeze_breakout,20,-0.09904962466424361,0.2,-0.08786566168040028,6,-0.04820345543963667,0.16666666666666666,-0.1871076214748914,False
COQUSD,5,momentum_breakout,20,-0.1434005449170056,0.35,-0.13708102306484374,5,-0.01412606950511841,0.6,-0.18747241289779523,False
DOGUSD,3,volume_climax_reversal,20,-0.09605274871668057,0.3,-0.0996031351687415,11,-0.04855491983024629,0.2727272727272727,-0.19198770070401705,False
GIGAUSD,5,triple_confluence,30,-0.12113779299432204,0.36666666666666664,-0.1594891747368442,13,-0.04035100326540286,0.38461538461538464,-0.19961374364399703,False
DOGUSD,1,triple_confluence,30,-0.11452607422037586,0.36666666666666664,-0.11546211758772403,13,-0.05367728952375028,0.3076923076923077,-0.20976335684315764,False
GIGAUSD,3,bb_lower_bounce,10,-0.09382444442239524,0.1,-0.07804538587804238,4,-0.04795983515511881,0.0,-0.21803854412592272,False
DOGUSD,1,volume_climax_reversal,21,-0.10224399423658681,0.19047619047619047,-0.10599673295968755,9,-0.05995492139224734,0.1111111111111111,-0.220768150202746,False
HYPEUSD,5,vwap_reclaim_trend,16,-0.09734959876140448,0.1875,-0.11033139901417462,8,-0.06920396238256876,0.125,-0.22835948592983898,False
HYPEUSD,3,triple_confluence,30,-0.10395728267498505,0.23333333333333334,-0.10439179458170504,12,-0.06524435530895523,0.08333333333333333,-0.22851232674312882,False
DOGUSD,3,atr_squeeze_expand,22,-0.11028870346296193,0.3181818181818182,-0.12055605616918436,10,-0.06867576485825788,0.3,-0.23136060500894418,False
COQUSD,1,deep_vwap_pullback,19,-0.14760291955632188,0.21052631578947367,-0.13401122186067568,7,-0.051874108267561114,0.2857142857142857,-0.250649717369057,False
COQUSD,3,triple_confluence,18,-0.1708426244663036,0.2222222222222222,-0.16031732761051445,5,-0.03588397179786651,0.4,-0.25413638220495893,False
GIGAUSD,1,momentum_breakout,14,-0.10706045982521184,0.14285714285714285,-0.09884428143451365,9,-0.07666624779678555,0.2222222222222222,-0.25788797417979953,False
GIGAUSD,5,volume_climax_reversal,12,-0.11660707745916687,0.0,-0.0980974049277227,5,-0.05900273623376173,0.0,-0.2645606521127763,False
COQUSD,3,deep_vwap_pullback,20,-0.14757615788619427,0.2,-0.16191789079999244,10,-0.07071875788619397,0.2,-0.2774555758865723,False
GIGAUSD,1,red_streak_reversal,21,-0.13666055202648786,0.23809523809523808,-0.12108577258199808,7,-0.0633195411562344,0.0,-0.27932327537322066,False
HYPEUSD,3,vwap_reclaim_trend,19,-0.12156588375264887,0.21052631578947367,-0.10376612990241169,10,-0.07599481378001038,0.1,-0.2834431686756536,False
GIGAUSD,3,volume_spike_trend,84,-0.1998278682564093,0.3333333333333333,-0.29036380467489575,35,-0.04793571542405517,0.37142857142857144,-0.2892214397265171,False
COQUSD,5,momentum_breakout_trail,47,-0.0898699885947265,0.3617021276595745,-0.15559286064475128,20,-0.13134249354246352,0.25,-0.29181217005437643,False
COQUSD,3,momentum_breakout_trail,49,-0.19262210808941227,0.32653061224489793,-0.22648380181061764,20,-0.06087415057084544,0.35,-0.29545726337670286,False
GIGAUSD,1,momentum_breakout_trail,47,-0.19871858811052068,0.2978723404255319,-0.20548397162529453,22,-0.055509962582529715,0.4090909090909091,-0.30286835703335035,False
COQUSD,1,triple_confluence,18,-0.18524932903807245,0.16666666666666666,-0.1661814100106142,6,-0.065352037750262,0.16666666666666666,-0.3099244288329634,False
GIGAUSD,3,volume_climax_reversal,11,-0.11690286364089864,0.0,-0.09734304790861684,6,-0.06116145973400411,0.0,-0.31014601962030486,False
DOGUSD,3,triple_confluence,25,-0.17092734839548918,0.32,-0.16378577295698943,11,-0.07290387931585651,0.2727272727272727,-0.31342376882983397,False
DOGUSD,1,bb_squeeze_breakout,27,-0.15355975013163914,0.2222222222222222,-0.15162009287140857,11,-0.08312873639664653,0.18181818181818182,-0.3158423573334577,False
DOGUSD,3,red_streak_reversal,18,-0.15270079550640592,0.05555555555555555,-0.1310430194591665,9,-0.06652993881883151,0.1111111111111111,-0.317475731085028,False
GIGAUSD,5,volume_spike_trend,80,-0.21542416709094092,0.3,-0.2270698847062823,33,-0.06024669375296754,0.30303030303030304,-0.324618866178189,False
GIGAUSD,3,quiet_then_burst,39,-0.18412025511968888,0.28205128205128205,-0.20657004521420727,13,-0.07628013404803324,0.23076923076923078,-0.3256890199950421,False
COQUSD,5,triple_confluence,17,-0.22684936486556717,0.17647058823529413,-0.210882373258763,4,-0.04301321044377826,0.25,-0.34296480589280764,False
GIGAUSD,3,rsi_momentum_thrust,72,-0.21862072806440513,0.3333333333333333,-0.20647114339312958,33,-0.07474929676514697,0.36363636363636365,-0.35297811255507594,False
HYPEUSD,5,triple_confluence,23,-0.19172322024708222,0.08695652173913043,-0.16058140679296692,11,-0.08849871304686041,0.0,-0.37358358798717634,False
GIGAUSD,1,atr_squeeze_expand,28,-0.20335338040068263,0.21428571428571427,-0.18693916360544613,12,-0.09240787420770569,0.25,-0.3867577545476931,False
COQUSD,1,rsi_momentum_thrust,36,-0.21907110696039378,0.2777777777777778,-0.1951706486688489,12,-0.09789816414349073,0.25,-0.3884022895941861,False
GIGAUSD,1,triple_confluence,36,-0.2166814098596701,0.25,-0.19759537438553657,16,-0.08927049076703464,0.3125,-0.3928671658734583,False
COQUSD,1,higher_low_structure,77,-0.31959230907523895,0.2987012987012987,-0.27679238348300467,32,-0.045165290663876756,0.34375,-0.40940063489133155,False
HYPEUSD,5,bb_squeeze_breakout,32,-0.17629001275301903,0.1875,-0.16446938964183383,19,-0.13700122422683225,0.05263157894736842,-0.4164025179195425,False
DOGUSD,5,momentum_breakout_trail,29,-0.27060898676638656,0.20689655172413793,-0.22555313503263844,11,-0.07225845061546288,0.2727272727272727,-0.42184444575722235,False
DOGUSD,3,deep_vwap_pullback,41,-0.22881322453228947,0.2926829268292683,-0.21158878970503453,12,-0.10926415571065473,0.16666666666666666,-0.42341733467092113,False
HYPEUSD,5,bb_lower_bounce,37,-0.17776027914973447,0.2972972972972973,-0.17248429259022885,23,-0.1432740961064366,0.17391304347826086,-0.43592436944050417,False
COQUSD,1,momentum_breakout,22,-0.24488051818976386,0.18181818181818182,-0.22901463871894015,9,-0.10692972690195335,0.2222222222222222,-0.44007461025017136,False
HYPEUSD,3,quiet_then_burst,45,-0.25351061724999313,0.17777777777777778,-0.2143879010513706,14,-0.102839103482666,0.07142857142857142,-0.4452307093393398,False
DOGUSD,1,momentum_breakout_trail,43,-0.31309548689170064,0.2558139534883721,-0.2887337376485231,11,-0.06356761882835216,0.2727272727272727,-0.4483506411404553,False
HYPEUSD,1,vwap_reclaim_trend,32,-0.1931922427673758,0.0625,-0.1722662348430978,18,-0.11105036705770566,0.0,-0.4571309366349209,False
HYPEUSD,5,quiet_then_burst,40,-0.28080342191365715,0.15,-0.26224796845903775,16,-0.08370960838556674,0.25,-0.457222917488039,False
DOGUSD,5,deep_vwap_pullback,30,-0.24846268494337131,0.23333333333333334,-0.20984006204983532,10,-0.11251571517882819,0.0,-0.4673763267043385,False
HYPEUSD,5,red_streak_reversal,37,-0.22067207585687532,0.13513513513513514,-0.19426127343616245,17,-0.12506020041907084,0.11764705882352941,-0.4744286339627382,False
GIGAUSD,5,rsi_momentum_thrust,72,-0.3172215867393763,0.2916666666666667,-0.30129870420579224,29,-0.0864646143140263,0.3793103448275862,-0.48197320970400176,False
GIGAUSD,1,deep_vwap_pullback,50,-0.24479194032321894,0.32,-0.24539413376788444,23,-0.13760338693711782,0.2608695652173913,-0.4878653674219971,False
COQUSD,5,breakout_scalp,60,-0.2519347450701136,0.31666666666666665,-0.24295606563602243,25,-0.13889631419071768,0.24,-0.49223502316203144,False
HYPEUSD,3,bb_squeeze_breakout,52,-0.21584337492615224,0.21153846153846154,-0.21338255091734828,37,-0.16611094857002107,0.16216216216216217,-0.49700886298921526,False
COQUSD,3,breakout_scalp,67,-0.3153799035791086,0.2835820895522388,-0.27822933458542126,28,-0.10869543812648319,0.32142857142857145,-0.5169760886712644,False
COQUSD,1,breakout_scalp,79,-0.32567875591675033,0.2911392405063291,-0.27346323695671876,34,-0.12047996894258983,0.3235294117647059,-0.5445659134670078,False
DOGUSD,3,quiet_then_burst,47,-0.3302534414956666,0.23404255319148937,-0.27273429785427145,19,-0.11084510269051806,0.2631578947368421,-0.5456836322391241,False
COQUSD,5,higher_low_structure,63,-0.32095646512857445,0.2857142857142857,-0.2850665895818803,27,-0.1437332780671875,0.3333333333333333,-0.5616228067758807,False
COQUSD,3,quiet_then_burst,45,-0.33180865437438734,0.26666666666666666,-0.2753132067977204,23,-0.1316406844514859,0.34782608695652173,-0.5676884111637852,False
DOGUSD,5,quiet_then_burst,43,-0.2676847631655842,0.23255813953488372,-0.22560541626473585,22,-0.17575432854389939,0.22727272727272727,-0.570165935120017,False
HYPEUSD,1,triple_confluence,54,-0.3511710526462247,0.12962962962962962,-0.3017274111093784,20,-0.10462436106100081,0.1,-0.5847070374192511,False
DOGUSD,1,quiet_then_burst,57,-0.3296453348426268,0.2631578947368421,-0.310891653898486,24,-0.1447674329345393,0.25,-0.5858790906199777,False
COQUSD,5,quiet_then_burst,35,-0.28154270007051807,0.17142857142857143,-0.24336570992774778,21,-0.18518458833241003,0.14285714285714285,-0.5933933596471073,False
HYPEUSD,5,deep_vwap_pullback,54,-0.36881285340938064,0.14814814814814814,-0.3042245250407859,17,-0.12058959847786743,0.058823529411764705,-0.6062671544457675,False
DOGUSD,1,deep_vwap_pullback,57,-0.39379492125920934,0.19298245614035087,-0.31834407049466085,13,-0.10033769060651276,0.15384615384615385,-0.60903962621209,False
DOGUSD,3,momentum_breakout_trail,44,-0.43478822283179297,0.25,-0.3592119321319315,13,-0.08460445290297036,0.3076923076923077,-0.6194972357503923,False
COQUSD,1,quiet_then_burst,62,-0.33001099014848834,0.3064516129032258,-0.28967984034709604,29,-0.17382491880354778,0.3103448275862069,-0.6201839646595632,False
HYPEUSD,5,volume_climax_reversal,46,-0.3058600010379927,0.15217391304347827,-0.27158958112842524,27,-0.17157805369057444,0.1111111111111111,-0.6312169510494986,False
GIGAUSD,1,volume_spike_trend,83,-0.3779368792533797,0.26506024096385544,-0.3387855580049051,36,-0.14393339299449326,0.3055555555555556,-0.6324279323780178,False
COQUSD,3,higher_low_structure,72,-0.4526942352023876,0.25,-0.3768172739756535,32,-0.10057699465796666,0.375,-0.6390910893558727,False
GIGAUSD,5,breakout_scalp,100,-0.46099999024890526,0.3,-0.3756224958730605,42,-0.09299733344528194,0.38095238095238093,-0.656659876425101,False
COQUSD,1,volume_spike_trend,72,-0.32870690328664365,0.2916666666666667,-0.28063464127865007,33,-0.20602895849762137,0.2727272727272727,-0.6626993277601398,False
HYPEUSD,3,momentum_breakout_trail,39,-0.38633419724542206,0.1794871794871795,-0.3288921069538958,12,-0.1453048229965337,0.08333333333333333,-0.6640463868748147,False
HYPEUSD,3,bb_lower_bounce,57,-0.33551951105192446,0.14035087719298245,-0.29374972670905336,28,-0.1861954887875078,0.07142857142857142,-0.6866040767394916,False
GIGAUSD,5,momentum_accel,108,-0.4754820156798103,0.3148148148148148,-0.38890998326470433,44,-0.11800489090481847,0.3181818181818182,-0.6875567326293107,False
HYPEUSD,1,volume_spike_trend,81,-0.416702208209523,0.14814814814814814,-0.33811051166266004,27,-0.1526672966392546,0.1111111111111111,-0.6993053879920763,False
GIGAUSD,1,ema_fast_bounce,85,-0.3681213275505737,0.25882352941176473,-0.32473058997989035,40,-0.19354058063062685,0.3,-0.6999875875172183,False
GIGAUSD,1,momentum_accel,122,-0.49701794066972693,0.2786885245901639,-0.4002716052377677,58,-0.16292184627042483,0.3448275862068966,-0.7776558129432322,False
GIGAUSD,3,momentum_accel,111,-0.5231742608372438,0.3063063063063063,-0.42095579657683707,46,-0.14734763182710142,0.32608695652173914,-0.7860194315732875,False
HYPEUSD,5,momentum_breakout_trail,47,-0.5034662399469961,0.19148936170212766,-0.3875763247480695,14,-0.14131237841697608,0.21428571428571427,-0.7883664283936238,False
GIGAUSD,5,higher_low_structure,120,-0.5339697619777548,0.325,-0.4284296401966185,53,-0.14534309992493788,0.37735849056603776,-0.7930485423673261,False
HYPEUSD,1,bb_lower_bounce,59,-0.3966098633207298,0.0847457627118644,-0.3197566035864918,31,-0.20212106003722918,0.03225806451612903,-0.8235775264653173,False
GIGAUSD,1,rsi_momentum_thrust,84,-0.47772032344390514,0.2261904761904762,-0.3894608821751547,38,-0.22451788875824163,0.23684210526315788,-0.8681868174205459,False
GIGAUSD,3,breakout_scalp,102,-0.5188078373384107,0.23529411764705882,-0.4211291125347646,41,-0.19370300792064132,0.24390243902439024,-0.8764818779161874,False
HYPEUSD,3,volume_climax_reversal,62,-0.4059480571556866,0.12903225806451613,-0.34140287327401186,36,-0.2578717141761996,0.08333333333333333,-0.8806804978204968,False
DOGUSD,5,rsi_momentum_thrust,87,-0.5564639785652681,0.20689655172413793,-0.42206578761784636,36,-0.17710898749968973,0.2777777777777778,-0.8810463609577165,False
DOGUSD,5,breakout_scalp,93,-0.5369581158626902,0.22580645161290322,-0.4114847345788622,42,-0.19562797712164692,0.2857142857142857,-0.9022719098029818,False
HYPEUSD,3,red_streak_reversal,81,-0.46925000109726067,0.1111111111111111,-0.3779419902913147,37,-0.25002960834287835,0.05405405405405406,-0.9352885582584219,False
DOGUSD,5,volume_spike_trend,93,-0.5243685798130285,0.24731182795698925,-0.4191997741361555,44,-0.24883790436154662,0.22727272727272727,-0.9478025363179493,False
HYPEUSD,1,bb_squeeze_breakout,85,-0.5345897921009208,0.08235294117647059,-0.4119520586760188,32,-0.21681699219680772,0.03125,-0.9694808499927552,False
GIGAUSD,1,breakout_scalp,114,-0.5383579411779832,0.22807017543859648,-0.42627759528819875,56,-0.24529002609770212,0.26785714285714285,-0.9721568525588927,False
COQUSD,1,momentum_accel,107,-0.5829927534710501,0.3177570093457944,-0.44208543627099106,46,-0.25710160810553306,0.34782608695652173,-1.0001086021453856,False
GIGAUSD,1,higher_low_structure,146,-0.6490916872766543,0.2945205479452055,-0.49180467580726933,65,-0.20546713537998396,0.3076923076923077,-1.0071847602499455,False
GIGAUSD,3,higher_low_structure,127,-0.6839653353937207,0.2992125984251969,-0.5277613332188613,54,-0.19177147800052297,0.3333333333333333,-1.0266989373658963,False
DOGUSD,5,higher_low_structure,102,-0.6886301066930105,0.16666666666666666,-0.49431697210859704,45,-0.19437872953762003,0.2222222222222222,-1.042547270955206,False
COQUSD,3,volume_spike_trend,82,-0.5613898710196565,0.25609756097560976,-0.42706924029053867,39,-0.2957158521218073,0.2564102564102564,-1.046895873548196,False
HYPEUSD,1,volume_climax_reversal,78,-0.5212245949893353,0.08974358974358974,-0.3998816564788757,37,-0.27176753269928566,0.02702702702702703,-1.0594434720325496,False
DOGUSD,1,momentum_accel,144,-0.8352335412902044,0.2361111111111111,-0.5689238729611567,47,-0.13181344658526195,0.3404255319148936,-1.089190729025825,False
DOGUSD,5,momentum_accel,110,-0.7570946661146475,0.22727272727272727,-0.5528348467174795,41,-0.20856654202558644,0.2682926829268293,-1.128841252972802,False
HYPEUSD,3,deep_vwap_pullback,110,-0.7165468691081701,0.14545454545454545,-0.5068975645961408,34,-0.24444544150297565,0.058823529411764705,-1.1709331816735453,False
DOGUSD,1,breakout_scalp,130,-0.718825305993661,0.2153846153846154,-0.5105995611071978,47,-0.266104964701101,0.2127659574468085,-1.2026170658072992,False
DOGUSD,1,rsi_momentum_thrust,133,-0.7246258687228476,0.22556390977443608,-0.5355328989464991,59,-0.3118010763287715,0.1694915254237288,-1.2513768647880912,False
DOGUSD,3,volume_spike_trend,115,-0.7721948312902981,0.19130434782608696,-0.5349796788564599,47,-0.28023694134942034,0.19148936170212766,-1.2625417881710705,False
GIGAUSD,5,ema_fast_bounce,166,-0.8149413957605403,0.27710843373493976,-0.5685194460248646,69,-0.32114556985150455,0.2753623188405797,-1.3581748942939138,False
DOGUSD,3,breakout_scalp,120,-0.7703172597683259,0.19166666666666668,-0.5346279558217114,52,-0.3363076044332749,0.17307692307692307,-1.3701343882458514,False
COQUSD,5,volume_spike_trend,81,-0.6799918473534855,0.19753086419753085,-0.4909462615412091,39,-0.4267819721286741,0.1282051282051282,-1.3752918670435146,False
HYPEUSD,3,volume_spike_trend,134,-0.860091282434399,0.1791044776119403,-0.5816780647907764,44,-0.31029842270002983,0.1590909090909091,-1.4100333997821193,False
DOGUSD,1,volume_spike_trend,128,-0.8620544178330083,0.1953125,-0.5929105814712751,51,-0.3204411831943983,0.19607843137254902,-1.4138506523032541,False
DOGUSD,1,ema_fast_bounce,106,-0.7620147444770496,0.11320754716981132,-0.5335844389365316,50,-0.3791616042809549,0.12,-1.426991332720772,False
DOGUSD,3,rsi_momentum_thrust,115,-0.8825450367446371,0.1565217391304348,-0.5903719357922862,42,-0.3158111523382633,0.11904761904761904,-1.4392959712230333,False
HYPEUSD,1,momentum_accel,176,-0.9221600740919175,0.18181818181818182,-0.6039122772340061,53,-0.292883891271598,0.16981132075471697,-1.4468757543790924,False
DOGUSD,3,momentum_accel,134,-0.9520934694994344,0.1791044776119403,-0.6209916615237108,50,-0.29198214469069517,0.18,-1.459237441644017,False
HYPEUSD,5,volume_spike_trend,120,-0.9056228692515004,0.16666666666666666,-0.6071153084704987,44,-0.31885926047846025,0.13636363636363635,-1.4711683516059815,False
COQUSD,3,momentum_accel,96,-0.8290685453093352,0.25,-0.580492106949574,47,-0.4098203896765227,0.2978723404255319,-1.4976812209489143,False
COQUSD,5,momentum_accel,96,-0.8194439402638786,0.21875,-0.5663102406344296,46,-0.46797617939555114,0.1956521739130435,-1.5693962488164341,False
GIGAUSD,3,ema_fast_bounce,167,-0.931516343329489,0.20958083832335328,-0.6183581931469533,75,-0.39717406594058025,0.24,-1.6054906284569201,False
DOGUSD,1,higher_low_structure,171,-1.005505074273655,0.24561403508771928,-0.6419028284170049,69,-0.35714615881300327,0.2318840579710145,-1.610326711604877,False
DOGUSD,3,higher_low_structure,139,-1.031493667531584,0.18705035971223022,-0.6461928583241034,58,-0.36186254428861053,0.1896551724137931,-1.6579991432437655,False
HYPEUSD,5,breakout_scalp,166,-0.9712381807103672,0.1927710843373494,-0.6254106613185146,73,-0.41380983300299323,0.1780821917808219,-1.7047510100241767,False
HYPEUSD,1,breakout_scalp,189,-1.0691716893424734,0.13756613756613756,-0.6598473244844072,57,-0.33711137859884377,0.10526315789473684,-1.7131515718696924,False
HYPEUSD,3,breakout_scalp,169,-1.0287750265192503,0.16568047337278108,-0.640803516926874,65,-0.39843407809383946,0.15384615384615385,-1.7570918505920883,False
HYPEUSD,1,rsi_momentum_thrust,213,-1.0725379550148744,0.1643192488262911,-0.6640247025728545,82,-0.418743230018353,0.12195121951219512,-1.817734610962039,False
HYPEUSD,3,momentum_accel,172,-1.1215981435664149,0.19767441860465115,-0.6771994736957567,63,-0.4772022720273944,0.09523809523809523,-1.9204721026804346,False
HYPEUSD,5,rsi_momentum_thrust,165,-1.1298464735864648,0.19393939393939394,-0.6843938347027484,73,-0.4938356298255663,0.1780821917808219,-1.9771953938322528,False
HYPEUSD,1,deep_vwap_pullback,220,-1.2944647766222537,0.12272727272727273,-0.7239482004833738,62,-0.3762619976717715,0.06451612903225806,-2.0026843649678274,False
HYPEUSD,5,momentum_accel,174,-1.1950376689742923,0.20689655172413793,-0.7075600672553212,72,-0.5078883312187181,0.19444444444444445,-2.0459198135586205,False
COQUSD,3,ema_fast_bounce,181,-1.165821843708586,0.19337016574585636,-0.7006815245850672,75,-0.5434128470262444,0.17333333333333334,-2.0478936935612118,False
HYPEUSD,3,rsi_momentum_thrust,202,-1.312084078535392,0.13861386138613863,-0.7323154124504299,89,-0.5586296686734328,0.1348314606741573,-2.278752154768961,False
HYPEUSD,1,red_streak_reversal,177,-1.102870440476656,0.05084745762711865,-0.6677703133014228,111,-0.7089314243898887,0.02702702702702703,-2.395265342719369,False
HYPEUSD,1,ema_fast_bounce,213,-1.3801365592182604,0.12206572769953052,-0.7470550216176843,92,-0.6329332036273196,0.06521739130434782,-2.5048615545192376,False
HYPEUSD,5,ema_fast_bounce,271,-1.468595745142919,0.23616236162361623,-0.7724069901163104,118,-0.6539041891157507,0.2288135593220339,-2.550286995579357,False
COQUSD,5,ema_fast_bounce,218,-1.520188729722744,0.1834862385321101,-0.7908811770306691,98,-0.8567488576544543,0.1326530612244898,-2.8857927278108204,False
HYPEUSD,5,higher_low_structure,232,-1.5929422605066144,0.1724137931034483,-0.7997586176638435,114,-0.7963717519972469,0.14035087719298245,-2.9058354493849072,False
HYPEUSD,3,higher_low_structure,289,-1.7004859104189112,0.19377162629757785,-0.8200197976179107,134,-0.8379478486098967,0.16417910447761194,-3.0901497763259775,False
HYPEUSD,3,ema_fast_bounce,312,-1.7890596730735244,0.1891025641025641,-0.8332365948726883,135,-0.8492858819785559,0.18518518518518517,-3.1887368748142944,False
DOGUSD,3,ema_fast_bounce,244,-1.8468024452378788,0.1762295081967213,-0.842670660023261,109,-0.8517266950829081,0.1926605504587156,-3.264143557431815,False
DOGUSD,5,ema_fast_bounce,235,-2.0106576356956403,0.11914893617021277,-0.867479195577388,103,-0.9380315354755252,0.07766990291262135,-3.591399200596937,False
HYPEUSD,1,higher_low_structure,506,-3.013739231503153,0.10474308300395258,-0.952030934378604,213,-1.2320962222922112,0.07511737089201878,-5.090953768638259,False
DOGUSD,3,breakout_asymmetric,4,-0.05227599999999988,0.0,-0.03869683588600758,0,0.0,0.0,-1569534494136.1824,False
COQUSD,1,bb_lower_bounce,2,-0.026137999999999884,0.0,-0.013068999999999872,2,-0.026137999999999884,0.0,-2354301741204.2554,False
